timestamp,amp_gain_01,amp_gain_02,amp_gain_03,amp_gain_04,amp_gain_05,amp_gain_06,amp_gain_07,amp_gain_08,amp_gain_09,amp_gain_10,amp_gain_11,amp_gain_12,amp_gain_13,amp_gain_14,amp_gain_15,amp_gain_16,amp_gain_17,amp_gain_18,amp_gain_19,target_gain_01,target_gain_02,target_gain_03,target_gain_04,target_gain_05,target_gain_06,target_gain_07,target_gain_08,target_gain_09,target_gain_10,target_gain_11,target_gain_12,target_gain_13,target_gain_14,target_gain_15,target_gain_16,target_gain_17,target_gain_18,target_gain_19,span_loss_01,span_loss_02,span_loss_03,span_loss_04,span_loss_05,span_loss_06,span_loss_07,span_loss_08,span_loss_09,span_loss_10,span_loss_11,span_loss_12,span_loss_13,span_loss_14,span_loss_15,span_loss_16,span_loss_17,span_loss_18,span_loss_19,target_span_loss_01,target_span_loss_02,target_span_loss_03,target_span_loss_04,target_span_loss_05,target_span_loss_06,target_span_loss_07,target_span_loss_08,target_span_loss_09,target_span_loss_10,target_span_loss_11,target_span_loss_12,target_span_loss_13,target_span_loss_14,target_span_loss_15,target_span_loss_16,target_span_loss_17,target_span_loss_18,target_span_loss_19,osnr_db
2026-01-01 00:00:00,19.482,21.21,20.416,16.59,17.109,20.968,15.046,20.912,20.394,18.379,17.136,16.872,17.024,18.207,18.388,18.883,22.038,20.526,19.437,19.376,21.28,20.43,16.576,17.101,21.115,15.037,20.749,20.579,18.276,17.121,16.949,16.784,18.116,18.532,18.874,21.969,20.549,19.355,21.558,11.083,9.972,16.478,8.757,8.409,15.102,14.204,20.945,16.868,15.121,15.008,11.22,8.022,10.719,17.817,10.8,12.985,7.975,21.845,11.014,10.243,16.576,8.615,8.5,15.208,14.527,20.84,16.809,15.198,14.956,11.465,8.165,10.694,17.688,10.808,13.174,8.052,24.21
2026-01-01 00:02:00,19.368,21.361,20.602,16.495,17.126,21.059,15.052,20.606,20.51,18.252,17.229,17.086,16.625,18.02,18.609,18.635,21.913,20.537,19.506,19.376,21.28,20.43,16.576,17.101,21.115,15.037,20.749,20.579,18.276,17.121,16.949,16.784,18.116,18.532,18.874,21.969,20.549,19.355,22.009,10.921,10.277,16.637,8.529,8.5,14.936,14.436,20.842,16.901,15.389,14.881,11.532,8.142,10.572,17.568,10.796,13.17,7.936,21.845,11.014,10.243,16.576,8.615,8.5,15.208,14.527,20.84,16.809,15.198,14.956,11.465,8.165,10.694,17.688,10.808,13.174,8.052,24.16
2026-01-01 00:04:00,19.458,21.241,20.386,16.546,17.284,21.064,15.0,20.791,20.565,18.252,16.988,16.948,16.731,18.255,18.61,18.872,22.049,20.508,19.482,19.376,21.28,20.43,16.576,17.101,21.115,15.037,20.749,20.579,18.276,17.121,16.949,16.784,18.116,18.532,18.874,21.969,20.549,19.355,22.253,11.006,10.338,16.531,9.029,8.161,15.151,14.55,21.014,16.797,15.044,15.187,11.56,8.122,10.651,17.646,10.827,12.912,8.067,21.845,11.014,10.243,16.576,8.615,8.5,15.208,14.527,20.84,16.809,15.198,14.956,11.465,8.165,10.694,17.688,10.808,13.174,8.052,24.49
2026-01-01 00:06:00,19.375,21.351,20.275,16.618,16.899,20.871,15.0,20.641,20.599,18.545,17.021,16.874,16.809,18.175,18.511,18.85,22.053,20.611,19.231,19.376,21.28,20.43,16.576,17.101,21.115,15.037,20.749,20.579,18.276,17.121,16.949,16.784,18.116,18.532,18.874,21.969,20.549,19.355,21.749,11.082,10.287,16.413,8.812,8.607,15.068,14.364,20.732,16.855,15.381,14.816,11.344,8.237,10.68,17.675,10.785,13.119,8.308,21.845,11.014,10.243,16.576,8.615,8.5,15.208,14.527,20.84,16.809,15.198,14.956,11.465,8.165,10.694,17.688,10.808,13.174,8.052,23.1
2026-01-01 00:08:00,,21.285,20.303,16.608,16.998,21.232,15.06,20.759,20.509,18.261,16.881,16.813,16.828,17.86,18.633,18.665,22.059,20.447,19.449,19.376,21.28,20.43,16.576,17.101,21.115,15.037,20.749,20.579,18.276,17.121,16.949,16.784,18.116,18.532,18.874,21.969,20.549,19.355,21.986,10.959,10.425,16.852,8.68,8.539,15.129,14.539,20.867,16.998,15.05,14.707,11.384,8.214,10.388,17.652,10.681,13.0,8.066,21.845,11.014,10.243,16.576,8.615,8.5,15.208,14.527,20.84,16.809,15.198,14.956,11.465,8.165,10.694,17.688,10.808,13.174,8.052,23.79
2026-01-01 00:10:00,19.391,21.096,20.58,16.749,17.093,21.082,15.018,20.632,20.711,18.21,17.115,16.854,16.709,17.962,18.683,18.856,22.084,20.55,19.272,19.376,21.28,20.43,16.576,17.101,21.115,15.037,20.749,20.579,18.276,17.121,16.949,16.784,18.116,18.532,18.874,21.969,20.549,19.355,22.012,10.805,10.27,16.544,8.705,8.494,15.108,14.652,20.898,16.649,14.892,14.843,11.488,8.273,10.601,17.623,10.531,13.097,8.061,21.845,11.014,10.243,16.576,8.615,8.5,15.208,14.527,20.84,16.809,15.198,14.956,11.465,8.165,10.694,17.688,10.808,13.174,8.052,23.78
2026-01-01 00:12:00,19.336,21.213,20.431,16.531,17.065,20.949,14.94,20.947,20.499,18.149,17.162,17.118,16.61,18.091,18.456,18.663,22.057,20.546,19.364,19.376,21.28,20.43,16.576,17.101,21.115,15.037,20.749,20.579,18.276,17.121,16.949,16.784,18.116,18.532,18.874,21.969,20.549,19.355,21.75,10.991,10.089,16.433,8.648,8.259,15.202,14.695,20.747,16.726,15.064,14.753,11.369,7.966,10.65,17.596,10.629,13.167,8.19,21.845,11.014,10.243,16.576,8.615,8.5,15.208,14.527,20.84,16.809,15.198,14.956,11.465,8.165,10.694,17.688,10.808,13.174,8.052,23.96
2026-01-01 00:14:00,17.552,21.335,19.515,16.559,16.968,20.969,15.197,20.688,20.614,18.271,17.068,16.888,16.86,18.079,18.514,18.877,22.11,20.63,19.401,19.376,21.28,20.43,16.576,17.101,21.115,15.037,20.749,20.579,18.276,17.121,16.949,16.784,18.116,18.532,18.874,21.969,20.549,19.355,23.827,10.961,12.382,16.408,8.566,8.585,15.308,14.714,20.603,17.028,15.241,15.173,11.452,8.334,10.676,17.517,10.842,,8.032,21.845,11.014,10.243,16.576,8.615,8.5,15.208,14.527,20.84,16.809,15.198,14.956,11.465,8.165,10.694,17.688,10.808,13.174,8.052,14.6
2026-01-01 00:16:00,19.308,21.115,20.544,16.692,17.084,21.18,15.131,20.848,20.69,18.221,17.303,16.799,16.887,18.175,18.637,19.1,22.147,20.411,19.153,19.376,21.28,20.43,16.576,17.101,21.115,15.037,20.749,20.579,18.276,17.121,16.949,16.784,18.116,18.532,18.874,21.969,20.549,19.355,21.909,11.115,10.325,16.705,8.37,8.657,15.07,14.526,20.765,16.623,15.314,14.791,11.368,8.367,10.344,17.424,10.936,13.098,8.154,21.845,11.014,10.243,16.576,8.615,8.5,15.208,14.527,20.84,16.809,15.198,14.956,11.465,8.165,10.694,17.688,10.808,13.174,8.052,23.83
2026-01-01 00:18:00,19.474,19.588,20.428,16.677,16.904,20.862,15.068,20.754,20.55,18.28,17.018,16.767,16.764,17.999,18.335,18.935,21.961,20.597,19.237,19.376,21.28,20.43,16.576,17.101,21.115,15.037,20.749,20.579,18.276,17.121,16.949,16.784,18.116,18.532,18.874,21.969,20.549,19.355,21.829,12.998,10.332,16.457,8.519,8.52,15.031,14.299,20.58,16.934,15.47,15.118,11.356,8.074,10.532,17.674,10.949,13.149,8.035,21.845,11.014,10.243,16.576,8.615,8.5,15.208,14.527,20.84,16.809,15.198,14.956,11.465,8.165,10.694,17.688,10.808,13.174,8.052,17.95
2026-01-01 00:20:00,19.297,21.161,20.323,16.6,17.007,,15.078,20.992,20.412,18.382,17.11,16.947,16.61,18.06,18.621,18.865,20.329,20.514,19.494,19.376,21.28,20.43,16.576,17.101,21.115,15.037,20.749,20.579,18.276,17.121,16.949,16.784,18.116,18.532,18.874,21.969,20.549,19.355,21.35,11.046,10.05,16.524,8.655,8.504,15.306,14.743,20.488,16.565,15.432,15.016,11.346,8.114,10.683,17.834,12.477,13.162,7.842,21.845,11.014,10.243,16.576,8.615,8.5,15.208,14.527,20.84,16.809,15.198,14.956,11.465,8.165,10.694,17.688,10.808,13.174,8.052,18.84
2026-01-01 00:22:00,19.373,21.016,20.347,16.34,16.711,21.051,15.197,20.754,20.439,18.163,17.257,16.968,16.79,18.109,18.536,18.971,22.035,20.575,19.23,19.376,21.28,20.43,16.576,17.101,21.115,15.037,20.749,20.579,18.276,17.121,16.949,16.784,18.116,18.532,18.874,21.969,20.549,19.355,22.054,11.072,10.162,16.365,8.602,8.621,15.544,14.804,20.775,16.738,15.043,15.017,11.344,8.243,10.734,17.743,10.655,13.339,8.015,21.845,11.014,10.243,16.576,8.615,8.5,15.208,14.527,20.84,16.809,15.198,14.956,11.465,8.165,10.694,17.688,10.808,13.174,8.052,23.71
2026-01-01 00:24:00,19.437,21.198,20.561,16.424,17.085,21.114,14.878,20.955,20.755,18.22,17.214,16.994,16.47,18.146,18.524,18.884,21.839,20.516,19.334,19.376,21.28,20.43,16.576,17.101,21.115,15.037,20.749,20.579,18.276,17.121,16.949,16.784,18.116,18.532,18.874,21.969,20.549,19.355,21.656,11.002,10.263,16.578,8.75,8.674,15.544,14.507,21.017,16.415,15.474,14.947,11.651,8.125,10.77,17.778,10.712,13.083,7.613,21.845,11.014,10.243,16.576,8.615,8.5,15.208,14.527,20.84,16.809,15.198,14.956,11.465,8.165,10.694,17.688,10.808,13.174,8.052,25.15
2026-01-01 00:26:00,19.518,21.321,20.429,16.76,17.035,21.068,14.819,20.937,20.695,18.386,17.201,16.962,16.81,18.085,18.507,18.881,22.15,20.615,19.348,19.376,21.28,20.43,16.576,17.101,21.115,15.037,20.749,20.579,18.276,17.121,16.949,16.784,18.116,18.532,18.874,21.969,20.549,19.355,21.924,10.986,10.204,16.755,8.663,8.53,14.919,14.546,20.792,16.952,15.119,14.768,11.426,8.439,10.558,17.878,10.779,12.864,8.142,21.845,11.014,10.243,16.576,8.615,8.5,15.208,14.527,20.84,16.809,15.198,14.956,11.465,8.165,10.694,17.688,10.808,13.174,8.052,24.56
2026-01-01 00:28:00,19.306,19.826,20.622,16.637,17.109,21.073,14.904,20.741,20.684,18.228,17.094,15.258,16.797,17.924,18.504,18.772,22.075,20.456,19.425,19.376,21.28,20.43,16.576,17.101,21.115,15.037,20.749,20.579,18.276,17.121,16.949,16.784,18.116,18.532,18.874,21.969,20.549,19.355,22.196,12.668,10.078,16.539,8.478,8.928,15.288,14.166,20.961,16.873,15.039,17.792,11.45,8.421,10.61,17.57,10.949,13.074,7.891,21.845,11.014,10.243,16.576,8.615,8.5,15.208,14.527,20.84,16.809,15.198,14.956,11.465,8.165,10.694,17.688,10.808,13.174,8.052,13.43
2026-01-01 00:30:00,19.559,21.243,20.358,16.599,17.101,20.996,15.092,20.99,20.549,18.251,16.996,16.987,16.634,17.983,18.685,18.766,22.098,20.732,19.386,19.376,21.28,20.43,16.576,17.101,21.115,15.037,20.749,20.579,18.276,17.121,16.949,16.784,18.116,18.532,18.874,21.969,20.549,19.355,21.821,11.134,10.261,16.515,8.828,8.705,14.963,14.348,20.697,16.772,15.219,14.94,11.472,8.229,10.496,17.355,10.849,13.357,8.078,21.845,11.014,10.243,16.576,8.615,8.5,15.208,14.527,20.84,16.809,15.198,14.956,11.465,8.165,10.694,17.688,10.808,13.174,8.052,24.86
2026-01-01 00:32:00,19.442,21.515,20.406,16.505,16.939,21.12,15.214,20.864,20.466,18.173,17.061,16.984,16.759,18.141,18.567,18.839,21.964,20.573,19.345,19.376,21.28,20.43,16.576,17.101,21.115,15.037,20.749,20.579,18.276,17.121,16.949,16.784,18.116,18.532,18.874,21.969,20.549,19.355,21.779,11.095,10.19,16.376,8.554,8.611,15.254,14.627,20.762,16.89,15.41,14.904,11.388,8.348,10.706,17.51,10.743,13.369,8.105,21.845,11.014,10.243,16.576,8.615,8.5,15.208,14.527,20.84,16.809,15.198,14.956,11.465,8.165,10.694,17.688,10.808,13.174,8.052,24.14
2026-01-01 00:34:00,19.436,21.505,20.501,16.583,16.899,19.318,13.145,20.58,20.027,18.36,17.103,16.744,16.74,18.034,18.608,19.145,21.995,20.455,19.215,19.376,21.28,20.43,16.576,17.101,21.115,15.037,20.749,20.579,18.276,17.121,16.949,16.784,18.116,18.532,18.874,21.969,20.549,19.355,22.124,11.108,10.28,16.732,8.522,10.914,16.237,14.488,22.478,16.738,15.027,14.821,11.542,8.209,10.705,17.796,10.674,13.111,8.296,21.845,11.014,10.243,16.576,8.615,8.5,15.208,14.527,20.84,16.809,15.198,14.956,11.465,8.165,10.694,17.688,10.808,13.174,8.052,11.33
2026-01-01 00:36:00,19.369,21.259,20.292,16.59,16.963,21.248,15.164,20.879,20.523,18.337,17.105,16.902,16.743,17.96,18.359,18.97,21.946,20.575,19.475,19.376,21.28,20.43,16.576,17.101,21.115,15.037,20.749,20.579,18.276,17.121,16.949,16.784,18.116,18.532,18.874,21.969,20.549,19.355,21.702,11.206,10.203,16.654,8.651,8.461,15.225,14.67,20.736,16.667,15.327,14.897,11.44,8.137,10.63,17.419,10.794,13.104,7.851,21.845,11.014,10.243,16.576,8.615,8.5,15.208,14.527,20.84,16.809,15.198,14.956,11.465,8.165,10.694,17.688,10.808,13.174,8.052,24.4
2026-01-01 00:38:00,19.168,21.186,20.451,16.624,17.056,21.238,15.062,20.603,20.468,18.372,17.177,15.586,16.946,18.187,18.693,18.828,21.933,20.413,19.66,19.376,21.28,20.43,16.576,17.101,21.115,15.037,20.749,20.579,18.276,17.121,16.949,16.784,18.116,18.532,18.874,21.969,20.549,19.355,21.762,11.05,10.502,16.495,8.816,8.432,15.278,14.489,20.953,16.83,15.14,17.347,11.613,7.941,10.604,17.953,10.845,13.187,8.072,21.845,11.014,10.243,16.576,8.615,8.5,15.208,14.527,20.84,16.809,15.198,14.956,11.465,8.165,10.694,17.688,10.808,13.174,8.052,18.58
2026-01-01 00:40:00,19.355,21.471,20.352,16.596,16.901,21.069,15.155,20.598,20.708,18.316,16.996,16.889,16.729,18.11,18.468,18.775,21.932,20.425,19.201,19.376,21.28,20.43,16.576,17.101,21.115,15.037,20.749,20.579,18.276,17.121,16.949,16.784,18.116,18.532,18.874,21.969,20.549,19.355,21.883,10.964,10.295,16.552,8.567,8.571,15.304,14.581,20.983,17.089,15.455,14.973,11.304,8.338,10.713,17.806,10.758,13.303,7.889,21.845,11.014,10.243,16.576,8.615,8.5,15.208,14.527,20.84,16.809,15.198,14.956,11.465,8.165,10.694,17.688,10.808,13.174,8.052,23.48
2026-01-01 00:42:00,19.37,21.386,20.246,16.577,17.023,20.998,15.139,20.686,18.275,18.182,16.475,16.922,16.694,18.186,18.513,18.947,21.963,20.418,17.434,19.376,21.28,20.43,16.576,17.101,21.115,15.037,20.749,20.579,18.276,17.121,16.949,16.784,18.116,18.532,18.874,21.969,20.549,19.355,21.874,10.817,10.547,16.541,8.307,8.693,15.357,14.735,22.458,16.87,16.958,14.934,11.528,8.138,10.653,17.898,10.699,13.185,9.01,21.845,11.014,10.243,16.576,8.615,8.5,15.208,14.527,20.84,16.809,15.198,14.956,11.465,8.165,10.694,17.688,10.808,13.174,8.052,11.65
2026-01-01 00:44:00,19.382,21.396,20.321,16.572,16.895,21.193,14.907,20.532,20.572,18.408,16.938,16.818,16.695,17.98,18.577,18.778,21.882,20.619,19.265,19.376,21.28,20.43,16.576,17.101,21.115,15.037,20.749,20.579,18.276,17.121,16.949,16.784,18.116,18.532,18.874,21.969,20.549,19.355,21.858,11.145,9.956,16.751,8.446,8.474,15.164,14.603,20.819,16.753,15.306,15.268,11.382,8.074,10.614,17.514,10.635,13.109,8.163,21.845,11.014,10.243,16.576,8.615,8.5,15.208,14.527,20.84,16.809,15.198,14.956,11.465,8.165,10.694,17.688,10.808,13.174,8.052,24.1
2026-01-01 00:46:00,19.428,21.164,20.284,16.356,17.325,21.076,15.066,20.745,20.599,18.282,17.35,16.824,16.597,17.994,18.372,18.964,22.067,20.433,19.188,19.376,21.28,20.43,16.576,17.101,21.115,15.037,20.749,20.579,18.276,17.121,16.949,16.784,18.116,18.532,18.874,21.969,20.549,19.355,21.776,10.898,10.232,16.464,9.02,8.732,15.218,14.282,20.762,16.679,15.072,14.64,11.392,8.081,10.598,17.502,10.866,13.051,7.723,21.845,11.014,10.243,16.576,8.615,8.5,15.208,14.527,20.84,16.809,15.198,14.956,11.465,8.165,10.694,17.688,10.808,13.174,8.052,23.98
2026-01-01 00:48:00,19.333,21.447,20.091,16.64,16.972,21.24,14.908,20.714,20.399,18.158,17.288,17.047,16.736,18.011,18.305,18.827,21.965,20.539,19.344,19.376,21.28,20.43,16.576,17.101,21.115,15.037,20.749,20.579,18.276,17.121,16.949,16.784,18.116,18.532,18.874,21.969,20.549,19.355,21.697,11.135,10.422,16.411,8.593,8.584,15.346,14.46,20.885,16.747,14.933,15.093,11.457,8.228,10.664,17.56,10.737,13.224,7.866,21.845,11.014,10.243,16.576,8.615,8.5,15.208,14.527,20.84,16.809,15.198,14.956,11.465,8.165,10.694,17.688,10.808,13.174,8.052,24.45
2026-01-01 00:50:00,19.241,21.273,20.425,16.731,17.325,21.098,14.945,20.741,20.507,18.186,17.114,16.824,16.857,18.103,18.562,18.853,21.881,20.435,19.327,19.376,21.28,20.43,16.576,17.101,21.115,15.037,20.749,20.579,18.276,17.121,16.949,16.784,18.116,18.532,18.874,21.969,20.549,19.355,22.073,11.351,9.909,16.712,8.552,8.59,15.237,14.501,20.974,16.824,15.417,15.006,11.255,8.143,10.696,17.606,10.631,13.464,8.044,21.845,11.014,10.243,16.576,8.615,8.5,15.208,14.527,20.84,16.809,15.198,14.956,11.465,8.165,10.694,17.688,10.808,13.174,8.052,24.26
2026-01-01 00:52:00,19.31,21.309,20.429,16.413,17.109,20.954,14.963,20.713,20.33,18.287,17.139,16.93,16.733,18.071,18.415,18.842,21.902,20.56,19.211,19.376,21.28,20.43,16.576,17.101,21.115,15.037,20.749,20.579,18.276,17.121,16.949,16.784,18.116,18.532,18.874,21.969,20.549,19.355,21.843,10.778,10.327,16.561,8.779,8.751,15.117,14.424,21.014,16.971,15.247,15.066,11.423,8.165,10.697,17.379,10.92,13.292,7.92,21.845,11.014,10.243,16.576,8.615,8.5,15.208,14.527,20.84,16.809,15.198,14.956,11.465,8.165,10.694,17.688,10.808,13.174,8.052,24.66
2026-01-01 00:54:00,19.404,21.298,20.413,16.524,17.167,20.915,15.092,20.778,20.613,18.322,17.043,16.918,16.861,18.167,18.557,18.693,22.033,20.689,19.476,19.376,21.28,20.43,16.576,17.101,21.115,15.037,20.749,20.579,18.276,17.121,16.949,16.784,18.116,18.532,18.874,21.969,20.549,19.355,21.769,11.062,10.352,16.581,8.552,8.565,15.23,14.385,20.797,16.759,15.299,14.767,11.351,8.112,10.701,18.039,10.786,13.331,8.17,21.845,11.014,10.243,16.576,8.615,8.5,15.208,14.527,20.84,16.809,15.198,14.956,11.465,8.165,10.694,17.688,10.808,13.174,8.052,23.73
2026-01-01 00:56:00,19.404,21.094,20.543,16.559,16.797,21.16,14.858,20.593,20.503,18.428,17.077,16.981,14.834,18.307,17.311,17.127,21.817,20.465,19.406,19.376,21.28,20.43,16.576,17.101,21.115,15.037,20.749,20.579,18.276,17.121,16.949,16.784,18.116,18.532,18.874,21.969,20.549,19.355,22.038,11.271,10.331,16.438,8.567,8.723,15.527,14.718,21.196,16.914,15.079,14.975,13.247,8.304,12.058,20.32,10.985,13.095,8.097,21.845,11.014,10.243,16.576,8.615,8.5,15.208,14.527,20.84,16.809,15.198,14.956,11.465,8.165,10.694,17.688,10.808,13.174,8.052,7.13
2026-01-01 00:58:00,19.423,21.294,20.549,14.688,17.094,21.203,15.107,20.877,20.627,18.238,17.165,16.829,16.587,16.48,18.525,18.911,21.765,20.505,19.283,19.376,21.28,20.43,16.576,17.101,21.115,15.037,20.749,20.579,18.276,17.121,16.949,16.784,18.116,18.532,18.874,21.969,20.549,19.355,21.945,11.121,10.323,17.761,8.6,8.641,15.145,14.358,20.47,16.815,15.069,14.96,11.311,9.389,10.642,17.831,10.682,13.001,8.071,21.845,11.014,10.243,16.576,8.615,8.5,15.208,14.527,20.84,16.809,15.198,14.956,11.465,8.165,10.694,17.688,10.808,13.174,8.052,14.65
2026-01-01 01:00:00,19.272,21.01,20.39,16.684,17.147,21.043,15.035,20.839,20.248,18.261,17.186,17.031,16.988,18.252,18.569,18.911,22.063,20.484,19.35,19.376,21.28,20.43,16.576,17.101,21.115,15.037,20.749,20.579,18.276,17.121,16.949,16.784,18.116,18.532,18.874,21.969,20.549,19.355,21.969,10.882,10.32,16.58,8.691,8.228,15.224,14.491,20.873,16.711,15.182,14.636,11.464,8.367,10.724,17.7,10.86,13.383,7.953,21.845,11.014,10.243,16.576,8.615,8.5,15.208,14.527,20.84,16.809,15.198,14.956,11.465,8.165,10.694,17.688,10.808,13.174,8.052,23.99
2026-01-01 01:02:00,19.484,21.515,20.411,16.571,17.125,21.276,15.033,20.925,18.708,18.253,17.097,15.401,16.91,17.934,18.422,18.915,21.889,20.366,19.48,19.376,21.28,20.43,16.576,17.101,21.115,15.037,20.749,20.579,18.276,17.121,16.949,16.784,18.116,18.532,18.874,21.969,20.549,19.355,21.63,10.852,10.145,16.59,8.737,8.392,15.059,14.659,22.493,16.696,15.31,16.266,11.393,8.146,10.567,17.437,10.599,13.061,8.096,21.845,11.014,10.243,16.576,,8.5,15.208,14.527,20.84,16.809,15.198,14.956,11.465,8.165,10.694,17.688,10.808,13.174,8.052,15.31
2026-01-01 01:04:00,19.435,21.34,20.373,16.7,17.072,21.246,14.927,19.862,18.421,18.191,17.202,16.98,16.673,18.124,18.49,18.984,21.893,20.496,18.332,19.376,21.28,20.43,16.576,17.101,21.115,15.037,20.749,20.579,18.276,17.121,16.949,16.784,18.116,18.532,18.874,21.969,20.549,19.355,21.903,11.141,10.125,16.57,8.4,8.353,15.359,16.858,23.432,16.909,15.126,14.851,11.156,8.358,10.84,18.221,11.115,13.222,8.892,21.845,11.014,10.243,16.576,8.615,8.5,15.208,14.527,20.84,16.809,15.198,14.956,11.465,8.165,10.694,17.688,10.808,13.174,8.052,10.51
2026-01-01 01:06:00,19.644,21.52,20.437,16.603,17.285,21.1,14.92,20.763,20.634,18.176,16.924,16.777,16.864,18.025,18.515,18.9,22.043,20.508,19.415,19.376,21.28,20.43,16.576,17.101,21.115,15.037,20.749,20.579,18.276,17.121,16.949,16.784,18.116,18.532,18.874,21.969,20.549,19.355,21.581,10.956,10.237,16.355,8.717,8.643,15.061,14.488,20.629,16.959,15.063,14.785,11.17,8.01,10.433,17.845,10.901,12.988,7.917,21.845,11.014,10.243,16.576,8.615,8.5,15.208,14.527,20.84,16.809,15.198,14.956,11.465,8.165,10.694,17.688,10.808,13.174,8.052,23.72
2026-01-01 01:08:00,19.269,21.237,20.307,16.712,17.098,21.026,13.236,20.722,20.664,18.084,16.997,16.904,17.088,18.23,18.518,18.96,22.215,19.821,17.186,19.376,21.28,20.43,16.576,17.101,21.115,15.037,20.749,20.579,18.276,17.121,16.949,16.784,18.116,18.532,18.874,21.969,20.549,19.355,21.832,11.029,10.082,16.775,8.708,8.799,17.464,14.288,20.946,16.84,15.153,14.781,11.539,8.086,10.895,17.852,10.944,15.266,9.752,21.845,11.014,10.243,16.576,8.615,8.5,15.208,14.527,20.84,16.809,15.198,14.956,11.465,8.165,10.694,17.688,10.808,13.174,8.052,7.4
2026-01-01 01:10:00,19.521,21.34,20.51,16.515,17.332,21.32,15.105,20.831,20.336,18.352,17.098,17.001,16.866,18.075,18.329,18.919,21.88,20.509,19.283,19.376,21.28,20.43,16.576,17.101,21.115,15.037,20.749,20.579,18.276,17.121,16.949,16.784,18.116,18.532,18.874,21.969,20.549,19.355,22.108,11.289,10.429,16.746,8.499,8.719,15.49,14.59,20.917,16.786,15.225,14.909,11.536,8.138,10.464,17.594,10.869,13.204,8.271,21.845,11.014,10.243,16.576,8.615,8.5,15.208,14.527,20.84,16.809,15.198,14.956,11.465,8.165,10.694,17.688,10.808,13.174,8.052,23.56
2026-01-01 01:12:00,19.335,21.003,20.576,16.607,17.235,21.352,13.992,20.532,20.472,18.131,17.061,14.783,16.544,18.157,18.351,18.91,21.955,20.511,17.821,19.376,21.28,20.43,16.576,17.101,21.115,15.037,20.749,20.579,18.276,17.121,16.949,16.784,18.116,18.532,18.874,21.969,20.549,19.355,21.99,11.209,10.235,16.736,8.508,8.397,16.202,14.562,20.72,16.952,15.416,16.611,11.662,8.304,10.832,17.566,10.526,13.121,9.9,21.845,11.014,10.243,16.576,8.615,8.5,15.208,14.527,20.84,16.809,15.198,14.956,11.465,8.165,10.694,17.688,10.808,13.174,8.052,10.55
2026-01-01 01:14:00,19.311,20.543,20.228,16.573,16.286,21.353,15.195,20.833,20.498,18.449,17.114,16.941,16.749,18.127,18.48,18.864,21.838,19.272,19.629,19.376,21.28,20.43,16.576,17.101,21.115,15.037,20.749,20.579,18.276,17.121,16.949,16.784,18.116,18.532,18.874,21.969,20.549,19.355,21.76,11.873,10.259,16.466,10.62,8.363,15.168,14.75,20.683,16.544,15.409,15.071,11.458,8.102,10.738,17.631,10.952,15.892,7.955,21.845,11.014,10.243,16.576,8.615,8.5,15.208,14.527,20.84,16.809,15.198,14.956,11.465,8.165,10.694,17.688,10.808,13.174,8.052,11.54
2026-01-01 01:16:00,19.367,21.252,20.494,16.661,16.968,19.923,15.147,20.781,20.594,18.462,17.04,16.959,16.722,16.621,18.298,18.794,21.905,20.628,19.428,19.376,21.28,20.43,16.576,17.101,21.115,15.037,20.749,20.579,18.276,17.121,16.949,16.784,18.116,18.532,18.874,21.969,20.549,19.355,21.927,10.891,10.324,16.395,8.531,9.633,15.1,14.673,20.824,16.838,14.899,15.039,11.476,9.524,10.729,17.736,10.698,13.006,7.837,21.845,11.014,10.243,16.576,8.615,8.5,15.208,14.527,20.84,16.809,15.198,14.956,11.465,8.165,10.694,17.688,10.808,13.174,8.052,16.46
2026-01-01 01:18:00,19.543,21.092,20.52,16.541,17.021,21.18,14.926,20.499,20.535,18.096,17.043,16.994,16.822,18.306,18.508,18.69,21.878,20.438,19.209,19.376,21.28,20.43,16.576,17.101,21.115,15.037,20.749,20.579,18.276,17.121,16.949,16.784,18.116,18.532,18.874,21.969,20.549,19.355,21.847,11.016,10.208,16.877,8.609,8.52,14.966,14.57,20.977,16.672,15.51,14.868,11.484,8.106,10.632,17.252,10.935,12.84,8.236,21.845,11.014,10.243,16.576,8.615,8.5,15.208,14.527,20.84,16.809,15.198,14.956,11.465,8.165,10.694,17.688,10.808,13.174,8.052,23.69
2026-01-01 01:20:00,19.428,21.203,20.193,16.66,17.088,21.158,13.899,20.824,20.584,18.424,17.172,16.996,16.833,17.941,18.512,18.843,21.993,20.386,19.551,19.376,21.28,20.43,16.576,17.101,21.115,15.037,20.749,20.579,18.276,17.121,16.949,16.784,18.116,18.532,18.874,21.969,20.549,19.355,21.675,10.931,10.618,16.426,8.578,8.307,17.364,14.585,21.073,16.411,15.183,15.042,11.596,8.045,10.703,17.967,10.861,13.489,7.867,21.845,11.014,10.243,16.576,8.615,8.5,15.208,14.527,20.84,16.809,15.198,14.956,11.465,8.165,10.694,17.688,10.808,13.174,8.052,18.5
2026-01-01 01:22:00,19.388,21.135,20.225,14.796,17.09,21.029,15.048,20.672,20.646,18.189,16.237,16.395,17.093,17.995,18.476,18.774,22.063,20.411,19.297,19.376,21.28,20.43,16.576,17.101,21.115,15.037,20.749,20.579,18.276,17.121,16.949,16.784,18.116,18.532,18.874,21.969,20.549,19.355,21.735,11.016,10.085,18.178,8.443,8.547,14.979,14.395,20.875,16.896,17.115,16.254,11.546,8.011,10.751,17.881,10.903,12.941,8.236,21.845,11.014,10.243,16.576,8.615,8.5,15.208,14.527,20.84,16.809,15.198,14.956,11.465,8.165,10.694,17.688,10.808,13.174,8.052,11.07
2026-01-01 01:24:00,19.372,21.163,20.315,16.519,16.849,20.941,14.987,20.766,20.557,18.063,17.066,17.045,16.851,18.106,18.425,18.95,21.899,20.408,19.259,19.376,21.28,20.43,16.576,17.101,21.115,15.037,20.749,20.579,18.276,17.121,16.949,16.784,18.116,18.532,18.874,21.969,20.549,19.355,22.011,10.922,10.176,16.788,8.661,8.562,15.371,14.606,21.264,17.017,15.22,14.974,11.42,8.348,10.514,17.823,10.72,12.895,8.201,21.845,11.014,10.243,16.576,8.615,8.5,15.208,14.527,20.84,16.809,15.198,14.956,11.465,8.165,10.694,17.688,10.808,13.174,8.052,24.15
2026-01-01 01:26:00,19.549,21.307,20.569,16.519,17.214,20.08,12.534,21.047,20.672,18.215,15.61,16.988,16.929,18.057,18.323,18.841,21.97,20.562,19.513,19.376,21.28,20.43,16.576,17.101,21.115,15.037,20.749,20.579,18.276,17.121,16.949,16.784,18.116,18.532,18.874,21.969,20.549,19.355,21.911,11.058,10.197,16.573,8.52,10.48,16.895,14.521,20.844,16.854,17.641,14.993,11.399,8.132,10.739,17.669,10.753,13.362,8.119,21.845,11.014,10.243,16.576,8.615,8.5,15.208,14.527,20.84,16.809,15.198,14.956,11.465,8.165,10.694,17.688,10.808,13.174,8.052,7.84
2026-01-01 01:28:00,19.414,21.378,20.298,16.681,17.353,21.208,15.067,20.767,20.794,18.164,17.108,17.004,16.873,18.063,18.569,18.841,21.983,20.533,19.218,19.376,21.28,20.43,16.576,17.101,21.115,15.037,20.749,20.579,18.276,17.121,16.949,16.784,18.116,18.532,18.874,21.969,20.549,19.355,21.987,10.884,10.373,16.583,8.581,8.401,15.116,14.46,20.862,16.801,15.505,15.033,11.507,8.156,10.578,17.571,10.867,12.949,8.302,21.845,11.014,10.243,16.576,8.615,8.5,15.208,14.527,20.84,16.809,15.198,14.956,11.465,8.165,10.694,17.688,10.808,13.174,8.052,24.78
2026-01-01 01:30:00,19.373,21.386,20.314,16.548,17.181,20.986,,20.621,20.716,18.553,17.364,16.923,16.873,18.13,18.544,19.06,21.81,20.675,19.349,19.376,21.28,20.43,16.576,17.101,21.115,15.037,20.749,20.579,18.276,17.121,16.949,16.784,18.116,18.532,18.874,21.969,20.549,19.355,22.087,10.796,10.431,16.747,8.791,8.607,15.462,14.411,20.777,16.906,15.211,14.746,11.594,8.326,10.667,17.752,10.958,12.861,7.974,21.845,11.014,10.243,16.576,8.615,8.5,15.208,14.527,20.84,16.809,15.198,14.956,11.465,8.165,10.694,17.688,10.808,13.174,8.052,24.51
2026-01-01 01:32:00,19.545,21.303,20.349,16.61,17.189,21.119,15.095,20.686,20.323,18.384,17.205,16.967,16.792,18.24,18.477,18.79,21.946,20.691,19.189,19.376,21.28,20.43,16.576,17.101,21.115,15.037,20.749,20.579,18.276,17.121,16.949,16.784,18.116,18.532,18.874,21.969,20.549,19.355,21.72,10.998,10.062,16.39,8.654,8.781,15.028,14.775,20.991,16.966,15.402,14.899,11.641,7.944,10.58,17.745,10.931,12.972,7.772,21.845,11.014,10.243,16.576,8.615,8.5,15.208,14.527,20.84,16.809,15.198,14.956,11.465,8.165,10.694,17.688,10.808,13.174,8.052,24.51
2026-01-01 01:34:00,19.519,21.204,20.298,16.728,17.09,20.959,14.994,20.86,20.723,18.224,17.17,17.035,16.707,18.158,18.528,18.81,21.909,20.557,19.359,19.376,21.28,20.43,16.576,17.101,21.115,15.037,20.749,20.579,18.276,17.121,16.949,16.784,18.116,18.532,18.874,21.969,20.549,19.355,21.914,11.065,10.354,16.571,8.425,8.676,15.332,14.559,21.175,16.852,15.432,14.942,11.034,7.997,10.286,17.66,10.992,12.923,8.168,21.845,11.014,10.243,16.576,8.615,8.5,15.208,14.527,20.84,16.809,15.198,14.956,11.465,8.165,10.694,17.688,10.808,13.174,8.052,23.78
2026-01-01 01:36:00,19.308,21.229,20.563,16.602,17.207,21.259,15.108,21.021,20.48,18.373,17.083,17.172,16.988,17.881,18.416,18.954,22.063,20.637,19.347,19.376,21.28,20.43,16.576,17.101,21.115,15.037,20.749,20.579,18.276,17.121,16.949,16.784,18.116,18.532,18.874,21.969,20.549,19.355,21.81,11.158,10.306,16.432,8.709,8.501,15.351,14.827,20.818,17.064,15.191,15.056,11.501,8.072,10.721,17.629,10.902,13.022,7.915,21.845,11.014,10.243,16.576,8.615,8.5,15.208,14.527,20.84,16.809,15.198,14.956,11.465,8.165,10.694,17.688,10.808,13.174,8.052,24.24
2026-01-01 01:38:00,19.43,21.359,20.42,16.7,16.83,21.191,14.913,20.864,20.552,18.169,17.166,16.84,16.675,17.927,18.529,18.934,22.091,20.532,19.481,19.376,21.28,20.43,16.576,17.101,21.115,15.037,20.749,20.579,18.276,17.121,16.949,16.784,18.116,18.532,18.874,21.969,20.549,19.355,21.985,11.103,10.337,16.669,8.781,8.58,15.356,,20.927,16.707,15.02,14.931,11.572,8.177,10.971,17.8,10.882,13.2,7.859,21.845,11.014,10.243,16.576,8.615,8.5,15.208,14.527,20.84,16.809,15.198,14.956,11.465,8.165,10.694,17.688,10.808,13.174,8.052,24.91
2026-01-01 01:40:00,19.378,21.269,20.499,16.703,17.06,21.086,15.018,20.759,20.471,18.399,17.073,17.004,,18.159,18.579,18.824,22.211,20.593,19.568,19.376,21.28,20.43,16.576,17.101,21.115,15.037,20.749,20.579,18.276,17.121,16.949,16.784,18.116,18.532,18.874,21.969,20.549,19.355,21.863,11.027,10.516,16.466,8.606,8.4,15.24,14.276,20.894,16.821,15.234,15.362,11.462,8.248,10.7,17.862,11.156,13.439,8.112,21.845,11.014,10.243,16.576,8.615,8.5,15.208,14.527,20.84,16.809,15.198,14.956,11.465,8.165,10.694,17.688,10.808,13.174,8.052,24.14
2026-01-01 01:42:00,19.491,21.201,20.384,16.629,17.109,21.121,15.003,20.532,20.552,17.159,17.166,16.862,16.698,18.089,18.565,18.703,21.759,20.421,19.11,19.376,21.28,20.43,16.576,17.101,21.115,15.037,20.749,20.579,18.276,17.121,16.949,16.784,18.116,18.532,18.874,21.969,20.549,19.355,21.663,11.089,10.003,16.452,8.535,8.341,15.218,14.481,20.738,18.265,15.096,15.159,11.57,8.108,10.769,17.594,10.722,13.337,7.819,21.845,11.014,10.243,16.576,8.615,8.5,15.208,14.527,20.84,16.809,15.198,14.956,11.465,8.165,10.694,,10.808,13.174,8.052,21.18
2026-01-01 01:44:00,19.26,21.471,20.303,16.655,16.937,21.151,14.998,20.741,20.648,18.486,17.145,16.964,16.667,18.186,18.502,18.974,21.963,20.758,19.117,19.376,21.28,20.43,16.576,17.101,21.115,15.037,20.749,20.579,18.276,17.121,16.949,16.784,18.116,18.532,18.874,21.969,20.549,19.355,21.924,11.313,9.915,16.947,8.331,8.167,14.896,14.358,20.757,16.527,15.174,15.086,,8.189,10.794,17.958,10.801,13.289,8.136,21.845,11.014,10.243,16.576,8.615,8.5,15.208,14.527,20.84,16.809,15.198,14.956,11.465,8.165,10.694,17.688,10.808,13.174,8.052,24.26
2026-01-01 01:46:00,19.34,21.386,20.388,16.481,17.069,20.949,15.051,21.041,20.717,18.142,17.016,16.9,16.905,18.017,18.449,18.981,22.072,20.504,19.221,19.376,21.28,20.43,16.576,17.101,21.115,15.037,20.749,20.579,18.276,17.121,16.949,16.784,18.116,18.532,18.874,21.969,20.549,19.355,21.859,10.968,10.304,16.687,8.42,8.448,15.266,14.578,20.897,17.064,15.364,14.77,11.712,8.063,10.572,17.859,10.764,12.921,8.152,21.845,11.014,10.243,16.576,8.615,8.5,15.208,14.527,20.84,16.809,15.198,14.956,11.465,8.165,10.694,17.688,10.808,13.174,8.052,24.94
2026-01-01 01:48:00,19.19,21.197,18.932,16.666,17.026,19.77,15.261,20.889,20.441,18.38,17.26,16.859,16.67,18.102,18.34,19.051,21.68,18.863,19.323,19.376,21.28,20.43,16.576,17.101,21.115,15.037,20.749,20.579,18.276,17.121,16.949,16.784,18.116,18.532,18.874,21.969,20.549,19.355,21.919,11.102,13.033,16.703,8.525,9.962,15.023,14.384,20.544,16.694,15.365,14.997,11.383,8.379,10.73,17.811,10.864,16.001,8.077,21.845,11.014,10.243,16.576,8.615,8.5,15.208,14.527,20.84,16.809,15.198,14.956,11.465,,10.694,17.688,10.808,13.174,8.052,7.0
2026-01-01 01:50:00,19.348,21.3,20.462,16.551,17.238,20.858,15.037,20.663,20.595,18.302,17.012,16.872,16.879,18.157,18.45,19.119,22.246,20.373,19.391,19.376,21.28,20.43,16.576,17.101,21.115,15.037,20.749,20.579,18.276,17.121,16.949,16.784,18.116,18.532,18.874,21.969,20.549,19.355,21.916,11.192,10.339,16.715,8.449,8.215,15.261,14.554,20.911,16.658,15.223,14.797,11.481,8.157,10.67,17.739,10.735,13.173,8.162,21.845,11.014,10.243,16.576,8.615,8.5,15.208,14.527,20.84,16.809,15.198,14.956,11.465,8.165,10.694,17.688,10.808,13.174,8.052,22.72
2026-01-01 01:52:00,19.677,21.375,20.456,16.551,17.036,21.089,14.971,20.838,20.532,18.223,16.977,16.943,16.677,18.094,18.657,18.918,22.029,20.591,19.362,19.376,21.28,20.43,16.576,17.101,21.115,15.037,20.749,20.579,18.276,17.121,16.949,16.784,18.116,18.532,18.874,21.969,20.549,19.355,22.08,11.08,10.371,16.668,8.874,8.823,15.114,14.636,20.889,17.055,14.826,14.86,11.202,8.379,10.739,17.793,10.875,13.22,8.119,21.845,11.014,10.243,16.576,8.615,8.5,15.208,14.527,20.84,16.809,15.198,14.956,11.465,8.165,10.694,17.688,10.808,13.174,8.052,24.28
2026-01-01 01:54:00,19.36,21.244,20.521,16.446,17.262,21.119,14.947,20.69,20.498,18.295,17.035,17.086,16.69,17.843,18.444,18.633,21.964,20.676,19.433,19.376,21.28,20.43,16.576,17.101,21.115,15.037,20.749,20.579,18.276,17.121,16.949,16.784,18.116,18.532,18.874,21.969,20.549,19.355,21.785,10.705,10.296,16.569,8.532,8.41,15.412,14.416,20.681,16.914,15.425,14.761,11.316,8.007,10.755,17.777,11.027,13.168,8.017,21.845,11.014,10.243,16.576,8.615,8.5,15.208,14.527,20.84,16.809,15.198,14.956,11.465,8.165,10.694,17.688,10.808,13.174,8.052,23.82
2026-01-01 01:56:00,19.215,21.189,20.643,16.615,14.868,20.307,15.331,20.904,20.596,18.318,17.195,16.875,,18.122,18.418,18.867,20.031,20.83,19.253,19.376,21.28,20.43,16.576,17.101,21.115,15.037,20.749,20.579,18.276,17.121,16.949,16.784,18.116,18.532,18.874,21.969,20.549,19.355,21.756,11.19,10.154,16.451,11.303,10.49,15.272,14.433,21.11,17.105,15.027,14.98,11.313,8.124,10.507,17.647,13.031,13.201,7.848,21.845,11.014,10.243,16.576,8.615,8.5,15.208,14.527,20.84,16.809,15.198,14.956,11.465,8.165,10.694,17.688,10.808,13.174,8.052,5.61
2026-01-01 01:58:00,19.361,21.261,20.482,16.702,17.042,21.016,14.84,20.637,20.644,18.281,16.999,15.705,16.788,18.176,18.461,18.844,21.75,19.515,19.549,19.376,21.28,20.43,16.576,17.101,21.115,15.037,20.749,20.579,18.276,17.121,16.949,16.784,18.116,18.532,18.874,21.969,20.549,19.355,21.54,10.732,10.431,16.549,8.628,8.724,15.057,14.592,20.738,16.839,14.911,16.152,11.455,8.183,10.475,17.652,10.945,14.379,8.185,21.845,11.014,10.243,16.576,8.615,8.5,15.208,14.527,20.84,16.809,15.198,14.956,11.465,8.165,10.694,17.688,10.808,13.174,8.052,17.06
2026-01-01 02:00:00,19.113,21.24,20.456,16.532,17.004,21.108,15.036,20.739,20.354,18.258,17.019,16.883,16.811,18.192,18.639,18.815,22.079,20.689,19.492,19.376,21.28,20.43,16.576,17.101,21.115,15.037,20.749,20.579,18.276,17.121,16.949,16.784,18.116,18.532,18.874,21.969,20.549,19.355,21.948,11.053,10.188,16.588,8.473,8.602,15.259,14.71,21.187,16.94,15.286,14.987,11.597,8.378,10.652,17.495,10.601,13.327,8.125,21.845,11.014,10.243,16.576,8.615,8.5,15.208,14.527,20.84,16.809,15.198,14.956,11.465,8.165,10.694,17.688,10.808,13.174,8.052,23.6
2026-01-01 02:02:00,19.542,21.263,20.409,16.675,16.937,21.14,14.973,20.704,20.371,18.169,17.119,17.056,16.903,18.106,18.509,18.775,22.017,20.519,19.428,19.376,21.28,20.43,16.576,17.101,21.115,15.037,20.749,20.579,18.276,17.121,16.949,16.784,18.116,18.532,18.874,21.969,20.549,19.355,21.929,10.758,10.158,16.338,8.441,8.413,15.104,14.771,20.646,16.715,15.083,14.968,11.578,8.043,10.438,17.624,10.87,13.007,8.202,21.845,11.014,10.243,16.576,8.615,8.5,15.208,14.527,20.84,16.809,15.198,14.956,11.465,8.165,10.694,17.688,10.808,13.174,8.052,24.2
2026-01-01 02:04:00,19.586,21.277,20.25,16.473,16.926,20.971,15.193,18.741,20.397,16.507,17.272,16.906,16.703,18.075,18.566,18.951,22.11,20.694,19.498,19.376,21.28,20.43,16.576,17.101,21.115,15.037,20.749,20.579,18.276,17.121,16.949,16.784,18.116,18.532,18.874,21.969,20.549,19.355,21.69,10.916,10.174,16.87,8.736,8.555,15.054,15.226,20.734,18.391,15.398,14.979,11.357,7.895,10.624,17.769,10.895,13.234,7.945,21.845,11.014,10.243,16.576,8.615,8.5,15.208,14.527,20.84,16.809,15.198,14.956,11.465,8.165,10.694,17.688,10.808,13.174,8.052,15.72
2026-01-01 02:06:00,19.539,21.36,20.246,16.561,17.139,21.069,15.146,20.705,20.468,18.449,17.201,16.975,16.895,18.243,18.573,18.58,21.887,20.494,19.237,19.376,21.28,20.43,16.576,17.101,21.115,15.037,20.749,20.579,18.276,17.121,16.949,16.784,18.116,18.532,18.874,21.969,20.549,19.355,21.924,10.99,10.378,16.615,8.734,8.551,15.137,14.708,20.682,16.913,15.131,14.901,11.508,8.086,10.538,17.547,10.637,13.178,8.101,21.845,11.014,10.243,16.576,8.615,8.5,15.208,14.527,20.84,16.809,15.198,14.956,11.465,8.165,10.694,17.688,10.808,13.174,8.052,23.51
2026-01-01 02:08:00,19.4,21.424,20.372,16.44,17.345,21.061,14.889,20.777,20.631,18.191,17.216,16.891,16.673,18.137,18.624,18.798,22.008,20.537,19.694,19.376,21.28,20.43,16.576,17.101,21.115,15.037,20.749,20.579,18.276,17.121,16.949,16.784,18.116,18.532,18.874,21.969,20.549,19.355,21.833,10.777,10.264,16.721,8.442,8.363,15.349,14.502,21.006,16.759,14.979,14.951,11.458,8.211,10.565,17.619,11.121,13.089,8.295,21.845,11.014,10.243,16.576,8.615,8.5,15.208,14.527,20.84,16.809,15.198,14.956,11.465,8.165,10.694,17.688,10.808,13.174,8.052,23.52
2026-01-01 02:10:00,19.291,19.364,20.424,16.561,17.188,21.222,15.189,20.788,20.507,18.211,17.182,15.418,16.952,18.166,18.659,19.056,21.988,19.763,19.214,19.376,21.28,20.43,16.576,17.101,21.115,15.037,20.749,20.579,18.276,17.121,16.949,16.784,18.116,18.532,18.874,21.969,20.549,19.355,21.675,12.815,10.301,16.71,8.616,8.402,15.226,14.302,20.46,16.574,15.438,17.784,11.748,8.241,10.471,17.538,10.857,14.374,7.909,21.845,11.014,10.243,16.576,8.615,8.5,15.208,14.527,20.84,16.809,15.198,14.956,11.465,8.165,10.694,17.688,10.808,13.174,8.052,9.73
2026-01-01 02:12:00,17.214,21.471,20.328,16.724,14.788,21.321,15.157,20.736,20.555,18.286,17.142,16.885,16.78,18.309,,18.906,21.86,20.571,19.456,19.376,21.28,20.43,16.576,17.101,21.115,15.037,20.749,20.579,18.276,17.121,16.949,16.784,18.116,18.532,18.874,21.969,20.549,19.355,24.581,10.899,9.953,16.641,11.455,8.693,15.461,14.517,21.0,16.977,15.23,14.93,11.661,8.267,10.667,17.613,10.81,13.317,8.158,21.845,11.014,10.243,16.576,8.615,8.5,15.208,14.527,20.84,16.809,15.198,14.956,11.465,8.165,10.694,17.688,10.808,13.174,8.052,8.42
2026-01-01 02:14:00,19.369,21.373,20.239,16.709,17.029,21.19,15.059,20.438,20.489,18.302,17.308,16.983,16.815,17.946,18.704,19.091,21.972,20.522,19.161,19.376,21.28,20.43,16.576,17.101,21.115,15.037,20.749,20.579,18.276,17.121,16.949,16.784,18.116,18.532,18.874,21.969,20.549,19.355,21.757,10.992,10.269,16.514,8.603,8.352,15.087,14.571,20.877,16.764,15.527,14.932,11.572,8.209,10.623,17.793,10.976,13.177,8.13,21.845,11.014,10.243,16.576,8.615,8.5,15.208,14.527,20.84,16.809,15.198,14.956,11.465,8.165,10.694,17.688,10.808,13.174,8.052,24.43
2026-01-01 02:16:00,19.482,20.702,20.516,16.728,17.166,20.997,15.197,19.903,20.554,18.309,17.227,16.061,16.831,18.024,18.377,18.882,21.883,20.392,19.203,19.376,21.28,20.43,16.576,17.101,21.115,15.037,20.749,20.579,18.276,17.121,16.949,16.784,18.116,18.532,18.874,21.969,20.549,19.355,22.276,13.555,10.214,16.664,8.617,8.378,15.137,17.27,20.801,16.819,15.439,16.746,11.411,8.272,10.793,17.53,10.719,13.011,8.105,21.845,11.014,10.243,16.576,8.615,8.5,15.208,14.527,20.84,16.809,15.198,14.956,11.465,8.165,10.694,17.688,10.808,13.174,8.052,9.04
2026-01-01 02:18:00,19.317,21.058,20.268,16.38,17.123,21.164,15.278,20.569,20.498,18.385,17.095,16.91,16.989,18.075,18.393,18.716,22.009,20.585,19.191,19.376,21.28,20.43,16.576,17.101,21.115,15.037,20.749,20.579,18.276,17.121,16.949,16.784,18.116,18.532,18.874,21.969,20.549,19.355,21.978,10.984,10.432,16.492,8.57,8.492,15.239,14.779,20.676,16.897,15.212,15.137,11.268,7.994,10.953,17.881,10.974,13.158,8.215,21.845,11.014,10.243,16.576,8.615,8.5,15.208,14.527,20.84,16.809,15.198,14.956,11.465,8.165,10.694,17.688,10.808,13.174,8.052,23.51
2026-01-01 02:20:00,19.257,21.345,20.499,16.499,17.176,21.183,14.823,20.711,20.629,18.207,16.865,16.915,16.874,18.305,18.269,19.188,21.833,20.663,19.503,19.376,21.28,20.43,16.576,17.101,21.115,15.037,20.749,20.579,18.276,17.121,16.949,16.784,18.116,18.532,18.874,21.969,20.549,19.355,21.85,10.854,10.226,16.539,8.463,8.417,15.107,14.608,20.989,16.98,15.365,14.799,11.554,8.29,10.759,17.55,10.375,13.2,7.931,21.845,11.014,10.243,16.576,8.615,8.5,15.208,14.527,20.84,16.809,15.198,14.956,11.465,8.165,10.694,17.688,10.808,13.174,8.052,24.16
2026-01-01 02:22:00,19.494,21.298,20.29,16.652,17.015,20.812,15.376,20.834,20.798,18.166,17.297,17.14,16.971,18.113,18.388,18.853,21.704,20.344,19.366,19.376,21.28,20.43,16.576,17.101,21.115,15.037,20.749,20.579,18.276,17.121,16.949,16.784,18.116,18.532,18.874,21.969,20.549,19.355,21.983,10.796,10.328,16.513,8.419,8.434,15.188,14.654,20.963,16.997,15.314,14.89,11.402,8.191,10.644,17.443,10.501,13.29,8.072,21.845,11.014,10.243,16.576,8.615,8.5,15.208,14.527,20.84,16.809,15.198,14.956,11.465,8.165,10.694,17.688,10.808,13.174,8.052,23.87
2026-01-01 02:24:00,19.257,21.261,20.417,16.808,17.257,19.713,15.182,20.655,20.539,18.385,16.972,16.916,14.619,18.13,18.728,18.784,21.996,20.441,19.217,19.376,21.28,20.43,16.576,17.101,21.115,15.037,20.749,20.579,18.276,17.121,16.949,16.784,18.116,18.532,18.874,21.969,20.549,19.355,22.144,10.94,10.401,16.6,8.69,9.746,15.376,14.606,20.771,16.795,15.165,14.97,12.72,8.103,10.609,17.689,10.544,13.236,8.11,21.845,11.014,10.243,16.576,8.615,8.5,15.208,14.527,20.84,16.809,15.198,14.956,11.465,8.165,10.694,17.688,10.808,13.174,8.052,14.25
2026-01-01 02:26:00,19.227,21.455,20.713,16.634,17.015,21.199,14.051,20.845,20.614,18.309,17.194,16.879,16.736,17.909,18.479,18.704,20.642,20.434,19.367,19.376,21.28,20.43,16.576,17.101,21.115,15.037,20.749,20.579,18.276,17.121,16.949,16.784,18.116,18.532,18.874,21.969,20.549,19.355,21.381,10.852,10.241,16.239,8.682,8.649,18.195,14.67,20.826,16.939,15.304,14.938,11.48,7.916,10.492,17.841,12.769,13.052,7.823,21.845,11.014,10.243,16.576,8.615,8.5,15.208,14.527,20.84,16.809,15.198,14.956,11.465,8.165,10.694,17.688,10.808,13.174,8.052,13.52
2026-01-01 02:28:00,19.43,21.11,20.332,14.321,17.191,21.32,15.139,20.707,20.755,18.094,17.301,16.87,16.45,18.434,18.721,18.751,21.989,20.523,19.368,19.376,21.28,20.43,16.576,17.101,21.115,15.037,20.749,20.579,18.276,17.121,16.949,16.784,18.116,18.532,18.874,21.969,20.549,19.355,21.549,11.189,10.295,18.437,8.807,8.805,15.334,14.443,20.79,16.977,14.984,15.042,11.403,8.359,10.61,17.578,10.953,12.689,8.213,21.845,11.014,10.243,16.576,8.615,8.5,15.208,14.527,20.84,16.809,,14.956,11.465,8.165,10.694,17.688,10.808,13.174,8.052,18.0
2026-01-01 02:30:00,19.198,21.199,20.486,16.603,17.245,21.124,15.319,20.663,20.611,18.046,16.971,17.108,16.671,18.179,18.524,18.749,21.927,20.487,19.297,19.376,21.28,20.43,16.576,17.101,21.115,15.037,20.749,20.579,18.276,17.121,16.949,16.784,18.116,18.532,18.874,21.969,20.549,19.355,21.89,10.924,10.343,16.503,8.709,8.513,15.322,14.383,20.739,17.087,15.244,14.929,11.329,8.086,10.729,17.506,10.801,13.134,7.757,21.845,11.014,10.243,16.576,8.615,8.5,15.208,14.527,20.84,16.809,15.198,14.956,11.465,8.165,10.694,17.688,10.808,13.174,8.052,23.48
2026-01-01 02:32:00,19.466,21.359,20.361,16.468,17.135,21.103,15.16,21.067,20.681,18.271,17.101,16.846,16.675,17.995,18.484,18.823,22.058,20.501,19.332,19.376,21.28,20.43,16.576,17.101,21.115,15.037,20.749,20.579,18.276,17.121,16.949,16.784,18.116,18.532,18.874,21.969,20.549,19.355,21.846,11.198,10.177,16.543,8.653,8.408,14.945,14.531,20.772,16.711,15.406,14.972,11.352,8.061,10.932,17.81,10.54,13.264,7.977,21.845,11.014,10.243,16.576,8.615,8.5,15.208,14.527,20.84,16.809,15.198,14.956,11.465,8.165,10.694,17.688,10.808,13.174,8.052,22.55
2026-01-01 02:34:00,19.229,21.478,20.491,16.791,17.197,21.294,15.007,20.835,20.904,18.129,17.262,17.153,16.835,18.207,18.685,18.794,22.019,20.442,19.272,19.376,21.28,20.43,16.576,17.101,21.115,15.037,20.749,20.579,18.276,17.121,16.949,16.784,18.116,18.532,18.874,21.969,20.549,19.355,21.757,11.182,10.35,16.447,8.612,8.595,15.19,14.589,20.735,17.003,15.416,14.856,11.251,8.093,10.823,17.719,10.8,13.2,7.829,21.845,11.014,10.243,16.576,8.615,8.5,15.208,14.527,20.84,16.809,15.198,14.956,11.465,8.165,10.694,17.688,10.808,13.174,8.052,24.68
2026-01-01 02:36:00,19.3,21.263,20.448,16.632,16.927,21.358,15.179,20.838,20.536,18.265,17.189,17.0,16.578,18.207,18.89,18.647,22.091,20.594,19.342,19.376,21.28,20.43,16.576,17.101,21.115,15.037,20.749,20.579,18.276,17.121,16.949,16.784,18.116,18.532,18.874,21.969,20.549,19.355,21.838,10.998,10.147,16.694,8.516,8.403,15.313,14.622,20.851,16.843,15.256,15.006,11.317,8.29,10.997,17.746,10.768,13.35,8.147,21.845,11.014,10.243,16.576,8.615,8.5,15.208,14.527,20.84,16.809,15.198,14.956,11.465,8.165,10.694,17.688,10.808,13.174,8.052,24.07
2026-01-01 02:38:00,19.545,21.135,20.45,16.757,17.077,21.063,15.051,20.694,20.77,18.164,17.229,16.795,16.867,18.103,18.213,18.874,21.837,20.494,19.545,19.376,21.28,20.43,16.576,17.101,21.115,15.037,20.749,20.579,18.276,17.121,16.949,16.784,18.116,18.532,18.874,21.969,20.549,19.355,21.732,11.0,10.156,16.73,8.417,8.688,15.106,14.572,20.775,16.867,15.372,15.051,11.282,8.126,10.714,17.972,10.731,13.113,7.936,21.845,11.014,10.243,16.576,8.615,8.5,15.208,14.527,20.84,16.809,15.198,14.956,11.465,8.165,10.694,17.688,10.808,13.174,8.052,23.59
2026-01-01 02:40:00,19.238,21.15,20.608,16.591,17.291,21.155,14.928,20.74,20.731,18.392,17.121,16.955,16.77,18.044,18.77,18.875,21.829,20.49,19.445,19.376,21.28,20.43,16.576,17.101,21.115,15.037,20.749,20.579,18.276,17.121,16.949,16.784,18.116,18.532,18.874,21.969,20.549,19.355,21.837,11.114,10.094,16.787,8.805,8.621,15.303,14.895,20.681,16.726,15.522,14.771,11.513,8.139,10.553,17.545,10.776,13.214,8.126,21.845,11.014,10.243,16.576,8.615,8.5,15.208,14.527,20.84,16.809,15.198,14.956,11.465,8.165,10.694,17.688,10.808,13.174,8.052,24.28
2026-01-01 02:42:00,19.455,21.264,20.347,16.579,16.223,20.954,15.135,20.689,20.626,18.426,17.201,16.952,17.047,18.198,18.488,18.965,22.019,20.443,19.364,19.376,21.28,20.43,16.576,17.101,21.115,15.037,20.749,20.579,18.276,17.121,16.949,16.784,18.116,18.532,18.874,21.969,20.549,19.355,21.935,11.025,10.248,16.668,10.858,8.299,15.335,14.213,20.925,17.002,15.009,14.619,11.336,8.211,10.547,17.844,10.905,13.024,8.168,21.845,11.014,10.243,16.576,8.615,8.5,15.208,14.527,20.84,16.809,15.198,14.956,11.465,8.165,10.694,17.688,10.808,13.174,8.052,19.43
2026-01-01 02:44:00,19.355,21.038,20.409,16.542,17.047,20.912,14.993,20.744,20.592,18.135,17.199,16.799,16.756,18.277,18.446,18.811,22.101,20.501,19.319,19.376,21.28,20.43,16.576,17.101,21.115,15.037,20.749,20.579,18.276,17.121,16.949,16.784,18.116,18.532,18.874,21.969,20.549,19.355,21.628,10.945,10.277,16.775,8.734,8.726,14.989,15.012,20.707,16.851,15.434,15.034,11.647,7.979,10.523,17.621,10.722,13.19,8.002,21.845,11.014,10.243,16.576,8.615,8.5,15.208,14.527,20.84,16.809,15.198,14.956,11.465,8.165,10.694,17.688,10.808,13.174,8.052,23.84
2026-01-01 02:46:00,19.403,21.41,20.158,16.474,16.977,20.981,14.932,20.645,20.617,18.166,17.136,16.998,16.694,18.132,18.733,18.914,21.89,20.541,19.243,19.376,21.28,20.43,16.576,17.101,21.115,15.037,20.749,20.579,18.276,17.121,16.949,16.784,18.116,18.532,18.874,21.969,20.549,19.355,21.668,11.047,10.029,16.47,8.663,8.363,15.205,14.625,21.065,,15.331,15.031,11.274,8.035,10.56,17.605,10.787,13.028,7.985,21.845,11.014,10.243,16.576,8.615,8.5,15.208,14.527,20.84,16.809,15.198,14.956,11.465,8.165,10.694,17.688,10.808,13.174,8.052,23.57
2026-01-01 02:48:00,,21.386,20.329,16.551,17.238,21.054,15.06,20.623,20.479,18.213,17.382,16.9,16.72,18.048,18.512,18.953,21.991,20.796,19.381,19.376,21.28,20.43,16.576,17.101,21.115,15.037,20.749,20.579,18.276,17.121,16.949,16.784,18.116,18.532,18.874,21.969,20.549,19.355,22.013,10.946,9.948,16.531,8.591,8.443,15.531,14.666,21.096,16.714,15.311,14.992,11.45,8.036,10.724,17.393,10.951,13.593,8.275,21.845,11.014,10.243,16.576,8.615,8.5,15.208,14.527,20.84,16.809,15.198,14.956,11.465,8.165,10.694,17.688,10.808,13.174,8.052,23.9
2026-01-01 02:50:00,19.549,21.314,20.502,16.403,17.086,21.107,15.008,20.49,20.685,18.229,17.069,16.918,16.757,18.164,18.379,18.763,22.003,20.566,19.31,19.376,21.28,20.43,16.576,17.101,21.115,15.037,20.749,20.579,18.276,17.121,16.949,16.784,18.116,18.532,18.874,21.969,20.549,19.355,21.525,11.041,10.126,16.48,8.571,8.674,15.316,14.397,20.922,16.829,15.503,14.731,11.444,8.018,10.685,17.379,10.664,13.153,7.958,21.845,11.014,10.243,16.576,8.615,8.5,15.208,14.527,20.84,16.809,15.198,14.956,11.465,8.165,10.694,17.688,10.808,13.174,8.052,24.17
2026-01-01 02:52:00,19.307,21.18,20.423,16.718,16.974,21.298,15.138,20.694,20.673,16.764,16.913,16.794,14.877,18.076,16.054,18.886,21.712,20.608,19.185,19.376,21.28,20.43,16.576,17.101,21.115,15.037,20.749,20.579,18.276,17.121,16.949,16.784,18.116,18.532,18.874,21.969,20.549,19.355,21.708,10.991,10.153,16.431,8.574,8.499,15.253,14.26,20.774,18.873,14.975,14.971,12.387,8.324,13.609,17.724,10.728,12.93,7.968,21.845,11.014,10.243,16.576,8.615,8.5,15.208,14.527,20.84,16.809,15.198,14.956,11.465,8.165,10.694,17.688,10.808,13.174,8.052,8.14
2026-01-01 02:54:00,19.296,21.231,20.291,16.412,16.98,20.138,14.137,20.816,20.46,18.181,17.011,17.003,16.54,18.264,18.474,18.78,22.009,18.76,19.396,19.376,21.28,20.43,16.576,17.101,21.115,15.037,20.749,20.579,18.276,17.121,16.949,16.784,18.116,18.532,18.874,21.969,20.549,19.355,21.714,11.015,10.471,16.857,8.656,9.941,16.954,14.567,20.805,17.068,15.081,14.97,11.369,8.303,10.96,17.784,10.834,16.021,8.136,21.845,11.014,10.243,16.576,8.615,8.5,15.208,14.527,20.84,16.809,15.198,14.956,11.465,8.165,10.694,17.688,10.808,13.174,8.052,9.14
2026-01-01 02:56:00,19.502,21.297,20.577,16.726,17.089,21.288,15.057,20.759,20.469,18.241,17.215,16.791,16.862,18.157,18.565,18.61,21.956,20.626,19.264,19.376,21.28,20.43,16.576,17.101,21.115,15.037,20.749,20.579,18.276,17.121,16.949,16.784,18.116,18.532,18.874,21.969,20.549,19.355,21.773,11.259,10.505,16.724,8.736,8.438,15.48,14.319,20.731,17.126,15.136,14.835,11.218,8.32,10.872,17.721,10.566,13.162,7.936,21.845,11.014,10.243,16.576,8.615,8.5,15.208,14.527,20.84,16.809,15.198,14.956,11.465,8.165,10.694,,10.808,13.174,8.052,24.02
2026-01-01 02:58:00,19.387,20.995,20.51,16.497,17.206,20.894,15.12,20.72,20.676,18.164,17.047,17.218,16.684,18.031,18.499,18.752,20.692,20.756,19.271,19.376,21.28,20.43,16.576,17.101,21.115,15.037,20.749,20.579,18.276,17.121,16.949,16.784,18.116,18.532,18.874,21.969,20.549,19.355,21.982,11.235,10.311,16.641,8.848,8.755,15.034,14.597,20.668,16.698,15.371,14.794,11.444,8.354,10.766,17.448,13.176,13.144,7.923,21.845,11.014,10.243,16.576,8.615,8.5,15.208,14.527,20.84,16.809,15.198,14.956,11.465,8.165,10.694,17.688,10.808,13.174,8.052,18.66
2026-01-01 03:00:00,19.169,21.421,20.563,16.675,17.24,21.011,15.017,20.583,20.409,18.393,17.041,17.223,16.793,18.039,18.628,19.091,22.027,20.403,19.4,19.376,21.28,20.43,16.576,17.101,21.115,15.037,20.749,20.579,18.276,17.121,16.949,16.784,18.116,18.532,18.874,21.969,20.549,19.355,22.154,11.028,10.256,16.735,8.646,8.309,15.216,14.597,20.871,16.974,15.335,15.041,11.449,8.18,10.99,17.453,10.985,13.249,7.959,21.845,11.014,10.243,16.576,8.615,8.5,15.208,14.527,20.84,16.809,15.198,14.956,11.465,8.165,10.694,17.688,10.808,13.174,8.052,24.45
2026-01-01 03:02:00,19.541,21.221,20.337,16.698,17.118,20.983,14.991,20.658,20.615,18.289,17.259,17.034,16.596,18.164,18.639,18.929,22.092,20.483,19.241,19.376,21.28,20.43,16.576,17.101,21.115,15.037,20.749,20.579,18.276,17.121,16.949,16.784,18.116,18.532,18.874,21.969,20.549,19.355,21.853,11.114,10.045,16.61,8.711,8.378,15.239,14.745,20.88,16.693,14.973,14.705,11.622,8.147,10.69,17.668,10.711,13.444,8.166,21.845,11.014,10.243,16.576,8.615,8.5,15.208,14.527,20.84,16.809,15.198,14.956,11.465,8.165,10.694,17.688,10.808,13.174,8.052,24.25
2026-01-01 03:04:00,19.487,21.153,20.171,16.699,17.014,21.078,14.869,20.59,20.441,18.232,17.166,16.673,16.874,17.974,18.404,18.956,21.96,20.364,19.577,19.376,21.28,20.43,16.576,17.101,21.115,15.037,20.749,20.579,18.276,17.121,16.949,16.784,18.116,18.532,18.874,21.969,20.549,19.355,22.076,10.848,10.343,16.684,8.458,8.382,15.098,14.689,20.885,16.715,15.312,14.87,11.495,8.165,10.578,17.84,10.827,12.847,8.036,21.845,11.014,10.243,16.576,8.615,8.5,15.208,14.527,20.84,16.809,15.198,14.956,11.465,8.165,10.694,17.688,10.808,13.174,8.052,23.79
2026-01-01 03:06:00,19.272,21.31,20.454,16.746,17.046,21.236,14.948,20.883,20.488,18.232,17.349,16.987,16.797,18.385,18.575,17.47,22.057,20.407,19.491,19.376,21.28,20.43,16.576,17.101,21.115,15.037,20.749,20.579,18.276,17.121,16.949,16.784,18.116,18.532,18.874,21.969,20.549,19.355,22.078,10.695,10.388,16.621,8.445,8.508,15.052,14.312,20.908,16.862,14.943,14.888,11.48,7.943,10.864,19.817,10.878,13.28,7.924,21.845,11.014,10.243,16.576,8.615,8.5,15.208,14.527,20.84,16.809,15.198,14.956,11.465,8.165,10.694,17.688,10.808,13.174,8.052,18.87
2026-01-01 03:08:00,19.52,21.212,20.354,16.598,17.103,20.998,15.105,20.504,20.528,18.227,17.088,16.986,16.637,18.186,18.51,18.796,21.804,20.407,19.398,19.376,21.28,20.43,16.576,17.101,21.115,15.037,20.749,20.579,18.276,17.121,16.949,16.784,18.116,18.532,18.874,21.969,20.549,19.355,21.907,11.042,10.313,16.522,8.769,8.616,15.446,14.695,20.651,16.736,15.272,15.114,11.373,8.178,10.75,17.683,10.967,13.038,8.138,21.845,11.014,10.243,16.576,8.615,8.5,15.208,14.527,20.84,16.809,15.198,14.956,11.465,8.165,10.694,17.688,10.808,13.174,8.052,24.0
2026-01-01 03:10:00,19.26,21.288,20.557,16.7,17.288,21.079,14.907,20.871,20.617,18.41,17.123,17.092,16.886,18.202,18.592,18.922,21.996,20.576,19.474,19.376,21.28,20.43,16.576,17.101,21.115,15.037,20.749,20.579,18.276,17.121,16.949,16.784,18.116,18.532,18.874,21.969,20.549,19.355,21.739,11.088,10.117,16.545,8.763,8.369,15.23,14.632,20.835,16.78,15.21,14.836,11.587,8.282,10.96,17.741,10.98,13.111,8.134,21.845,11.014,10.243,16.576,8.615,8.5,15.208,14.527,20.84,16.809,15.198,14.956,11.465,8.165,10.694,17.688,10.808,13.174,8.052,24.63
2026-01-01 03:12:00,19.314,21.489,20.417,16.695,17.09,21.085,15.281,18.439,20.426,18.19,17.083,17.208,16.809,18.228,16.82,18.917,22.049,20.765,19.272,19.376,21.28,20.43,16.576,17.101,21.115,15.037,20.749,20.579,18.276,17.121,16.949,16.784,18.116,18.532,18.874,21.969,20.549,19.355,21.721,11.061,10.207,16.727,8.328,8.486,15.175,16.944,20.746,16.758,15.393,14.875,11.419,8.343,12.604,17.759,10.869,13.222,7.802,21.845,11.014,10.243,16.576,8.615,8.5,15.208,14.527,20.84,16.809,15.198,14.956,11.465,8.165,10.694,17.688,10.808,13.174,8.052,11.33
2026-01-01 03:14:00,19.448,21.317,20.307,16.574,17.07,20.836,15.109,20.813,20.527,18.115,17.299,16.981,16.906,18.285,18.469,18.972,21.94,20.541,19.345,19.376,21.28,20.43,16.576,17.101,21.115,15.037,20.749,20.579,18.276,17.121,16.949,16.784,18.116,18.532,18.874,21.969,20.549,19.355,21.648,10.904,10.128,16.684,8.561,8.718,15.215,14.627,20.754,16.733,15.272,15.095,11.38,8.364,10.669,17.928,10.639,13.134,8.158,21.845,11.014,10.243,16.576,8.615,8.5,15.208,14.527,20.84,16.809,15.198,14.956,11.465,8.165,10.694,17.688,10.808,13.174,8.052,24.31
2026-01-01 03:16:00,19.376,21.414,20.445,16.558,17.068,21.156,14.929,20.688,20.573,18.208,17.107,16.876,17.025,18.275,18.586,18.868,22.231,20.587,19.345,19.376,21.28,20.43,16.576,17.101,21.115,15.037,20.749,20.579,18.276,17.121,16.949,16.784,18.116,18.532,18.874,21.969,20.549,19.355,21.846,10.941,10.349,16.725,8.567,8.623,15.157,14.422,21.039,16.738,15.137,15.079,11.333,8.038,10.667,17.713,10.956,13.157,7.968,21.845,11.014,10.243,16.576,8.615,8.5,15.208,14.527,20.84,16.809,15.198,14.956,11.465,8.165,10.694,17.688,10.808,13.174,8.052,24.14
2026-01-01 03:18:00,19.412,21.317,20.599,16.574,17.353,21.009,15.12,20.628,20.798,18.236,17.114,17.06,16.935,17.982,18.49,18.707,21.985,20.536,19.313,19.376,21.28,20.43,16.576,17.101,21.115,15.037,20.749,20.579,18.276,17.121,16.949,16.784,18.116,18.532,18.874,21.969,20.549,19.355,21.669,10.978,10.186,16.748,8.391,8.25,14.946,14.502,20.914,17.055,14.971,14.989,11.384,8.411,10.753,17.92,10.814,13.339,8.114,21.845,11.014,10.243,16.576,8.615,8.5,15.208,14.527,20.84,16.809,15.198,14.956,11.465,8.165,10.694,17.688,10.808,13.174,8.052,23.93
2026-01-01 03:20:00,19.294,21.234,20.34,16.64,17.283,20.883,13.008,20.698,20.639,18.161,17.104,16.824,16.868,18.127,16.566,18.919,21.939,20.362,17.861,19.376,21.28,20.43,16.576,17.101,21.115,15.037,20.749,20.579,18.276,17.121,16.949,16.784,18.116,18.532,18.874,21.969,20.549,19.355,21.761,11.161,10.207,16.255,8.609,8.329,16.21,14.761,20.893,16.899,15.026,14.849,11.387,8.461,12.969,17.737,10.548,13.108,9.881,21.845,11.014,10.243,16.576,8.615,8.5,15.208,14.527,20.84,16.809,15.198,14.956,11.465,8.165,10.694,17.688,10.808,13.174,8.052,8.9
2026-01-01 03:22:00,19.41,19.809,20.548,16.723,16.97,21.021,15.223,20.919,20.491,18.134,15.467,16.889,16.594,18.119,18.378,18.729,22.078,20.467,19.347,19.376,21.28,20.43,16.576,17.101,21.115,15.037,20.749,20.579,18.276,17.121,16.949,16.784,18.116,18.532,18.874,21.969,20.549,19.355,21.833,13.447,10.315,16.655,8.446,8.311,,14.653,20.648,16.916,16.004,14.939,11.66,7.932,10.7,17.663,10.648,13.293,7.921,21.845,11.014,10.243,16.576,8.615,8.5,15.208,14.527,20.84,16.809,15.198,14.956,11.465,8.165,10.694,17.688,10.808,13.174,8.052,14.25
2026-01-01 03:24:00,19.451,21.378,20.389,16.582,15.658,21.325,15.115,18.253,20.58,18.361,17.179,17.168,16.949,18.051,18.521,18.721,20.252,20.567,19.68,19.376,21.28,20.43,16.576,17.101,21.115,15.037,20.749,20.579,18.276,17.121,16.949,16.784,18.116,18.532,18.874,21.969,20.549,19.355,21.754,10.858,10.313,16.664,10.453,8.47,15.092,16.493,20.755,16.915,15.442,15.079,11.202,8.016,10.583,17.817,12.254,13.292,8.089,21.845,11.014,10.243,16.576,8.615,8.5,15.208,14.527,20.84,16.809,15.198,14.956,11.465,8.165,10.694,17.688,10.808,13.174,8.052,8.39
2026-01-01 03:26:00,19.387,21.029,20.349,16.59,16.95,21.011,14.993,20.79,20.56,18.169,17.216,16.884,16.724,17.28,18.438,18.953,19.542,20.54,19.441,19.376,21.28,20.43,16.576,17.101,21.115,15.037,20.749,20.579,18.276,17.121,16.949,16.784,18.116,18.532,18.874,21.969,20.549,19.355,21.874,11.015,10.136,16.782,8.637,8.726,15.077,14.28,21.051,16.639,15.217,14.903,11.445,9.788,10.533,17.512,12.444,13.069,8.308,21.845,11.014,10.243,16.576,8.615,8.5,15.208,14.527,20.84,16.809,15.198,14.956,11.465,8.165,10.694,17.688,10.808,13.174,8.052,15.88
2026-01-01 03:28:00,19.33,21.309,20.296,16.734,17.233,21.143,14.826,20.623,20.697,18.481,17.157,14.905,16.711,18.093,17.272,18.925,21.785,20.662,19.514,19.376,21.28,20.43,16.576,17.101,21.115,15.037,20.749,20.579,18.276,17.121,16.949,16.784,18.116,18.532,18.874,21.969,20.549,19.355,21.858,11.222,10.173,16.694,8.527,8.36,15.173,14.497,21.225,16.611,15.1,17.833,11.44,8.186,11.77,17.667,10.701,12.97,8.041,21.845,11.014,10.243,16.576,8.615,8.5,15.208,14.527,20.84,16.809,15.198,14.956,11.465,8.165,10.694,17.688,10.808,13.174,8.052,14.17
2026-01-01 03:30:00,19.238,21.118,20.472,16.498,16.072,21.212,15.056,20.691,20.833,18.292,15.875,16.961,16.659,18.024,18.578,18.808,21.914,20.749,19.458,19.376,21.28,20.43,16.576,17.101,21.115,15.037,20.749,20.579,18.276,17.121,16.949,16.784,18.116,18.532,18.874,21.969,20.549,19.355,21.925,11.044,10.415,16.512,10.849,8.374,14.921,14.611,20.769,16.903,16.537,14.724,11.328,8.118,10.589,17.644,10.887,13.168,8.119,21.845,11.014,10.243,16.576,8.615,8.5,15.208,14.527,20.84,16.809,15.198,14.956,11.465,8.165,10.694,17.688,10.808,13.174,8.052,15.68
2026-01-01 03:32:00,19.472,21.344,20.488,16.751,17.099,21.338,14.923,20.718,20.414,18.234,17.183,17.123,16.704,18.116,18.489,18.786,21.826,20.556,19.147,19.376,21.28,20.43,16.576,17.101,21.115,15.037,20.749,20.579,18.276,17.121,16.949,16.784,18.116,18.532,18.874,21.969,20.549,19.355,21.82,10.909,10.094,16.245,8.699,8.659,15.057,14.381,20.709,16.855,15.208,14.917,11.453,7.913,10.67,17.656,10.876,13.063,7.969,21.845,11.014,10.243,16.576,8.615,8.5,15.208,14.527,20.84,16.809,15.198,14.956,11.465,8.165,10.694,17.688,10.808,13.174,8.052,24.81
2026-01-01 03:34:00,19.389,21.283,20.351,16.455,16.935,20.542,14.876,20.936,20.652,18.232,16.982,17.074,16.992,18.003,18.496,19.001,22.009,20.789,19.287,19.376,21.28,20.43,16.576,17.101,21.115,15.037,20.749,20.579,18.276,17.121,16.949,16.784,18.116,18.532,18.874,21.969,20.549,19.355,21.872,11.408,10.149,16.874,8.474,10.154,15.066,14.726,20.856,16.835,15.347,15.147,11.364,8.199,10.618,17.858,10.493,13.496,8.016,21.845,11.014,10.243,16.576,8.615,8.5,15.208,14.527,20.84,16.809,15.198,14.956,11.465,8.165,10.694,17.688,10.808,13.174,8.052,20.83
2026-01-01 03:36:00,19.441,21.13,20.681,16.489,16.836,21.1,15.02,20.978,20.539,18.274,17.192,17.139,16.776,18.24,18.594,18.839,21.978,20.552,19.245,19.376,21.28,20.43,16.576,17.101,21.115,15.037,20.749,20.579,18.276,17.121,16.949,16.784,18.116,18.532,18.874,21.969,20.549,19.355,21.535,11.054,10.116,16.578,8.631,8.656,14.934,14.583,21.01,16.614,15.306,15.075,11.383,7.878,10.714,17.616,11.039,13.137,8.155,21.845,11.014,10.243,16.576,8.615,8.5,15.208,14.527,20.84,16.809,15.198,14.956,11.465,8.165,10.694,17.688,10.808,13.174,8.052,23.62
2026-01-01 03:38:00,19.521,21.114,20.57,16.691,17.09,21.023,15.01,20.805,20.669,18.31,17.24,16.882,16.812,16.556,18.623,18.064,21.919,20.688,18.734,19.376,21.28,20.43,16.576,17.101,21.115,15.037,20.749,20.579,18.276,17.121,16.949,16.784,18.116,18.532,18.874,21.969,20.549,19.355,21.896,11.041,10.057,16.466,8.629,8.486,15.191,14.64,20.846,16.914,15.209,15.011,11.386,9.072,10.818,20.166,10.903,13.052,10.304,21.845,11.014,10.243,16.576,8.615,8.5,15.208,14.527,20.84,16.809,15.198,14.956,11.465,8.165,10.694,17.688,10.808,13.174,8.052,11.62
2026-01-01 03:40:00,19.038,21.285,20.255,16.704,16.626,21.053,15.046,20.718,20.622,18.353,17.276,16.83,16.973,15.81,18.565,19.014,22.054,20.436,19.271,19.376,21.28,20.43,16.576,17.101,21.115,15.037,20.749,20.579,18.276,17.121,16.949,16.784,18.116,18.532,18.874,21.969,20.549,19.355,21.858,11.038,10.142,16.501,10.054,8.552,15.105,14.521,20.757,16.617,15.204,14.974,11.475,8.87,10.846,17.685,10.665,13.456,8.054,21.845,11.014,10.243,16.576,8.615,8.5,15.208,14.527,20.84,16.809,15.198,14.956,11.465,8.165,10.694,17.688,10.808,13.174,8.052,15.88
2026-01-01 03:42:00,19.32,21.274,20.567,16.421,17.157,21.188,15.104,20.805,20.762,18.334,17.224,17.017,16.999,17.888,17.039,17.001,21.935,20.432,19.131,19.376,21.28,20.43,16.576,17.101,21.115,15.037,20.749,20.579,18.276,17.121,16.949,16.784,18.116,18.532,18.874,21.969,20.549,19.355,21.954,11.032,9.898,16.752,8.444,8.659,15.188,14.397,20.475,16.737,15.046,14.959,11.3,8.269,11.812,20.003,11.101,13.288,7.954,21.845,11.014,10.243,16.576,8.615,8.5,15.208,14.527,20.84,16.809,15.198,14.956,11.465,8.165,10.694,17.688,10.808,13.174,8.052,13.5
2026-01-01 03:44:00,19.33,21.198,20.489,16.4,17.273,21.148,15.007,20.663,20.485,18.14,17.056,16.95,16.763,17.946,18.5,18.767,21.988,20.772,19.43,19.376,21.28,20.43,16.576,17.101,21.115,15.037,20.749,20.579,18.276,17.121,16.949,16.784,18.116,18.532,18.874,21.969,20.549,19.355,21.898,10.773,10.129,16.547,8.503,8.348,15.301,14.435,20.718,16.718,15.098,15.07,11.506,7.94,10.889,17.845,10.763,13.024,8.052,21.845,11.014,10.243,16.576,8.615,8.5,15.208,14.527,20.84,16.809,15.198,14.956,11.465,8.165,10.694,17.688,10.808,13.174,8.052,23.87
2026-01-01 03:46:00,19.338,21.086,20.26,16.374,17.188,21.023,15.044,20.674,20.59,18.444,17.039,16.908,16.687,18.22,18.409,18.739,21.802,20.38,19.412,19.376,21.28,20.43,16.576,17.101,21.115,15.037,20.749,20.579,18.276,17.121,16.949,16.784,18.116,18.532,18.874,21.969,20.549,19.355,21.757,11.088,10.234,16.76,8.372,8.405,15.247,14.451,20.775,16.636,15.476,14.926,11.564,8.047,10.622,17.674,11.047,13.372,8.355,21.845,11.014,10.243,16.576,8.615,8.5,15.208,14.527,20.84,16.809,15.198,14.956,11.465,8.165,10.694,17.688,10.808,13.174,8.052,24.16
2026-01-01 03:48:00,19.684,21.161,19.907,16.607,16.969,21.082,15.009,20.666,20.811,18.047,17.167,16.989,16.715,18.133,18.637,18.893,22.019,19.544,19.111,19.376,21.28,20.43,16.576,17.101,21.115,15.037,20.749,20.579,18.276,17.121,16.949,16.784,18.116,18.532,18.874,21.969,20.549,19.355,22.066,11.23,11.891,16.47,8.804,8.391,15.283,14.433,20.683,16.815,15.063,14.908,11.59,8.133,10.837,17.619,10.856,13.924,8.242,21.845,11.014,10.243,16.576,8.615,8.5,15.208,14.527,20.84,16.809,15.198,14.956,11.465,8.165,10.694,17.688,10.808,13.174,8.052,17.95
2026-01-01 03:50:00,19.553,21.554,20.547,16.698,16.932,21.101,12.932,20.678,20.696,18.179,17.106,16.72,16.765,18.126,18.447,16.912,22.195,20.403,19.229,19.376,21.28,20.43,16.576,17.101,21.115,15.037,20.749,20.579,18.276,17.121,16.949,16.784,18.116,18.532,18.874,21.969,20.549,19.355,21.543,11.053,10.321,16.189,8.371,8.272,17.846,14.484,20.787,16.895,15.528,14.803,11.514,8.168,10.849,,10.567,13.011,7.889,21.845,11.014,10.243,16.576,8.615,8.5,15.208,14.527,20.84,16.809,15.198,14.956,11.465,8.165,10.694,17.688,10.808,13.174,8.052,13.23
2026-01-01 03:52:00,19.279,21.424,20.682,16.616,16.134,21.064,13.464,20.639,20.754,18.446,17.13,17.027,16.874,18.302,18.406,19.016,21.923,20.457,19.368,19.376,21.28,20.43,16.576,17.101,21.115,15.037,20.749,20.579,18.276,17.121,16.949,16.784,18.116,18.532,18.874,21.969,20.549,19.355,21.877,10.94,9.943,16.461,10.004,8.383,17.838,14.406,21.015,17.135,15.266,14.724,11.67,8.467,10.661,17.739,10.964,13.198,8.232,21.845,11.014,10.243,16.576,8.615,8.5,15.208,14.527,20.84,16.809,15.198,14.956,11.465,8.165,10.694,17.688,10.808,13.174,8.052,13.7
2026-01-01 03:54:00,19.35,21.162,20.238,16.463,17.275,21.35,15.115,20.891,20.517,18.266,17.155,15.109,16.665,18.127,18.493,18.747,22.015,20.517,19.478,19.376,21.28,20.43,16.576,17.101,21.115,15.037,20.749,20.579,18.276,17.121,16.949,16.784,18.116,18.532,18.874,21.969,20.549,19.355,21.922,10.919,10.166,16.534,8.51,8.687,15.251,14.493,20.954,16.815,15.345,16.809,11.485,8.074,10.515,17.943,10.859,13.08,8.033,21.845,11.014,10.243,16.576,8.615,8.5,15.208,14.527,20.84,16.809,15.198,14.956,11.465,8.165,10.694,17.688,10.808,13.174,8.052,18.57
2026-01-01 03:56:00,19.375,21.244,20.445,16.556,17.021,21.067,15.127,20.826,20.734,18.072,17.074,16.899,14.805,18.061,16.891,17.981,21.99,20.409,19.515,19.376,21.28,20.43,16.576,17.101,21.115,15.037,20.749,20.579,18.276,17.121,16.949,16.784,18.116,18.532,18.874,21.969,20.549,19.355,21.674,11.206,10.283,16.517,8.393,8.804,15.221,14.195,,16.799,15.214,14.791,13.144,8.245,12.653,19.145,10.542,13.1,8.016,21.845,11.014,10.243,16.576,8.615,8.5,15.208,14.527,20.84,16.809,15.198,14.956,11.465,8.165,10.694,17.688,10.808,13.174,8.052,9.72
2026-01-01 03:58:00,19.495,21.212,20.53,16.488,17.236,21.089,14.941,20.704,20.488,18.299,17.142,14.788,16.717,17.676,17.114,18.647,21.998,20.684,19.388,19.376,21.28,20.43,16.576,17.101,21.115,15.037,20.749,20.579,18.276,17.121,16.949,16.784,18.116,18.532,18.874,21.969,20.549,19.355,21.666,11.052,10.354,16.5,8.55,8.491,15.446,14.73,20.591,16.731,15.566,16.068,11.717,8.233,13.2,17.63,10.816,13.248,8.045,21.845,11.014,10.243,16.576,8.615,8.5,15.208,14.527,20.84,16.809,15.198,14.956,,8.165,10.694,17.688,10.808,13.174,8.052,14.05
2026-01-01 04:00:00,19.329,21.259,20.414,16.511,17.031,21.004,15.179,20.747,20.694,18.246,17.13,16.929,16.84,18.215,18.561,18.794,21.875,20.748,19.322,19.376,21.28,20.43,16.576,17.101,21.115,15.037,20.749,20.579,18.276,17.121,16.949,16.784,18.116,18.532,18.874,21.969,20.549,19.355,21.832,11.219,10.214,16.765,8.522,8.449,15.31,14.597,20.978,16.81,15.189,14.882,11.229,8.1,10.841,17.674,10.834,13.352,7.913,21.845,11.014,10.243,16.576,8.615,8.5,15.208,14.527,20.84,16.809,15.198,14.956,11.465,8.165,10.694,17.688,10.808,13.174,8.052,23.95
2026-01-01 04:02:00,19.341,21.456,20.56,15.366,17.053,21.397,15.084,20.814,18.416,18.106,16.961,16.998,16.831,18.087,18.391,18.701,21.929,20.374,19.463,19.376,21.28,20.43,16.576,17.101,21.115,15.037,20.749,20.579,18.276,17.121,16.949,16.784,18.116,18.532,18.874,21.969,20.549,19.355,21.892,10.928,10.404,17.191,8.559,8.421,15.155,14.441,23.146,16.773,15.172,14.741,11.267,8.05,10.512,17.759,10.719,13.103,8.027,21.845,11.014,10.243,16.576,8.615,8.5,15.208,14.527,20.84,16.809,15.198,14.956,,8.165,10.694,17.688,10.808,13.174,8.052,14.84
2026-01-01 04:04:00,17.099,19.232,20.535,16.505,16.997,20.701,14.965,20.727,20.696,18.349,17.192,16.975,16.863,18.289,18.404,18.82,20.96,20.743,19.511,19.376,21.28,20.43,16.576,17.101,21.115,15.037,20.749,20.579,18.276,17.121,16.949,16.784,18.116,18.532,18.874,21.969,20.549,19.355,23.489,12.046,10.14,16.601,8.595,8.371,15.436,14.576,20.934,17.029,15.059,15.092,11.498,8.203,10.468,17.566,12.157,13.163,8.273,21.845,11.014,10.243,16.576,8.615,8.5,15.208,14.527,20.84,16.809,15.198,14.956,11.465,8.165,10.694,17.688,10.808,13.174,8.052,9.49
2026-01-01 04:06:00,19.466,21.137,20.451,16.548,17.111,21.092,15.099,20.701,20.682,18.305,17.086,16.936,16.731,18.213,18.499,18.91,21.921,20.37,,19.376,21.28,20.43,16.576,17.101,21.115,15.037,20.749,20.579,18.276,17.121,16.949,16.784,18.116,18.532,18.874,21.969,20.549,19.355,21.787,11.046,10.194,16.382,8.561,8.51,15.457,14.704,20.759,16.675,,14.87,11.82,8.285,10.683,17.608,10.65,13.157,7.676,21.845,11.014,10.243,16.576,8.615,8.5,15.208,14.527,20.84,16.809,15.198,14.956,11.465,8.165,10.694,17.688,10.808,13.174,8.052,24.04
2026-01-01 04:08:00,19.249,21.362,20.48,16.378,16.988,19.204,14.938,20.607,20.668,17.631,17.168,16.897,16.821,16.231,18.529,18.944,21.974,20.494,19.225,19.376,21.28,20.43,16.576,17.101,21.115,15.037,20.749,20.579,18.276,17.121,16.949,16.784,18.116,18.532,18.874,21.969,20.549,19.355,21.787,10.945,10.462,16.318,8.744,10.874,15.319,14.417,20.897,19.347,15.566,14.837,11.445,9.269,10.606,17.673,10.811,13.122,7.801,21.845,11.014,10.243,16.576,8.615,8.5,15.208,14.527,20.84,16.809,15.198,14.956,11.465,8.165,10.694,17.688,10.808,13.174,8.052,8.38
2026-01-01 04:10:00,19.396,21.322,20.399,16.484,17.166,21.413,15.001,20.789,20.625,17.968,17.136,16.864,16.95,18.085,18.439,18.848,21.988,20.481,19.349,19.376,21.28,20.43,16.576,17.101,21.115,15.037,20.749,20.579,18.276,17.121,16.949,16.784,18.116,18.532,18.874,21.969,20.549,19.355,21.882,10.802,10.229,16.72,8.428,8.479,15.236,14.519,20.771,16.81,15.295,14.808,11.44,8.267,10.606,17.513,10.918,13.273,8.19,21.845,11.014,10.243,16.576,8.615,8.5,15.208,14.527,20.84,16.809,15.198,14.956,11.465,8.165,10.694,17.688,10.808,13.174,8.052,23.78
2026-01-01 04:12:00,19.213,21.253,20.523,16.813,17.186,21.148,15.179,20.871,20.779,18.405,17.107,16.98,16.806,18.152,18.556,18.781,21.716,20.468,19.112,19.376,21.28,20.43,16.576,17.101,21.115,15.037,20.749,20.579,18.276,17.121,16.949,16.784,18.116,18.532,18.874,21.969,20.549,19.355,21.843,10.92,10.462,16.754,8.73,8.427,15.225,14.399,20.688,16.822,15.243,15.037,11.48,8.46,10.552,17.878,10.75,13.309,7.919,21.845,11.014,10.243,16.576,8.615,8.5,15.208,14.527,20.84,16.809,15.198,14.956,11.465,8.165,10.694,17.688,10.808,13.174,8.052,23.27
2026-01-01 04:14:00,19.384,21.281,20.229,16.659,17.205,21.126,15.237,20.973,20.435,18.4,17.174,16.999,16.896,18.029,18.461,18.775,21.878,20.537,19.181,19.376,21.28,20.43,16.576,17.101,21.115,15.037,20.749,20.579,18.276,17.121,16.949,16.784,18.116,18.532,18.874,21.969,20.549,19.355,22.163,11.222,10.012,16.765,8.643,8.632,15.21,14.509,20.642,16.743,15.196,14.717,11.325,8.169,10.761,17.625,11.014,13.102,8.145,21.845,11.014,10.243,16.576,8.615,8.5,15.208,14.527,20.84,16.809,15.198,14.956,11.465,8.165,10.694,17.688,10.808,13.174,8.052,24.89
2026-01-01 04:16:00,19.25,21.35,20.421,16.622,16.874,21.021,14.97,20.753,20.509,18.388,17.114,16.951,16.786,18.2,18.475,19.009,22.024,20.567,19.36,19.376,21.28,20.43,16.576,17.101,21.115,15.037,20.749,20.579,18.276,17.121,16.949,16.784,18.116,18.532,18.874,21.969,20.549,19.355,22.039,10.904,10.414,16.56,8.496,8.737,15.45,14.487,21.0,16.957,15.2,15.28,11.454,8.076,10.704,17.679,10.752,13.139,7.865,21.845,11.014,10.243,16.576,8.615,8.5,15.208,14.527,,16.809,15.198,14.956,11.465,8.165,10.694,17.688,10.808,13.174,8.052,24.18
2026-01-01 04:18:00,19.438,21.402,20.543,16.622,17.206,21.129,15.187,20.745,20.33,18.436,17.134,16.808,16.76,18.009,18.784,18.934,21.78,20.614,19.307,19.376,21.28,20.43,16.576,17.101,21.115,15.037,20.749,20.579,18.276,17.121,16.949,16.784,18.116,18.532,18.874,21.969,20.549,19.355,21.941,10.824,10.41,16.684,8.566,8.451,15.121,14.535,21.102,16.864,15.144,15.219,11.415,8.122,11.013,17.794,10.991,13.272,8.139,21.845,11.014,10.243,16.576,8.615,8.5,15.208,14.527,20.84,16.809,15.198,14.956,11.465,8.165,10.694,17.688,10.808,13.174,8.052,23.69
2026-01-01 04:20:00,19.606,21.154,20.16,16.584,17.059,21.065,14.78,20.8,20.78,18.046,17.262,16.881,17.066,18.168,18.509,19.007,22.032,20.478,19.44,19.376,21.28,20.43,16.576,17.101,21.115,15.037,20.749,20.579,18.276,17.121,16.949,16.784,18.116,18.532,18.874,21.969,20.549,19.355,21.953,11.134,10.572,16.415,8.279,8.468,15.002,14.558,20.676,16.823,15.366,14.891,11.366,8.288,10.593,17.685,10.796,12.995,8.198,21.845,11.014,10.243,16.576,8.615,8.5,15.208,14.527,20.84,16.809,15.198,14.956,11.465,8.165,10.694,17.688,10.808,13.174,8.052,24.05
2026-01-01 04:22:00,19.314,21.066,20.674,16.535,17.028,21.156,14.85,20.586,20.52,18.213,17.13,17.084,16.727,18.175,18.604,18.744,21.996,20.436,19.483,19.376,21.28,20.43,16.576,17.101,21.115,15.037,20.749,20.579,18.276,17.121,16.949,16.784,18.116,18.532,18.874,21.969,20.549,19.355,21.695,11.154,10.306,16.428,8.572,8.633,15.175,14.855,20.704,16.991,14.965,14.927,11.618,7.895,10.741,17.535,10.622,13.074,7.979,21.845,11.014,10.243,16.576,8.615,8.5,15.208,14.527,20.84,16.809,15.198,14.956,11.465,8.165,10.694,17.688,10.808,13.174,8.052,24.39
2026-01-01 04:24:00,19.43,21.282,20.269,15.275,17.009,21.2,15.023,20.651,20.691,18.362,17.05,17.088,16.748,16.649,18.547,18.784,21.916,20.529,19.539,19.376,21.28,20.43,16.576,17.101,21.115,15.037,20.749,20.579,18.276,17.121,16.949,16.784,18.116,18.532,18.874,21.969,20.549,19.355,21.78,10.934,10.124,18.944,8.818,8.814,15.281,14.492,20.702,16.856,15.245,14.83,11.445,9.857,10.742,17.686,10.832,13.073,8.049,21.845,11.014,10.243,16.576,8.615,8.5,15.208,14.527,20.84,16.809,15.198,14.956,11.465,8.165,10.694,17.688,10.808,13.174,8.052,14.57
2026-01-01 04:26:00,19.556,21.249,19.258,16.571,17.147,21.221,15.072,18.93,20.609,18.132,17.278,16.9,16.748,17.757,18.652,18.973,22.064,20.666,19.558,19.376,21.28,20.43,16.576,17.101,21.115,15.037,20.749,20.579,18.276,17.121,16.949,16.784,18.116,18.532,18.874,21.969,20.549,19.355,21.862,10.911,11.883,16.714,8.773,8.185,15.004,17.45,20.908,16.879,14.999,14.972,11.555,8.233,10.593,17.609,10.859,13.205,8.247,21.845,11.014,10.243,16.576,8.615,8.5,15.208,14.527,20.84,16.809,15.198,14.956,11.465,8.165,10.694,17.688,10.808,13.174,8.052,12.89
2026-01-01 04:28:00,19.37,21.393,20.341,16.534,17.228,21.162,14.877,20.792,20.558,18.177,17.173,16.9,16.596,17.982,18.744,18.693,21.995,20.622,19.432,19.376,21.28,20.43,16.576,17.101,21.115,15.037,20.749,20.579,18.276,17.121,16.949,16.784,18.116,18.532,18.874,21.969,20.549,19.355,21.519,10.932,10.429,16.413,8.636,8.715,15.065,14.58,21.126,16.627,14.912,15.116,11.399,8.162,10.709,17.874,10.771,13.324,8.169,21.845,11.014,10.243,16.576,8.615,8.5,15.208,14.527,20.84,16.809,15.198,14.956,11.465,8.165,10.694,17.688,10.808,13.174,8.052,23.44
2026-01-01 04:30:00,19.229,21.242,20.447,16.672,17.024,20.975,15.157,20.881,20.624,18.202,17.17,16.962,16.885,17.966,18.546,18.855,21.835,20.575,19.359,19.376,21.28,20.43,16.576,17.101,21.115,15.037,20.749,20.579,18.276,17.121,16.949,16.784,18.116,18.532,18.874,21.969,20.549,19.355,21.849,11.173,10.292,16.566,9.063,8.211,15.043,14.381,20.783,16.839,15.169,15.293,11.393,8.01,10.7,17.628,10.74,13.313,8.102,21.845,11.014,10.243,16.576,8.615,8.5,15.208,,20.84,16.809,15.198,14.956,11.465,8.165,10.694,17.688,10.808,13.174,8.052,24.24
2026-01-01 04:32:00,19.326,21.328,20.26,16.57,17.153,21.149,15.166,20.604,20.399,18.304,17.176,17.203,16.858,18.011,18.629,18.773,21.79,20.862,19.394,19.376,21.28,20.43,16.576,17.101,21.115,15.037,20.749,20.579,18.276,17.121,16.949,16.784,18.116,18.532,18.874,21.969,20.549,19.355,22.014,10.861,10.336,16.581,8.527,8.271,15.2,14.359,20.949,16.879,15.271,15.37,11.655,7.87,10.783,17.722,10.842,13.102,8.19,21.845,11.014,10.243,16.576,8.615,8.5,15.208,14.527,20.84,16.809,15.198,14.956,11.465,8.165,10.694,17.688,10.808,13.174,8.052,24.59
2026-01-01 04:34:00,19.461,21.348,20.647,16.611,17.247,20.992,14.87,20.92,20.756,18.337,16.096,16.969,14.715,18.3,18.611,18.935,22.014,20.674,19.416,19.376,21.28,20.43,16.576,17.101,21.115,15.037,20.749,20.579,18.276,17.121,16.949,16.784,18.116,18.532,18.874,21.969,20.549,19.355,21.432,10.82,10.336,16.605,8.752,8.445,15.131,14.644,20.866,16.556,17.957,14.797,13.726,8.195,10.781,17.841,10.661,13.272,8.045,21.845,11.014,10.243,16.576,8.615,8.5,15.208,14.527,20.84,16.809,15.198,14.956,11.465,8.165,10.694,17.688,10.808,13.174,8.052,12.58
2026-01-01 04:36:00,19.465,21.14,20.491,16.839,17.039,21.099,15.144,20.863,20.654,18.081,17.181,16.807,16.685,18.181,18.496,18.972,22.346,20.642,19.442,19.376,21.28,20.43,16.576,17.101,21.115,15.037,20.749,20.579,18.276,17.121,16.949,16.784,18.116,18.532,18.874,21.969,20.549,19.355,21.809,11.017,10.17,16.583,8.653,8.407,15.371,14.543,20.679,16.878,15.276,14.746,11.51,8.111,10.733,17.665,10.867,13.202,7.718,21.845,11.014,10.243,16.576,8.615,8.5,15.208,14.527,20.84,16.809,15.198,14.956,11.465,8.165,,17.688,10.808,13.174,8.052,23.22
2026-01-01 04:38:00,19.268,19.401,20.302,16.513,16.97,21.036,15.012,20.629,20.409,18.112,17.176,16.956,16.907,18.241,18.491,18.955,21.796,20.823,19.499,19.376,21.28,20.43,16.576,17.101,21.115,15.037,20.749,20.579,18.276,17.121,16.949,16.784,18.116,18.532,18.874,21.969,20.549,19.355,21.859,13.746,10.351,16.76,8.667,8.695,15.337,14.459,20.739,16.999,15.303,14.699,11.311,8.338,10.719,17.435,10.875,13.321,8.15,21.845,11.014,10.243,16.576,8.615,8.5,15.208,14.527,20.84,16.809,15.198,14.956,11.465,8.165,10.694,17.688,10.808,13.174,8.052,16.76
2026-01-01 04:40:00,19.35,21.141,20.475,16.352,17.008,21.205,15.046,20.69,20.694,18.151,17.155,16.889,16.682,18.171,18.413,19.103,21.898,20.787,19.224,19.376,21.28,20.43,16.576,17.101,21.115,15.037,20.749,20.579,18.276,17.121,16.949,16.784,18.116,18.532,18.874,21.969,20.549,19.355,21.84,10.987,10.166,16.501,8.657,8.874,15.593,14.504,20.623,16.797,15.157,14.921,11.22,8.156,10.599,17.697,10.581,13.18,7.874,21.845,11.014,10.243,16.576,8.615,8.5,15.208,14.527,20.84,16.809,15.198,14.956,11.465,8.165,10.694,17.688,10.808,13.174,8.052,25.16
2026-01-01 04:42:00,19.448,21.137,20.269,16.596,17.182,20.962,15.179,20.653,20.595,18.321,17.193,16.733,16.978,18.183,18.481,18.752,21.765,20.385,19.421,19.376,21.28,20.43,16.576,17.101,21.115,15.037,20.749,20.579,18.276,17.121,16.949,16.784,18.116,18.532,18.874,21.969,20.549,19.355,21.723,10.919,10.163,16.496,8.533,8.409,15.106,14.443,20.79,17.089,15.335,14.869,11.263,8.334,10.693,17.742,10.982,12.892,7.963,21.845,11.014,10.243,16.576,8.615,8.5,15.208,14.527,20.84,16.809,15.198,14.956,11.465,8.165,10.694,17.688,10.808,13.174,8.052,24.22
2026-01-01 04:44:00,19.335,21.145,20.367,16.764,17.061,21.045,15.199,20.804,20.585,18.203,16.935,16.809,16.726,18.089,18.575,18.941,21.995,20.575,19.234,19.376,21.28,20.43,16.576,17.101,21.115,15.037,20.749,20.579,18.276,17.121,16.949,16.784,18.116,18.532,18.874,21.969,20.549,19.355,21.874,11.222,10.232,16.588,8.611,8.494,15.232,14.443,20.736,16.754,15.291,15.13,11.486,8.126,10.877,17.772,10.919,13.156,7.992,21.845,11.014,10.243,16.576,8.615,8.5,15.208,14.527,20.84,16.809,15.198,14.956,11.465,8.165,10.694,17.688,10.808,13.174,8.052,23.52
2026-01-01 04:46:00,19.117,21.218,20.315,16.498,17.068,20.966,14.904,20.737,20.593,18.197,17.181,16.923,16.662,18.12,18.758,18.793,22.108,20.714,19.535,19.376,21.28,20.43,16.576,17.101,21.115,15.037,20.749,20.579,18.276,17.121,16.949,16.784,18.116,18.532,18.874,21.969,20.549,19.355,21.919,10.992,10.418,16.446,8.665,8.504,15.06,14.476,20.687,16.759,15.159,15.35,11.313,8.262,10.627,17.744,10.76,13.056,8.265,21.845,11.014,10.243,16.576,8.615,8.5,15.208,14.527,20.84,16.809,15.198,14.956,11.465,8.165,10.694,17.688,10.808,13.174,8.052,23.41
2026-01-01 04:48:00,19.277,21.522,20.444,16.546,17.074,21.187,15.043,20.727,20.734,18.189,16.996,17.044,16.869,18.247,18.403,19.004,22.026,20.76,19.205,19.376,21.28,20.43,16.576,17.101,21.115,15.037,20.749,20.579,18.276,17.121,16.949,16.784,18.116,18.532,18.874,21.969,20.549,19.355,22.013,10.758,10.223,16.524,8.381,8.526,15.285,14.536,20.91,17.072,15.132,15.143,11.79,7.738,10.662,17.891,10.861,13.085,8.266,21.845,11.014,10.243,16.576,8.615,8.5,15.208,14.527,20.84,16.809,15.198,14.956,11.465,8.165,10.694,17.688,10.808,13.174,8.052,23.11
2026-01-01 04:50:00,19.402,21.247,20.239,16.491,17.236,21.059,14.95,20.853,20.698,18.394,17.026,16.942,16.908,18.037,18.442,18.974,22.156,20.41,19.044,19.376,21.28,20.43,16.576,17.101,21.115,15.037,20.749,20.579,18.276,17.121,16.949,16.784,18.116,18.532,18.874,21.969,20.549,19.355,21.979,10.779,10.367,16.551,8.648,8.328,15.292,14.554,20.704,16.762,15.411,15.186,11.248,8.243,10.653,17.616,10.849,13.402,8.137,21.845,11.014,10.243,16.576,8.615,8.5,15.208,14.527,20.84,16.809,15.198,14.956,11.465,8.165,10.694,17.688,10.808,13.174,8.052,23.72
2026-01-01 04:52:00,19.202,21.159,20.413,16.65,17.084,21.031,15.055,20.633,20.574,18.199,17.443,17.047,14.439,17.996,17.19,18.677,21.881,20.46,18.059,19.376,21.28,20.43,16.576,17.101,21.115,15.037,20.749,20.579,18.276,17.121,16.949,16.784,18.116,18.532,18.874,21.969,20.549,19.355,21.707,11.026,10.313,16.744,8.609,8.524,15.247,14.627,20.566,17.019,15.25,14.962,13.68,8.209,13.946,17.605,10.572,13.243,9.813,21.845,11.014,10.243,16.576,8.615,8.5,15.208,14.527,20.84,16.809,15.198,14.956,11.465,8.165,10.694,17.688,10.808,13.174,8.052,5.89
2026-01-01 04:54:00,19.324,21.186,20.269,14.299,17.093,21.089,15.173,20.673,20.707,18.306,17.121,16.708,16.629,18.205,18.7,18.899,22.06,20.5,18.369,19.376,21.28,20.43,16.576,17.101,21.115,15.037,20.749,20.579,18.276,17.121,16.949,16.784,18.116,18.532,18.874,21.969,20.549,19.355,21.843,10.793,10.31,19.407,7.98,8.528,15.326,14.398,20.529,16.827,15.52,15.015,11.804,8.22,10.666,17.578,11.023,12.981,10.059,21.845,11.014,10.243,16.576,8.615,8.5,15.208,14.527,20.84,16.809,15.198,14.956,11.465,8.165,10.694,17.688,10.808,13.174,8.052,11.86
2026-01-01 04:56:00,19.296,21.397,20.471,16.548,17.062,21.182,15.076,20.649,20.785,18.306,17.122,17.126,16.907,18.105,18.596,17.095,21.892,20.277,19.502,19.376,21.28,20.43,16.576,17.101,21.115,15.037,20.749,20.579,18.276,17.121,16.949,16.784,18.116,18.532,18.874,21.969,20.549,19.355,21.788,11.063,10.255,16.36,8.446,8.759,15.227,14.532,20.794,16.856,15.091,15.127,11.598,8.169,10.835,20.374,10.751,13.326,8.044,21.845,11.014,10.243,16.576,8.615,8.5,15.208,14.527,20.84,16.809,15.198,14.956,11.465,8.165,10.694,17.688,10.808,13.174,8.052,18.36
2026-01-01 04:58:00,19.148,21.362,20.33,16.459,17.078,21.147,15.11,20.961,20.623,18.381,17.049,17.035,16.802,18.06,18.52,18.867,21.991,20.597,19.294,19.376,21.28,20.43,16.576,17.101,21.115,15.037,20.749,20.579,18.276,17.121,16.949,16.784,18.116,18.532,18.874,21.969,20.549,19.355,21.73,11.256,10.221,16.648,8.845,8.316,15.168,14.677,20.802,16.749,15.182,14.917,11.425,8.231,10.713,17.951,10.863,13.429,8.079,21.845,11.014,10.243,16.576,8.615,8.5,15.208,14.527,20.84,16.809,15.198,14.956,11.465,8.165,10.694,17.688,10.808,13.174,8.052,24.94
2026-01-01 05:00:00,19.287,21.37,20.226,16.502,17.287,20.79,14.954,20.831,20.381,18.587,16.811,17.121,16.971,18.225,18.505,18.917,21.861,20.646,19.221,19.376,21.28,20.43,16.576,17.101,21.115,15.037,20.749,20.579,18.276,17.121,16.949,16.784,18.116,18.532,18.874,21.969,20.549,19.355,22.111,11.001,10.431,16.607,8.862,8.39,15.147,14.592,20.705,17.034,15.179,15.042,11.625,8.262,10.592,17.499,10.568,13.047,7.948,21.845,11.014,10.243,16.576,8.615,8.5,15.208,14.527,20.84,16.809,15.198,14.956,11.465,8.165,10.694,17.688,10.808,13.174,8.052,23.81
2026-01-01 05:02:00,19.343,21.4,20.296,16.533,17.121,20.954,15.177,20.789,20.398,18.27,17.028,16.87,16.793,18.03,18.648,18.79,22.086,20.543,19.458,19.376,21.28,20.43,16.576,17.101,21.115,15.037,20.749,20.579,18.276,17.121,16.949,16.784,18.116,18.532,18.874,21.969,20.549,19.355,21.735,11.089,10.048,16.342,8.648,8.772,15.078,14.516,20.839,16.977,15.332,14.897,11.608,8.182,10.819,17.964,10.49,12.969,7.857,21.845,11.014,10.243,16.576,8.615,8.5,15.208,14.527,20.84,16.809,15.198,14.956,11.465,8.165,10.694,17.688,10.808,13.174,8.052,22.87
2026-01-01 05:04:00,19.311,21.22,20.292,16.646,17.214,21.369,15.192,20.779,18.589,18.322,17.118,17.125,16.897,18.015,18.449,19.039,22.005,19.745,19.498,19.376,21.28,20.43,16.576,17.101,21.115,15.037,20.749,20.579,18.276,17.121,16.949,16.784,18.116,18.532,18.874,21.969,20.549,19.355,21.667,11.036,10.267,16.839,8.831,8.548,15.194,14.631,22.457,16.744,15.305,14.886,11.456,8.147,10.61,17.597,10.822,15.979,7.874,21.845,11.014,10.243,16.576,8.615,8.5,15.208,14.527,20.84,16.809,15.198,14.956,11.465,8.165,10.694,17.688,10.808,13.174,8.052,12.69
2026-01-01 05:06:00,19.329,21.247,20.374,16.341,17.205,20.97,14.969,20.659,20.667,18.267,17.123,16.747,16.774,17.938,18.569,18.918,21.966,20.794,19.419,19.376,21.28,20.43,16.576,17.101,21.115,15.037,20.749,20.579,18.276,17.121,16.949,16.784,18.116,18.532,18.874,21.969,20.549,19.355,22.096,11.27,10.49,16.753,8.605,8.363,15.061,14.273,20.795,16.557,15.217,14.998,11.388,8.088,10.686,17.774,10.761,13.426,7.923,21.845,11.014,10.243,16.576,8.615,8.5,15.208,14.527,20.84,16.809,15.198,14.956,11.465,8.165,10.694,17.688,10.808,13.174,8.052,24.22
2026-01-01 05:08:00,19.447,21.298,20.407,16.692,17.233,20.959,15.163,20.81,20.695,18.331,16.972,16.808,17.003,18.146,18.362,18.916,21.925,20.327,19.08,19.376,21.28,20.43,16.576,17.101,21.115,15.037,20.749,20.579,18.276,17.121,16.949,16.784,18.116,18.532,18.874,21.969,20.549,19.355,21.756,10.945,10.215,16.609,8.697,8.453,15.443,14.254,20.88,16.816,14.998,14.746,11.481,8.333,10.752,17.676,10.761,13.1,7.992,21.845,11.014,10.243,16.576,8.615,8.5,15.208,14.527,20.84,16.809,15.198,14.956,11.465,8.165,10.694,17.688,10.808,13.174,8.052,24.69
2026-01-01 05:10:00,19.183,21.313,20.424,16.547,17.135,21.187,14.785,20.712,20.48,18.128,17.056,16.934,16.752,17.941,18.474,19.116,21.842,,19.388,19.376,21.28,20.43,16.576,17.101,21.115,15.037,20.749,20.579,18.276,17.121,16.949,16.784,18.116,18.532,18.874,21.969,20.549,19.355,21.937,11.17,10.321,16.473,8.697,8.648,14.938,14.571,20.759,16.823,15.008,14.798,11.446,8.081,10.618,17.556,10.869,13.326,7.908,21.845,11.014,10.243,16.576,8.615,8.5,15.208,14.527,20.84,16.809,15.198,14.956,11.465,8.165,10.694,17.688,10.808,13.174,8.052,23.4
2026-01-01 05:12:00,19.447,21.336,20.295,16.696,17.007,20.216,14.964,20.736,20.665,18.35,17.119,15.287,16.794,18.223,18.363,18.686,22.062,20.382,18.073,19.376,21.28,20.43,16.576,17.101,21.115,15.037,20.749,20.579,18.276,17.121,16.949,16.784,18.116,18.532,18.874,21.969,20.549,19.355,21.879,10.946,10.276,16.734,8.648,10.117,15.051,14.686,21.075,16.526,15.278,16.875,11.275,8.412,10.766,17.988,10.689,13.101,8.707,21.845,11.014,10.243,16.576,8.615,8.5,15.208,14.527,20.84,16.809,15.198,14.956,11.465,8.165,10.694,17.688,10.808,13.174,8.052,11.72
2026-01-01 05:14:00,19.364,21.222,20.375,16.744,16.798,21.221,15.312,20.751,20.577,18.363,15.331,16.806,16.795,18.093,18.599,18.894,22.048,18.838,19.361,19.376,21.28,20.43,16.576,17.101,21.115,15.037,20.749,20.579,18.276,17.121,16.949,16.784,18.116,18.532,18.874,21.969,20.549,19.355,21.851,10.764,10.192,16.737,8.688,8.635,15.223,14.633,20.818,16.62,17.099,14.942,11.344,7.999,10.865,17.443,10.682,16.108,8.136,21.845,11.014,10.243,16.576,8.615,8.5,15.208,14.527,20.84,16.809,15.198,14.956,11.465,8.165,10.694,17.688,10.808,13.174,8.052,11.6
2026-01-01 05:16:00,19.295,21.201,20.413,16.559,16.156,20.252,15.021,20.583,20.712,18.186,17.182,16.947,16.814,18.136,18.463,18.879,22.212,20.28,18.053,19.376,21.28,20.43,16.576,17.101,21.115,15.037,20.749,20.579,18.276,17.121,16.949,16.784,18.116,18.532,18.874,21.969,20.549,19.355,21.875,10.789,10.396,16.554,10.106,10.708,15.189,14.254,20.448,16.78,15.1,14.99,11.481,8.046,10.75,17.715,10.648,13.282,9.941,21.845,11.014,10.243,16.576,8.615,8.5,15.208,14.527,20.84,16.809,15.198,14.956,11.465,8.165,10.694,17.688,10.808,13.174,8.052,11.37
2026-01-01 05:18:00,19.428,21.154,20.265,16.836,17.057,21.364,15.101,20.758,20.637,18.352,17.263,17.001,16.801,18.137,18.694,18.973,21.848,20.472,19.395,19.376,21.28,20.43,16.576,17.101,21.115,15.037,20.749,20.579,18.276,17.121,16.949,16.784,18.116,18.532,18.874,21.969,20.549,19.355,21.813,11.059,10.12,16.454,8.594,8.357,15.424,14.557,20.941,17.065,15.403,15.258,11.336,8.402,10.63,17.655,10.836,13.183,8.047,21.845,11.014,10.243,16.576,8.615,8.5,15.208,14.527,20.84,16.809,15.198,14.956,11.465,8.165,10.694,17.688,10.808,13.174,8.052,24.16
2026-01-01 05:20:00,19.301,21.235,20.315,16.545,17.152,21.234,15.038,20.998,20.57,18.659,17.241,17.009,16.724,17.777,18.513,18.896,22.199,20.383,19.584,19.376,21.28,20.43,16.576,17.101,21.115,15.037,20.749,20.579,18.276,17.121,16.949,16.784,18.116,18.532,18.874,21.969,20.549,19.355,21.889,11.235,9.922,16.361,8.425,8.542,15.224,14.583,21.116,16.813,14.989,15.019,11.73,8.454,10.684,17.711,10.857,13.261,8.032,21.845,11.014,10.243,16.576,8.615,8.5,15.208,14.527,20.84,16.809,15.198,14.956,11.465,8.165,10.694,17.688,10.808,13.174,8.052,23.91
2026-01-01 05:22:00,19.346,21.367,20.125,16.593,17.06,18.82,15.048,18.136,20.693,18.359,17.193,17.07,16.916,16.423,18.369,18.708,22.13,20.634,19.367,19.376,21.28,20.43,16.576,,21.115,15.037,20.749,20.579,18.276,17.121,16.949,16.784,18.116,18.532,18.874,21.969,20.549,19.355,21.776,11.241,10.467,16.579,8.53,9.331,15.041,16.681,20.801,16.704,15.238,14.882,11.331,8.987,10.329,17.742,10.773,13.373,7.987,21.845,11.014,10.243,16.576,8.615,8.5,15.208,14.527,20.84,16.809,15.198,14.956,11.465,8.165,10.694,17.688,10.808,13.174,8.052,8.33
2026-01-01 05:24:00,19.324,21.284,20.433,16.536,17.017,21.375,15.064,20.676,20.423,18.188,17.208,17.04,16.758,18.122,18.495,18.742,22.125,20.593,19.652,19.376,21.28,20.43,16.576,17.101,21.115,15.037,20.749,20.579,18.276,17.121,16.949,16.784,18.116,18.532,18.874,21.969,20.549,19.355,21.823,10.881,10.547,16.615,8.793,8.45,15.294,14.388,20.75,16.764,15.067,15.061,11.586,8.337,10.559,17.602,10.801,13.267,7.867,21.845,11.014,10.243,16.576,8.615,8.5,15.208,14.527,20.84,16.809,15.198,14.956,11.465,8.165,10.694,17.688,10.808,13.174,8.052,24.4
2026-01-01 05:26:00,,21.264,19.209,16.547,16.935,21.001,15.049,20.79,20.568,18.396,17.24,16.988,15.109,16.549,18.598,18.985,21.976,20.603,19.316,19.376,21.28,20.43,16.576,17.101,21.115,15.037,20.749,20.579,18.276,17.121,16.949,16.784,18.116,18.532,18.874,21.969,20.549,19.355,21.804,11.162,11.573,16.557,8.448,8.448,15.307,14.672,20.593,16.864,15.141,14.816,13.176,10.123,10.532,17.535,10.829,12.953,8.017,21.845,11.014,10.243,16.576,8.615,8.5,15.208,14.527,20.84,16.809,15.198,14.956,11.465,8.165,10.694,17.688,10.808,13.174,8.052,10.84
2026-01-01 05:28:00,19.206,21.16,20.522,16.63,17.292,18.823,15.141,20.907,20.699,18.203,17.099,16.965,16.666,18.172,18.655,18.817,22.205,20.514,19.331,19.376,21.28,20.43,16.576,17.101,21.115,15.037,20.749,20.579,18.276,17.121,16.949,16.784,18.116,18.532,18.874,21.969,20.549,19.355,21.912,10.816,10.262,16.632,8.513,9.893,15.298,14.582,20.736,16.926,15.142,14.979,11.467,8.157,10.393,17.832,10.87,13.184,8.133,21.845,11.014,10.243,16.576,8.615,8.5,15.208,14.527,20.84,16.809,15.198,14.956,11.465,8.165,10.694,17.688,10.808,13.174,8.052,18.3
2026-01-01 05:30:00,19.347,21.196,20.48,16.579,17.301,21.188,15.101,20.722,20.41,18.265,17.019,17.063,16.78,18.315,18.62,18.975,21.996,20.574,19.434,19.376,21.28,20.43,16.576,17.101,21.115,15.037,20.749,20.579,18.276,17.121,16.949,16.784,18.116,18.532,18.874,21.969,20.549,19.355,21.776,10.985,10.309,16.254,8.499,8.405,15.156,14.44,20.719,16.836,15.303,15.013,11.605,8.231,10.9,17.91,10.733,13.047,7.958,21.845,11.014,10.243,16.576,8.615,8.5,15.208,14.527,20.84,16.809,15.198,14.956,11.465,8.165,10.694,17.688,10.808,13.174,8.052,23.14
2026-01-01 05:32:00,19.486,21.195,20.489,16.891,17.09,21.084,14.954,20.575,20.722,16.908,17.157,17.17,17.085,18.009,18.658,18.949,22.016,20.606,19.353,19.376,21.28,20.43,16.576,17.101,21.115,15.037,20.749,20.579,18.276,17.121,16.949,16.784,18.116,18.532,18.874,21.969,20.549,19.355,21.786,11.112,10.31,16.598,8.51,8.431,15.171,14.551,20.394,17.827,15.261,14.843,11.664,8.269,10.787,17.449,10.916,13.188,8.073,21.845,11.014,10.243,16.576,8.615,8.5,15.208,14.527,20.84,16.809,15.198,14.956,11.465,8.165,10.694,17.688,10.808,13.174,8.052,21.69
2026-01-01 05:34:00,19.567,21.354,20.471,16.726,17.209,20.405,15.076,18.615,20.641,18.265,17.019,15.029,16.658,18.129,18.563,18.629,21.971,20.627,19.376,19.376,21.28,20.43,16.576,17.101,21.115,15.037,20.749,20.579,18.276,17.121,16.949,16.784,18.116,18.532,18.874,21.969,20.549,19.355,21.504,10.78,10.19,16.372,8.798,9.96,15.308,16.581,21.244,16.809,15.407,15.89,11.291,8.21,10.873,17.603,10.953,13.252,8.048,21.845,11.014,10.243,16.576,8.615,8.5,15.208,14.527,20.84,16.809,15.198,14.956,11.465,8.165,10.694,17.688,10.808,13.174,8.052,9.12
2026-01-01 05:36:00,19.261,21.433,20.347,16.429,16.972,21.113,15.155,20.889,20.605,18.133,17.043,16.841,16.763,17.903,18.545,18.952,21.951,20.604,19.243,19.376,21.28,20.43,16.576,17.101,21.115,15.037,20.749,20.579,18.276,17.121,16.949,16.784,18.116,18.532,18.874,21.969,20.549,19.355,21.869,11.028,10.148,16.591,8.671,8.386,14.822,14.615,20.735,16.885,15.067,15.007,11.426,8.112,10.68,17.735,10.546,13.349,8.195,21.845,11.014,10.243,16.576,8.615,8.5,15.208,14.527,20.84,16.809,15.198,14.956,11.465,8.165,10.694,17.688,10.808,13.174,8.052,24.18
2026-01-01 05:38:00,19.201,21.204,20.569,16.7,17.046,21.259,14.998,20.93,20.637,18.221,17.217,16.856,16.672,17.941,18.563,17.615,21.959,19.668,19.528,19.376,21.28,20.43,16.576,17.101,21.115,15.037,20.749,20.579,18.276,17.121,16.949,16.784,18.116,18.532,18.874,21.969,20.549,19.355,21.887,10.77,10.361,16.57,8.85,8.426,15.175,14.665,20.521,16.746,15.166,14.612,11.321,8.194,10.737,20.905,10.942,15.457,8.162,21.845,11.014,10.243,16.576,8.615,8.5,15.208,14.527,20.84,16.809,15.198,14.956,11.465,8.165,10.694,17.688,10.808,13.174,8.052,12.16
2026-01-01 05:40:00,19.325,21.194,20.579,16.747,17.142,20.906,14.965,20.822,20.582,18.462,16.957,17.03,16.709,18.274,18.523,18.998,21.891,20.379,19.222,19.376,21.28,20.43,16.576,17.101,21.115,15.037,20.749,20.579,18.276,17.121,16.949,16.784,18.116,18.532,18.874,21.969,20.549,19.355,21.896,11.025,10.071,16.844,8.868,8.539,15.084,14.355,20.671,16.935,14.943,15.119,11.435,8.212,10.801,18.035,10.913,13.145,8.103,21.845,11.014,10.243,16.576,8.615,8.5,15.208,14.527,20.84,16.809,15.198,14.956,11.465,8.165,10.694,17.688,10.808,13.174,8.052,23.61
2026-01-01 05:42:00,19.303,21.158,20.574,16.737,17.134,18.885,15.023,20.666,20.754,18.313,17.18,16.901,,18.023,18.398,18.919,21.98,20.452,19.309,19.376,21.28,20.43,16.576,17.101,21.115,15.037,20.749,20.579,18.276,17.121,16.949,16.784,18.116,18.532,18.874,21.969,20.549,19.355,21.862,11.016,10.254,16.426,8.658,9.108,15.371,14.468,20.666,16.902,15.294,14.969,11.24,7.971,10.77,18.017,10.843,13.214,8.136,21.845,11.014,10.243,16.576,8.615,8.5,15.208,14.527,20.84,16.809,15.198,14.956,11.465,8.165,10.694,17.688,10.808,13.174,8.052,19.9
2026-01-01 05:44:00,19.564,21.165,20.32,16.549,17.017,21.063,15.101,20.956,20.366,18.273,17.126,16.939,16.762,18.075,18.652,18.819,21.953,20.549,19.368,19.376,21.28,20.43,16.576,17.101,21.115,15.037,20.749,20.579,18.276,17.121,16.949,16.784,18.116,18.532,18.874,21.969,20.549,19.355,21.715,11.175,10.148,16.579,8.493,8.319,15.093,14.388,20.779,17.033,15.239,14.871,11.523,8.079,10.857,17.803,10.754,13.165,8.062,21.845,11.014,10.243,16.576,8.615,8.5,15.208,14.527,20.84,16.809,15.198,14.956,11.465,8.165,10.694,17.688,10.808,13.174,8.052,24.8
2026-01-01 05:46:00,19.355,20.474,20.429,16.597,17.095,20.995,14.937,20.623,20.603,18.19,16.994,16.978,16.847,16.658,18.735,18.878,21.956,20.677,19.364,19.376,21.28,20.43,16.576,17.101,21.115,15.037,20.749,20.579,18.276,17.121,16.949,16.784,18.116,18.532,18.874,21.969,20.549,19.355,21.695,11.886,10.222,16.442,8.61,8.623,15.175,14.612,21.097,16.745,15.408,14.834,11.297,,10.67,17.473,10.998,13.299,7.91,21.845,11.014,10.243,16.576,8.615,8.5,15.208,14.527,20.84,16.809,15.198,14.956,11.465,8.165,10.694,17.688,10.808,13.174,8.052,15.38
2026-01-01 05:48:00,19.303,21.544,20.301,16.565,17.203,20.987,15.025,20.795,20.868,18.168,17.116,17.028,16.794,17.971,18.581,18.887,22.022,20.684,19.477,19.376,21.28,20.43,16.576,17.101,21.115,15.037,20.749,20.579,18.276,17.121,16.949,16.784,18.116,18.532,18.874,21.969,20.549,19.355,21.816,11.002,10.061,16.623,8.417,8.246,15.42,14.434,20.729,16.776,15.092,15.271,11.533,8.288,10.824,18.001,10.48,13.288,8.078,21.845,11.014,10.243,16.576,8.615,8.5,15.208,14.527,20.84,16.809,15.198,14.956,11.465,8.165,10.694,17.688,10.808,13.174,8.052,23.75
2026-01-01 05:50:00,19.425,21.318,20.298,15.523,17.128,21.067,15.049,20.65,20.764,18.534,17.074,16.997,16.756,18.267,18.584,18.884,21.942,20.564,19.235,19.376,21.28,20.43,16.576,17.101,21.115,15.037,20.749,20.579,18.276,17.121,16.949,16.784,18.116,18.532,18.874,21.969,20.549,19.355,21.857,11.186,10.335,18.024,8.652,8.475,15.372,14.221,20.934,16.831,15.294,15.014,11.158,8.267,10.689,17.573,10.947,13.167,8.296,21.845,11.014,10.243,16.576,8.615,8.5,15.208,14.527,20.84,16.809,15.198,14.956,11.465,8.165,10.694,17.688,10.808,13.174,8.052,20.69
2026-01-01 05:52:00,19.457,21.195,20.494,16.592,17.233,21.113,15.16,20.638,20.653,18.249,17.145,16.958,16.896,17.873,18.571,18.695,22.113,20.312,19.235,19.376,21.28,20.43,16.576,17.101,21.115,15.037,20.749,20.579,18.276,17.121,16.949,16.784,18.116,18.532,18.874,21.969,20.549,19.355,22.004,10.851,10.358,16.575,8.611,8.478,15.358,14.409,20.905,16.583,15.246,14.77,11.278,8.158,10.528,17.851,10.647,13.409,8.173,21.845,11.014,10.243,16.576,8.615,8.5,15.208,14.527,20.84,16.809,15.198,14.956,11.465,8.165,10.694,17.688,10.808,13.174,8.052,23.37
2026-01-01 05:54:00,19.175,21.477,20.275,16.59,17.037,20.899,14.996,20.828,20.557,18.388,17.078,16.95,16.738,18.157,18.76,18.918,21.992,20.474,19.265,19.376,21.28,20.43,16.576,17.101,21.115,15.037,20.749,20.579,18.276,17.121,16.949,16.784,18.116,18.532,18.874,21.969,20.549,19.355,21.86,11.107,10.274,16.924,8.689,8.413,15.265,14.477,20.831,16.723,15.119,15.081,11.459,8.279,10.649,17.676,10.739,13.364,8.295,21.845,11.014,10.243,16.576,8.615,8.5,15.208,14.527,20.84,16.809,15.198,14.956,11.465,8.165,10.694,17.688,10.808,13.174,8.052,24.47
2026-01-01 05:56:00,19.551,21.147,20.32,16.565,17.05,21.35,14.753,20.792,20.665,18.141,17.044,17.001,16.98,18.005,18.342,18.991,22.151,20.508,19.09,19.376,21.28,20.43,16.576,17.101,21.115,15.037,20.749,20.579,18.276,17.121,16.949,16.784,18.116,18.532,18.874,21.969,20.549,19.355,21.833,11.147,10.032,16.389,8.725,8.244,15.621,14.677,21.098,16.798,15.0,14.827,11.338,8.292,10.543,17.571,11.042,12.996,7.961,21.845,11.014,10.243,16.576,8.615,8.5,15.208,14.527,20.84,16.809,15.198,14.956,11.465,8.165,10.694,17.688,10.808,13.174,8.052,24.55
2026-01-01 05:58:00,19.55,21.257,20.565,16.571,17.056,21.061,12.801,20.921,20.323,18.163,15.962,16.905,16.621,18.116,18.519,18.863,21.911,20.511,18.286,19.376,21.28,20.43,16.576,17.101,21.115,15.037,20.749,20.579,18.276,17.121,16.949,16.784,18.116,18.532,18.874,21.969,20.549,19.355,22.05,11.387,10.002,16.219,8.514,8.533,16.045,14.447,20.652,16.938,17.427,14.862,11.474,8.384,10.723,18.077,10.764,13.268,10.538,21.845,11.014,10.243,16.576,8.615,8.5,15.208,14.527,20.84,16.809,15.198,14.956,11.465,8.165,10.694,17.688,10.808,13.174,8.052,8.23
2026-01-01 06:00:00,19.416,21.183,20.395,16.559,17.258,21.16,15.024,20.813,20.628,18.406,17.182,17.164,16.945,18.111,18.482,18.98,22.03,20.537,19.178,19.376,21.28,20.43,16.576,17.101,21.115,15.037,20.749,20.579,18.276,17.121,16.949,16.784,18.116,18.532,18.874,21.969,20.549,19.355,21.752,11.014,10.142,16.463,8.536,8.358,15.132,14.542,20.9,16.652,15.171,14.84,11.606,8.429,10.727,17.755,10.773,13.252,8.026,21.845,11.014,10.243,16.576,8.615,8.5,15.208,14.527,20.84,16.809,15.198,14.956,11.465,8.165,10.694,17.688,10.808,13.174,8.052,24.1
2026-01-01 06:02:00,19.156,21.322,20.522,16.673,16.947,21.239,14.973,20.795,20.629,18.179,17.05,16.7,16.674,17.899,18.584,18.882,22.078,20.591,19.279,19.376,21.28,20.43,16.576,17.101,21.115,15.037,20.749,20.579,18.276,17.121,16.949,16.784,18.116,18.532,18.874,21.969,20.549,19.355,21.661,11.206,10.585,16.675,8.62,8.577,15.466,14.463,20.957,16.842,14.878,14.909,11.557,8.225,10.683,17.508,10.854,13.207,8.141,21.845,11.014,10.243,16.576,8.615,8.5,15.208,14.527,20.84,16.809,15.198,14.956,11.465,8.165,10.694,17.688,10.808,13.174,8.052,24.35
2026-01-01 06:04:00,17.367,21.234,20.503,16.614,16.983,21.115,15.043,20.712,20.687,18.481,17.077,16.907,16.514,18.1,18.479,18.615,22.003,20.62,19.267,19.376,21.28,20.43,16.576,17.101,21.115,15.037,20.749,20.579,18.276,17.121,16.949,16.784,18.116,18.532,18.874,21.969,20.549,19.355,25.097,11.028,10.415,16.657,9.038,8.584,15.614,14.386,20.667,16.891,15.186,15.162,11.597,8.3,10.587,17.696,10.948,13.101,8.067,21.845,11.014,10.243,16.576,8.615,8.5,15.208,14.527,20.84,16.809,15.198,14.956,11.465,8.165,10.694,17.688,10.808,13.174,8.052,17.49
2026-01-01 06:06:00,19.331,21.165,20.521,16.394,17.064,21.349,15.043,20.805,20.562,18.135,17.117,16.998,16.661,18.157,18.681,19.003,21.779,20.432,19.162,19.376,21.28,20.43,16.576,17.101,21.115,15.037,20.749,20.579,18.276,17.121,16.949,16.784,18.116,18.532,18.874,21.969,20.549,19.355,22.041,11.021,10.292,16.772,8.697,8.294,15.241,14.545,20.906,17.168,15.384,14.993,11.38,8.307,10.737,17.9,10.871,13.339,7.946,21.845,11.014,10.243,16.576,8.615,8.5,15.208,14.527,20.84,16.809,15.198,14.956,11.465,8.165,10.694,17.688,10.808,13.174,8.052,24.56
2026-01-01 06:08:00,19.504,21.354,20.514,14.455,16.961,21.124,15.049,20.646,20.597,18.353,16.278,16.824,16.531,16.982,18.552,18.843,21.917,20.466,19.441,19.376,21.28,20.43,16.576,17.101,21.115,15.037,20.749,20.579,18.276,17.121,16.949,16.784,18.116,18.532,18.874,21.969,20.549,19.355,21.834,11.037,10.134,18.78,8.573,8.459,15.118,14.527,20.608,16.958,18.152,15.056,11.667,11.106,10.662,17.902,10.764,13.21,7.74,21.845,11.014,10.243,16.576,8.615,8.5,15.208,14.527,20.84,16.809,15.198,14.956,11.465,8.165,10.694,17.688,10.808,13.174,8.052,5.92
2026-01-01 06:10:00,19.369,21.295,20.313,16.502,17.121,20.994,14.886,20.709,20.724,18.298,17.296,16.933,16.747,17.948,18.463,19.047,22.008,20.637,19.44,19.376,21.28,20.43,16.576,17.101,21.115,15.037,20.749,20.579,18.276,17.121,16.949,16.784,18.116,18.532,18.874,21.969,20.549,19.355,21.776,11.023,10.353,16.666,8.771,8.426,15.135,14.569,20.731,16.759,15.215,14.666,11.235,8.234,10.593,17.808,10.742,13.024,8.151,21.845,11.014,10.243,16.576,8.615,8.5,15.208,14.527,20.84,16.809,15.198,14.956,11.465,8.165,10.694,17.688,10.808,13.174,8.052,23.82
2026-01-01 06:12:00,19.375,21.256,20.444,16.657,17.156,21.174,15.055,20.656,20.548,18.163,17.242,16.697,16.758,18.402,18.491,18.738,21.966,20.703,19.336,19.376,21.28,20.43,16.576,17.101,21.115,15.037,20.749,20.579,18.276,17.121,16.949,16.784,18.116,18.532,18.874,21.969,20.549,19.355,21.812,11.075,10.147,16.46,8.571,8.386,15.185,14.379,20.896,16.929,15.271,14.769,11.653,7.907,10.728,17.706,10.925,13.075,7.98,21.845,11.014,10.243,16.576,8.615,8.5,15.208,14.527,20.84,16.809,15.198,14.956,11.465,8.165,10.694,17.688,10.808,13.174,8.052,23.65
2026-01-01 06:14:00,19.449,21.292,20.385,16.954,17.11,21.05,14.978,20.794,19.942,17.011,17.138,16.777,16.848,18.078,18.498,18.697,21.9,20.461,19.351,19.376,21.28,20.43,16.576,17.101,21.115,15.037,20.749,20.579,18.276,17.121,16.949,16.784,18.116,18.532,18.874,21.969,20.549,19.355,22.021,11.187,10.093,16.536,8.5,8.113,15.38,14.431,22.934,17.737,15.007,15.094,11.368,7.949,10.746,17.715,10.729,13.167,8.307,21.845,11.014,10.243,16.576,8.615,8.5,15.208,14.527,20.84,16.809,15.198,14.956,11.465,8.165,10.694,17.688,10.808,13.174,8.052,15.95
2026-01-01 06:16:00,19.201,21.287,20.445,16.442,17.026,21.012,15.146,20.445,20.538,18.076,17.069,17.051,16.708,18.132,18.43,19.107,22.078,20.684,19.196,19.376,21.28,20.43,16.576,17.101,21.115,15.037,20.749,20.579,18.276,17.121,16.949,16.784,18.116,18.532,18.874,21.969,20.549,19.355,21.952,11.018,10.191,16.853,8.552,8.209,15.394,14.454,20.517,16.601,14.996,,11.354,8.077,10.94,17.677,10.723,13.15,8.083,21.845,11.014,10.243,16.576,8.615,8.5,15.208,14.527,20.84,16.809,15.198,14.956,11.465,8.165,10.694,17.688,10.808,13.174,8.052,23.68
2026-01-01 06:18:00,19.244,21.41,20.406,16.545,17.141,20.964,15.13,20.751,20.637,18.195,17.183,16.864,16.899,18.251,18.641,18.936,22.045,20.224,19.455,19.376,21.28,20.43,16.576,17.101,21.115,15.037,20.749,20.579,18.276,17.121,16.949,16.784,18.116,18.532,18.874,21.969,20.549,19.355,21.995,11.212,9.951,16.356,8.614,8.789,15.136,14.691,20.758,16.727,15.16,15.166,11.395,8.178,10.745,17.828,10.82,13.31,8.309,21.845,11.014,10.243,16.576,8.615,8.5,15.208,14.527,20.84,16.809,15.198,14.956,11.465,8.165,10.694,17.688,10.808,13.174,8.052,23.51
2026-01-01 06:20:00,19.343,21.292,20.396,16.41,15.342,21.194,13.7,20.674,20.471,18.45,17.015,17.198,16.79,18.01,18.65,19.078,21.796,20.736,19.321,19.376,21.28,20.43,16.576,17.101,21.115,15.037,20.749,20.579,18.276,17.121,16.949,16.784,18.116,18.532,18.874,21.969,20.549,19.355,21.967,10.961,10.225,16.621,10.65,8.335,16.238,14.447,20.549,17.249,15.33,14.875,11.357,8.353,10.486,17.538,10.968,13.165,8.172,21.845,11.014,10.243,16.576,8.615,8.5,15.208,14.527,20.84,16.809,15.198,14.956,11.465,8.165,10.694,17.688,10.808,13.174,8.052,14.14
2026-01-01 06:22:00,19.554,21.235,20.241,16.637,15.334,21.366,15.244,20.832,19.585,18.213,17.086,16.849,16.751,17.81,18.553,18.871,20.356,20.64,19.298,19.376,21.28,20.43,16.576,17.101,21.115,15.037,20.749,20.579,18.276,17.121,16.949,16.784,18.116,18.532,18.874,21.969,20.549,19.355,21.865,11.018,10.15,16.652,10.161,8.538,15.148,14.711,22.444,16.904,15.026,14.712,11.579,8.071,10.571,17.747,12.232,13.136,8.012,21.845,11.014,10.243,16.576,8.615,8.5,15.208,14.527,20.84,16.809,15.198,14.956,11.465,8.165,10.694,17.688,10.808,13.174,8.052,11.17
2026-01-01 06:24:00,19.443,21.133,20.357,16.352,17.274,21.186,14.896,20.741,20.693,18.335,17.167,16.846,16.708,18.127,18.642,18.775,21.834,20.686,19.244,19.376,21.28,20.43,16.576,17.101,21.115,15.037,20.749,20.579,18.276,17.121,16.949,16.784,18.116,18.532,18.874,21.969,20.549,19.355,21.916,11.101,10.257,16.308,8.735,8.387,15.526,14.427,20.878,16.805,15.232,15.337,11.431,8.323,10.699,17.64,10.928,13.229,8.03,21.845,11.014,10.243,16.576,8.615,8.5,15.208,14.527,20.84,16.809,15.198,14.956,11.465,8.165,10.694,17.688,10.808,13.174,8.052,24.15
2026-01-01 06:26:00,19.505,21.31,20.536,16.786,17.184,21.208,14.927,20.665,20.657,18.46,17.288,17.227,16.821,18.14,18.653,18.877,20.261,20.423,19.474,19.376,21.28,20.43,16.576,17.101,21.115,15.037,20.749,20.579,18.276,17.121,16.949,16.784,18.116,18.532,18.874,21.969,20.549,19.355,21.704,11.083,10.76,16.56,8.715,8.417,15.735,14.318,20.758,16.532,15.307,14.985,11.535,8.169,10.934,17.901,12.587,12.774,7.921,21.845,11.014,10.243,16.576,8.615,8.5,15.208,14.527,20.84,16.809,15.198,14.956,11.465,8.165,10.694,17.688,10.808,13.174,8.052,19.4
2026-01-01 06:28:00,19.247,21.342,20.259,16.708,16.978,21.216,14.846,20.696,20.721,18.179,17.129,16.892,16.507,18.153,18.584,18.742,22.037,20.453,19.235,19.376,21.28,20.43,16.576,17.101,21.115,15.037,20.749,20.579,18.276,17.121,16.949,16.784,18.116,18.532,18.874,21.969,20.549,19.355,21.867,11.153,9.835,16.82,8.672,8.746,15.038,14.417,20.688,16.72,15.086,14.698,11.666,8.252,10.575,17.383,10.988,12.834,7.89,21.845,11.014,10.243,16.576,8.615,8.5,15.208,14.527,20.84,16.809,15.198,14.956,11.465,8.165,10.694,17.688,10.808,13.174,8.052,24.27
2026-01-01 06:30:00,19.376,21.199,20.705,16.39,17.19,21.234,,20.541,20.647,18.218,17.167,17.086,16.739,17.988,18.204,18.899,21.857,20.586,19.383,19.376,21.28,20.43,16.576,17.101,21.115,15.037,20.749,20.579,18.276,17.121,16.949,16.784,18.116,18.532,18.874,21.969,20.549,19.355,21.658,10.907,10.316,16.709,8.666,8.327,15.408,14.71,20.961,17.17,15.039,14.843,11.35,8.074,10.794,17.722,10.75,13.35,8.042,21.845,11.014,10.243,16.576,8.615,8.5,15.208,14.527,20.84,16.809,15.198,14.956,11.465,8.165,10.694,17.688,10.808,13.174,8.052,24.32
2026-01-01 06:32:00,19.21,21.487,20.56,16.678,16.959,21.066,14.971,20.699,20.445,18.328,17.149,16.993,16.723,18.27,18.554,18.546,21.892,20.542,19.471,19.376,21.28,20.43,16.576,17.101,21.115,15.037,20.749,20.579,18.276,17.121,16.949,16.784,18.116,18.532,18.874,21.969,20.549,19.355,21.763,10.921,10.048,16.542,8.485,8.484,15.266,14.597,20.773,17.096,15.024,15.063,11.469,8.208,10.591,17.571,10.905,12.913,8.072,21.845,11.014,10.243,16.576,8.615,8.5,15.208,14.527,20.84,16.809,15.198,14.956,11.465,8.165,10.694,17.688,10.808,13.174,8.052,24.06
2026-01-01 06:34:00,19.34,21.25,20.35,16.656,17.047,21.042,14.948,20.815,20.516,18.074,17.196,16.865,16.827,18.16,18.676,19.0,21.899,20.529,19.2,19.376,21.28,20.43,16.576,17.101,21.115,15.037,20.749,20.579,18.276,17.121,16.949,16.784,18.116,18.532,18.874,21.969,20.549,19.355,21.624,10.737,10.253,16.489,8.907,8.233,15.23,14.542,20.865,16.737,14.953,15.066,11.577,8.223,10.734,17.869,10.956,13.278,7.957,21.845,11.014,10.243,16.576,8.615,8.5,15.208,14.527,20.84,16.809,15.198,14.956,11.465,8.165,10.694,17.688,10.808,13.174,8.052,24.29
2026-01-01 06:36:00,19.577,21.333,20.597,16.538,16.855,21.299,15.048,20.765,20.586,18.353,17.185,16.758,16.915,18.052,18.476,19.082,22.079,20.508,19.132,19.376,21.28,20.43,16.576,17.101,21.115,15.037,20.749,20.579,18.276,17.121,16.949,16.784,18.116,18.532,18.874,21.969,20.549,19.355,21.998,10.883,10.301,16.424,8.59,8.618,15.161,14.67,20.768,17.06,15.174,15.348,11.573,8.159,10.524,17.625,11.105,12.985,7.816,21.845,11.014,10.243,16.576,8.615,8.5,15.208,14.527,20.84,16.809,15.198,14.956,11.465,8.165,10.694,17.688,10.808,13.174,8.052,23.25
2026-01-01 06:38:00,19.395,21.345,20.42,16.427,17.006,20.964,15.063,20.847,20.703,18.188,17.149,17.015,16.723,18.098,18.787,18.899,22.074,20.496,19.36,19.376,21.28,20.43,16.576,17.101,21.115,15.037,20.749,20.579,18.276,17.121,16.949,16.784,18.116,18.532,18.874,21.969,20.549,19.355,21.89,11.204,10.186,16.446,8.582,8.467,15.378,14.81,20.818,16.685,15.017,14.695,11.454,7.93,10.8,17.653,10.702,13.39,7.79,21.845,11.014,10.243,16.576,8.615,8.5,15.208,14.527,20.84,16.809,15.198,14.956,11.465,8.165,10.694,17.688,10.808,13.174,8.052,24.01
2026-01-01 06:40:00,17.603,21.277,20.573,16.828,17.245,21.197,15.043,18.901,18.527,18.349,17.027,17.061,16.666,17.902,18.41,18.675,21.804,20.684,19.331,19.376,21.28,20.43,16.576,17.101,21.115,15.037,20.749,20.579,18.276,17.121,16.949,16.784,18.116,18.532,18.874,21.969,20.549,19.355,24.76,11.03,10.281,16.573,8.443,8.59,15.387,16.651,23.455,16.79,15.152,15.016,11.434,8.102,10.872,17.54,10.745,13.107,7.929,21.845,11.014,10.243,16.576,8.615,8.5,15.208,14.527,20.84,16.809,15.198,14.956,11.465,8.165,10.694,17.688,10.808,13.174,8.052,4.39
2026-01-01 06:42:00,19.402,21.419,20.581,16.516,17.261,19.904,15.037,20.802,18.352,18.181,15.49,17.022,16.739,18.1,18.648,19.044,22.061,20.701,19.307,19.376,21.28,20.43,16.576,17.101,21.115,15.037,20.749,20.579,18.276,17.121,16.949,16.784,18.116,18.532,18.874,21.969,20.549,19.355,21.764,11.223,10.114,16.951,8.373,9.775,15.099,14.331,23.649,16.874,17.577,14.921,11.413,8.558,10.711,17.725,10.885,13.204,8.048,21.845,11.014,10.243,16.576,8.615,8.5,15.208,14.527,20.84,16.809,15.198,14.956,11.465,8.165,10.694,17.688,10.808,13.174,8.052,7.18
2026-01-01 06:44:00,19.339,21.319,20.394,16.516,17.299,21.091,14.921,20.807,20.8,16.502,17.269,16.896,16.725,18.033,18.515,19.095,21.83,20.745,19.234,19.376,21.28,20.43,16.576,17.101,21.115,15.037,20.749,20.579,18.276,17.121,16.949,16.784,18.116,18.532,18.874,21.969,20.549,19.355,21.711,11.023,10.27,16.368,8.622,8.305,14.95,14.511,20.914,19.231,15.108,14.729,11.324,8.12,10.671,17.754,10.775,13.328,7.95,21.845,11.014,10.243,16.576,8.615,8.5,15.208,14.527,20.84,16.809,15.198,14.956,11.465,8.165,10.694,17.688,10.808,13.174,8.052,18.01
2026-01-01 06:46:00,19.348,21.381,20.505,16.61,16.903,20.436,14.914,21.057,20.554,16.569,16.984,16.892,16.629,18.233,18.5,18.942,21.886,20.488,19.51,19.376,21.28,20.43,16.576,17.101,21.115,15.037,20.749,20.579,18.276,17.121,16.949,16.784,18.116,18.532,18.874,21.969,20.549,19.355,21.911,11.106,10.296,16.651,8.445,10.073,15.126,14.494,20.682,19.001,,14.848,11.564,8.045,10.744,17.712,10.885,13.177,7.865,21.845,11.014,10.243,16.576,8.615,8.5,15.208,14.527,20.84,16.809,15.198,14.956,11.465,8.165,10.694,17.688,10.808,13.174,8.052,14.52
2026-01-01 06:48:00,19.259,21.064,20.479,16.439,17.048,21.224,14.205,20.854,20.498,18.454,17.28,16.892,16.758,18.016,18.556,19.012,21.795,20.659,19.196,19.376,21.28,20.43,16.576,17.101,21.115,15.037,20.749,20.579,18.276,17.121,16.949,16.784,18.116,18.532,18.874,21.969,20.549,19.355,21.864,11.066,10.523,16.854,8.745,8.645,16.296,14.443,20.672,16.898,15.277,15.036,11.552,8.218,10.675,17.598,10.914,13.173,8.211,21.845,11.014,10.243,16.576,8.615,8.5,15.208,14.527,20.84,16.809,15.198,14.956,11.465,8.165,10.694,17.688,10.808,13.174,8.052,21.32
2026-01-01 06:50:00,19.273,21.066,20.682,16.583,17.131,21.034,15.165,20.496,20.583,18.54,17.075,16.951,16.865,18.018,18.535,18.99,21.992,20.593,19.313,19.376,21.28,20.43,16.576,17.101,21.115,15.037,20.749,20.579,18.276,17.121,16.949,16.784,18.116,18.532,18.874,21.969,20.549,19.355,21.777,10.971,10.122,16.674,8.489,8.14,15.084,14.42,20.837,16.753,15.388,15.003,11.611,8.376,10.851,17.827,10.736,13.24,8.037,21.845,11.014,10.243,16.576,8.615,8.5,15.208,14.527,20.84,16.809,15.198,14.956,11.465,8.165,10.694,17.688,10.808,13.174,8.052,23.8
2026-01-01 06:52:00,19.414,21.287,20.604,16.663,17.072,20.821,13.954,20.839,20.469,18.036,15.847,17.06,16.656,18.06,16.381,19.021,21.966,20.537,19.289,19.376,21.28,20.43,16.576,17.101,21.115,15.037,20.749,20.579,18.276,17.121,16.949,16.784,18.116,18.532,18.874,21.969,20.549,19.355,21.963,10.926,10.343,16.5,8.729,8.686,16.816,14.466,21.042,16.55,17.272,14.742,,7.987,11.745,17.582,11.003,13.503,8.185,21.845,11.014,10.243,16.576,8.615,8.5,15.208,14.527,20.84,16.809,15.198,14.956,11.465,8.165,10.694,17.688,10.808,13.174,8.052,11.28
2026-01-01 06:54:00,19.571,21.408,20.418,16.409,17.006,21.184,14.95,20.856,20.623,18.311,17.2,17.009,16.681,18.076,18.813,18.73,21.912,20.677,19.336,19.376,21.28,20.43,16.576,17.101,21.115,15.037,20.749,20.579,18.276,17.121,16.949,16.784,18.116,18.532,18.874,21.969,20.549,19.355,22.004,11.088,10.233,16.545,8.442,8.384,15.333,14.468,20.902,16.678,15.549,15.166,11.456,8.453,10.776,17.86,10.79,13.111,8.273,21.845,11.014,10.243,16.576,8.615,8.5,15.208,14.527,20.84,16.809,15.198,14.956,11.465,8.165,10.694,17.688,10.808,13.174,8.052,24.35
2026-01-01 06:56:00,19.278,21.122,20.494,16.699,14.936,21.121,15.162,19.94,20.6,18.194,17.142,17.039,16.912,17.099,18.684,18.818,21.845,20.528,19.18,19.376,21.28,20.43,16.576,17.101,21.115,15.037,20.749,20.579,18.276,17.121,16.949,16.784,18.116,18.532,18.874,21.969,20.549,19.355,21.963,11.146,10.402,16.602,10.565,8.564,14.95,15.984,21.017,16.782,15.486,14.911,11.316,9.755,10.675,17.789,10.718,13.264,8.076,21.845,11.014,10.243,16.576,8.615,8.5,15.208,14.527,20.84,16.809,15.198,14.956,11.465,8.165,10.694,17.688,10.808,13.174,8.052,11.33
2026-01-01 06:58:00,19.376,21.315,20.406,16.641,17.063,21.115,14.864,20.754,20.477,16.344,17.11,16.972,16.586,17.928,18.496,18.931,22.012,20.656,19.511,19.376,21.28,20.43,16.576,17.101,21.115,15.037,20.749,20.579,18.276,17.121,16.949,16.784,18.116,18.532,18.874,21.969,20.549,19.355,21.891,11.165,10.134,16.557,8.789,8.691,15.324,14.366,20.878,18.213,15.157,14.731,11.157,8.32,10.822,17.476,10.761,13.188,7.971,21.845,11.014,10.243,16.576,8.615,8.5,15.208,14.527,20.84,16.809,15.198,14.956,11.465,8.165,10.694,17.688,10.808,13.174,8.052,19.67
2026-01-01 07:00:00,19.435,21.278,20.306,16.463,17.045,21.147,15.063,20.749,20.561,18.351,17.146,16.985,16.821,18.05,16.059,18.933,22.019,20.522,19.305,19.376,21.28,20.43,16.576,17.101,21.115,15.037,20.749,20.579,18.276,17.121,16.949,16.784,18.116,18.532,18.874,21.969,20.549,19.355,21.926,10.961,10.039,16.518,8.688,8.366,15.326,14.69,20.936,16.898,15.188,15.043,11.36,7.818,11.853,17.911,10.968,13.017,8.022,21.845,11.014,10.243,16.576,8.615,8.5,15.208,14.527,20.84,16.809,15.198,14.956,11.465,8.165,10.694,17.688,10.808,13.174,8.052,18.52
2026-01-01 07:02:00,19.649,21.189,20.404,16.608,16.963,21.129,15.253,20.861,20.655,18.347,17.135,17.064,16.765,18.065,18.544,18.983,22.008,20.63,19.112,19.376,21.28,20.43,16.576,17.101,21.115,15.037,20.749,20.579,18.276,17.121,16.949,16.784,18.116,18.532,18.874,21.969,20.549,19.355,21.74,10.839,10.196,16.696,8.626,8.464,14.885,14.857,20.668,16.814,15.322,14.984,11.592,7.818,10.563,17.587,10.607,12.937,8.184,21.845,11.014,10.243,16.576,8.615,8.5,15.208,14.527,20.84,16.809,15.198,14.956,11.465,8.165,10.694,17.688,10.808,13.174,8.052,23.36
2026-01-01 07:04:00,19.519,21.561,20.59,16.538,16.999,21.148,14.918,20.836,20.516,18.391,17.285,16.705,16.819,18.032,18.363,18.8,21.942,20.673,19.173,19.376,21.28,20.43,16.576,17.101,21.115,15.037,20.749,20.579,18.276,17.121,16.949,16.784,18.116,18.532,18.874,21.969,20.549,19.355,21.654,11.179,10.377,16.523,8.407,8.411,15.1,14.428,20.723,16.816,15.153,14.947,11.46,8.347,10.994,17.69,10.796,13.149,8.195,21.845,11.014,10.243,16.576,8.615,8.5,15.208,14.527,20.84,16.809,15.198,14.956,11.465,8.165,10.694,17.688,10.808,13.174,8.052,23.9
2026-01-01 07:06:00,19.502,21.523,20.501,16.642,17.1,20.974,15.101,20.795,20.667,18.584,17.209,17.0,16.972,17.954,18.395,18.829,21.89,20.632,19.317,19.376,21.28,20.43,16.576,17.101,21.115,15.037,20.749,20.579,18.276,17.121,16.949,16.784,18.116,18.532,18.874,21.969,20.549,19.355,21.949,11.03,10.221,16.661,8.771,8.434,15.272,14.256,20.74,16.88,14.961,14.73,11.502,7.87,10.645,17.999,10.861,13.436,8.285,21.845,11.014,10.243,16.576,8.615,8.5,15.208,14.527,20.84,16.809,15.198,14.956,11.465,8.165,10.694,17.688,10.808,13.174,8.052,23.05
2026-01-01 07:08:00,19.584,21.463,20.522,16.53,17.175,21.212,14.909,19.943,20.664,18.302,17.31,17.095,16.685,18.13,18.432,18.944,21.864,20.659,19.402,19.376,21.28,20.43,16.576,17.101,21.115,15.037,20.749,20.579,18.276,17.121,16.949,16.784,18.116,18.532,18.874,21.969,20.549,19.355,21.732,10.984,10.299,16.74,8.83,8.616,15.259,15.889,20.998,16.723,15.346,15.157,11.249,8.468,10.666,17.851,10.951,13.453,8.231,21.845,11.014,10.243,16.576,8.615,8.5,15.208,14.527,20.84,16.809,15.198,14.956,11.465,8.165,10.694,17.688,10.808,13.174,8.052,21.02
2026-01-01 07:10:00,19.492,21.263,20.255,16.788,17.08,21.28,15.088,20.829,20.799,18.316,17.289,16.771,16.889,18.087,18.516,18.876,22.01,20.747,19.133,19.376,21.28,20.43,16.576,17.101,21.115,15.037,20.749,20.579,18.276,17.121,16.949,16.784,18.116,18.532,18.874,21.969,20.549,19.355,22.092,11.142,10.127,16.549,8.72,8.644,15.233,14.421,20.654,16.824,15.651,14.94,11.394,8.258,10.806,17.71,10.51,13.074,7.96,21.845,11.014,10.243,16.576,8.615,8.5,15.208,14.527,20.84,16.809,15.198,14.956,11.465,8.165,10.694,17.688,10.808,13.174,8.052,24.14
2026-01-01 07:12:00,19.381,21.195,20.57,16.526,17.156,21.067,15.117,20.87,20.532,18.281,16.951,16.986,16.887,18.049,18.666,18.626,21.746,20.382,19.297,19.376,21.28,20.43,16.576,17.101,21.115,15.037,20.749,20.579,18.276,17.121,16.949,16.784,18.116,18.532,18.874,21.969,20.549,19.355,21.941,10.922,10.21,16.412,8.534,8.833,15.335,14.594,20.717,16.629,15.354,14.957,11.557,8.213,10.715,17.319,10.947,13.441,8.067,21.845,11.014,10.243,16.576,8.615,8.5,15.208,14.527,20.84,16.809,15.198,14.956,11.465,8.165,10.694,17.688,10.808,13.174,8.052,23.86
2026-01-01 07:14:00,19.378,21.271,20.422,16.663,17.045,20.963,14.888,21.002,20.297,18.254,17.296,17.007,16.685,18.116,18.636,19.019,21.861,20.64,19.386,19.376,21.28,20.43,16.576,17.101,21.115,15.037,20.749,20.579,18.276,17.121,16.949,16.784,18.116,18.532,18.874,21.969,20.549,19.355,21.823,11.05,10.208,16.305,8.565,8.502,15.371,14.383,20.797,16.816,15.272,15.251,11.565,8.268,10.518,17.933,10.555,13.381,8.188,21.845,11.014,10.243,16.576,8.615,8.5,15.208,14.527,20.84,16.809,15.198,14.956,11.465,8.165,10.694,17.688,10.808,13.174,8.052,23.52
2026-01-01 07:16:00,19.508,21.447,20.389,16.402,17.149,21.328,15.119,20.776,20.868,18.151,17.23,16.881,16.79,18.126,18.714,18.762,21.904,20.357,19.414,19.376,21.28,20.43,16.576,17.101,21.115,15.037,20.749,20.579,18.276,17.121,16.949,16.784,18.116,18.532,18.874,21.969,20.549,19.355,21.866,10.861,10.329,16.51,8.823,8.065,15.226,14.139,20.857,16.767,15.329,14.789,11.322,7.845,10.63,17.718,10.775,13.031,8.022,21.845,11.014,10.243,16.576,8.615,8.5,15.208,14.527,20.84,16.809,15.198,14.956,11.465,8.165,10.694,17.688,10.808,13.174,8.052,23.19
2026-01-01 07:18:00,19.321,21.331,20.301,16.533,17.226,21.094,15.112,20.812,20.537,18.088,17.239,16.252,16.902,17.874,18.333,18.617,21.863,20.674,19.423,19.376,21.28,20.43,16.576,17.101,21.115,15.037,20.749,20.579,18.276,17.121,16.949,16.784,18.116,18.532,18.874,21.969,20.549,19.355,21.933,11.063,9.951,16.503,8.484,8.085,15.302,14.578,20.687,16.891,15.237,17.719,11.514,8.135,10.592,17.846,10.575,13.462,8.093,21.845,11.014,10.243,16.576,8.615,8.5,15.208,14.527,20.84,16.809,15.198,14.956,11.465,8.165,10.694,17.688,10.808,13.174,8.052,19.26
2026-01-01 07:20:00,19.372,21.296,20.521,16.54,17.149,21.132,14.774,20.702,20.743,18.228,17.104,16.876,16.726,18.25,18.5,18.752,21.595,20.48,19.119,19.376,21.28,20.43,16.576,17.101,21.115,15.037,20.749,20.579,18.276,17.121,16.949,16.784,18.116,18.532,18.874,21.969,20.549,19.355,21.785,11.081,10.104,16.517,8.918,8.573,15.187,14.506,20.982,16.951,15.151,15.138,11.465,8.161,10.811,17.581,10.577,13.154,8.188,21.845,11.014,10.243,16.576,8.615,8.5,15.208,14.527,20.84,16.809,15.198,14.956,11.465,8.165,10.694,17.688,10.808,13.174,8.052,24.28
2026-01-01 07:22:00,17.682,18.878,20.515,16.346,17.203,21.17,14.943,20.837,20.384,18.131,16.948,16.816,14.468,17.955,18.394,18.76,21.992,20.508,19.459,19.376,21.28,20.43,16.576,17.101,21.115,15.037,20.749,20.579,18.276,17.121,16.949,16.784,18.116,18.532,18.874,21.969,20.549,19.355,22.966,13.947,10.429,16.527,8.62,8.483,15.311,14.605,20.873,17.02,15.262,15.004,13.461,8.181,10.9,17.8,10.831,13.165,7.919,21.845,11.014,10.243,16.576,8.615,8.5,15.208,14.527,20.84,16.809,15.198,14.956,11.465,8.165,10.694,17.688,10.808,13.174,8.052,5.53
2026-01-01 07:24:00,19.29,21.126,20.369,16.581,16.989,21.148,15.254,20.678,20.584,18.437,17.042,16.846,16.651,18.162,18.592,18.855,21.972,20.699,19.457,19.376,21.28,20.43,16.576,17.101,21.115,15.037,20.749,20.579,18.276,17.121,16.949,16.784,18.116,18.532,18.874,21.969,20.549,19.355,21.742,11.175,10.253,16.595,8.812,8.444,15.143,14.747,20.941,16.579,15.202,14.846,11.396,8.137,10.456,17.588,11.088,13.15,7.988,21.845,11.014,10.243,16.576,8.615,8.5,15.208,14.527,20.84,16.809,15.198,14.956,11.465,8.165,10.694,17.688,10.808,13.174,8.052,23.56
2026-01-01 07:26:00,19.205,21.277,20.44,16.66,17.072,21.035,14.979,20.532,20.573,18.201,17.174,16.822,16.728,17.994,18.4,18.955,21.909,20.598,19.217,19.376,21.28,20.43,16.576,17.101,21.115,15.037,20.749,20.579,18.276,17.121,16.949,16.784,18.116,18.532,18.874,21.969,20.549,19.355,21.997,10.817,10.216,16.776,8.624,8.558,,14.587,20.953,16.792,15.221,15.002,11.189,8.31,10.974,17.82,10.853,13.127,8.116,21.845,11.014,10.243,16.576,8.615,8.5,15.208,14.527,20.84,16.809,15.198,14.956,11.465,8.165,10.694,17.688,10.808,13.174,8.052,24.66
2026-01-01 07:28:00,19.383,21.073,20.368,16.512,17.166,21.132,15.011,20.844,20.597,18.335,17.208,16.936,16.744,18.15,18.477,18.916,22.096,20.646,19.304,19.376,21.28,20.43,16.576,17.101,21.115,15.037,20.749,20.579,18.276,17.121,16.949,16.784,18.116,18.532,18.874,21.969,20.549,19.355,22.147,11.246,10.149,16.813,8.521,8.414,15.197,14.631,20.817,16.968,15.254,15.202,11.27,8.193,10.804,17.929,10.509,13.15,7.769,21.845,11.014,10.243,16.576,8.615,8.5,15.208,14.527,20.84,16.809,15.198,14.956,11.465,8.165,10.694,17.688,10.808,13.174,8.052,24.14
2026-01-01 07:30:00,19.216,21.268,20.409,16.704,17.05,21.084,,20.686,20.555,18.475,17.294,17.019,16.811,17.994,18.593,18.876,21.989,20.481,19.348,19.376,21.28,20.43,16.576,17.101,21.115,15.037,20.749,20.579,18.276,17.121,16.949,16.784,18.116,18.532,18.874,,20.549,19.355,21.922,10.943,10.304,16.738,8.757,8.481,15.313,15.001,20.781,16.907,15.138,15.095,11.359,8.268,10.487,17.731,11.197,13.018,7.979,21.845,11.014,10.243,16.576,8.615,8.5,15.208,14.527,20.84,16.809,15.198,14.956,11.465,8.165,10.694,17.688,10.808,13.174,8.052,23.86
2026-01-01 07:32:00,19.348,21.313,20.595,16.614,16.897,20.993,14.841,20.648,20.641,18.318,17.044,16.975,16.688,17.94,18.358,18.766,22.133,20.382,19.498,19.376,21.28,20.43,16.576,17.101,21.115,15.037,20.749,20.579,18.276,17.121,16.949,16.784,18.116,18.532,18.874,21.969,20.549,19.355,21.997,10.865,9.91,16.343,8.659,8.678,15.237,14.551,21.016,16.818,15.412,15.193,11.433,8.37,10.813,17.685,10.82,13.349,7.883,21.845,11.014,10.243,16.576,8.615,8.5,15.208,14.527,20.84,16.809,15.198,14.956,11.465,8.165,10.694,17.688,10.808,13.174,8.052,24.19
2026-01-01 07:34:00,19.529,21.253,20.418,16.497,17.092,21.188,15.032,20.862,20.716,18.311,17.154,16.936,16.819,17.976,18.574,18.893,21.859,20.8,19.233,19.376,21.28,20.43,16.576,17.101,21.115,15.037,20.749,20.579,18.276,17.121,16.949,16.784,18.116,18.532,18.874,21.969,20.549,19.355,21.623,11.203,10.549,16.632,8.784,8.27,15.024,14.459,20.801,16.846,15.14,14.959,11.449,8.27,10.867,17.833,11.031,13.158,7.997,21.845,11.014,10.243,16.576,8.615,8.5,15.208,14.527,20.84,16.809,15.198,14.956,11.465,8.165,10.694,17.688,10.808,13.174,8.052,24.04
2026-01-01 07:36:00,19.265,21.308,20.192,16.475,16.912,20.993,15.015,20.781,20.705,18.366,17.257,15.142,16.722,18.243,18.467,18.794,22.145,20.637,19.375,19.376,21.28,20.43,16.576,17.101,21.115,15.037,20.749,20.579,18.276,17.121,16.949,16.784,18.116,18.532,18.874,21.969,20.549,19.355,21.577,10.775,10.375,16.659,8.633,8.463,15.034,14.208,20.763,16.781,14.821,17.269,11.373,8.24,10.899,17.924,10.772,13.328,8.198,21.845,11.014,10.243,16.576,8.615,8.5,15.208,14.527,20.84,16.809,15.198,14.956,11.465,8.165,10.694,17.688,10.808,13.174,8.052,17.6
2026-01-01 07:38:00,19.459,21.379,20.26,16.559,16.953,21.123,14.95,20.905,20.635,18.172,17.112,16.797,16.782,18.174,18.557,18.636,21.922,20.603,19.385,19.376,21.28,20.43,16.576,17.101,21.115,15.037,20.749,20.579,18.276,17.121,16.949,16.784,18.116,18.532,18.874,21.969,20.549,19.355,21.864,11.072,10.12,16.624,8.525,8.476,15.233,14.678,20.814,16.778,15.143,15.378,11.411,8.245,10.476,17.705,10.636,13.097,8.173,21.845,11.014,10.243,16.576,8.615,8.5,15.208,14.527,20.84,16.809,15.198,14.956,11.465,8.165,10.694,17.688,10.808,13.174,8.052,24.8
2026-01-01 07:40:00,19.508,21.12,20.486,16.492,17.118,21.157,15.112,20.673,20.595,18.129,16.945,17.009,16.771,17.914,18.423,18.87,22.148,20.667,19.444,19.376,21.28,20.43,16.576,17.101,21.115,15.037,20.749,20.579,18.276,17.121,16.949,16.784,18.116,18.532,18.874,21.969,20.549,19.355,22.114,11.049,10.344,16.611,8.557,8.521,15.365,14.566,20.792,16.746,15.279,14.916,11.614,7.962,10.818,17.574,10.806,13.502,8.219,21.845,11.014,10.243,16.576,8.615,8.5,15.208,14.527,20.84,16.809,15.198,14.956,11.465,8.165,10.694,17.688,10.808,13.174,8.052,24.5
2026-01-01 07:42:00,19.155,21.262,20.48,16.617,17.144,21.08,15.241,20.919,20.561,17.212,17.361,16.876,16.921,18.338,18.412,18.902,21.92,20.603,19.387,19.376,21.28,20.43,16.576,17.101,21.115,15.037,20.749,20.579,18.276,17.121,16.949,16.784,18.116,18.532,18.874,21.969,20.549,19.355,21.777,10.965,10.387,16.727,8.62,8.622,15.155,14.121,21.015,19.31,15.297,14.939,11.432,8.04,10.818,17.825,11.009,13.289,8.127,21.845,11.014,10.243,16.576,8.615,8.5,15.208,14.527,20.84,16.809,15.198,14.956,11.465,8.165,10.694,17.688,10.808,13.174,8.052,18.75
2026-01-01 07:44:00,19.602,21.344,20.422,16.705,17.062,21.064,15.298,20.643,20.514,18.274,16.987,16.689,16.904,18.014,18.46,18.823,21.844,20.413,19.367,19.376,21.28,20.43,16.576,17.101,21.115,15.037,20.749,20.579,18.276,17.121,16.949,16.784,18.116,18.532,18.874,21.969,20.549,19.355,21.776,11.031,10.318,16.209,8.449,8.482,15.341,14.748,21.108,16.704,15.217,14.887,11.351,8.12,10.72,17.82,10.593,13.162,7.91,21.845,11.014,10.243,16.576,8.615,8.5,15.208,14.527,20.84,16.809,15.198,14.956,11.465,8.165,10.694,17.688,10.808,13.174,8.052,23.07
2026-01-01 07:46:00,19.656,21.362,20.512,16.389,17.091,20.966,15.122,20.714,20.577,18.258,15.772,16.759,16.847,17.943,18.383,18.832,21.877,20.573,19.469,19.376,21.28,20.43,16.576,17.101,21.115,15.037,20.749,20.579,18.276,17.121,16.949,16.784,18.116,18.532,18.874,21.969,20.549,19.355,22.067,11.281,10.18,16.476,8.717,8.653,15.066,14.47,20.889,16.657,17.199,14.97,11.482,7.996,10.886,17.492,10.705,13.089,8.039,21.845,11.014,10.243,16.576,8.615,8.5,15.208,14.527,20.84,16.809,15.198,14.956,11.465,8.165,10.694,17.688,10.808,13.174,8.052,19.87
2026-01-01 07:48:00,19.398,19.133,20.426,16.672,16.873,21.152,14.918,20.594,20.573,18.222,17.184,17.074,16.498,18.1,18.76,18.972,22.135,20.554,19.176,19.376,21.28,20.43,16.576,17.101,21.115,15.037,20.749,20.579,18.276,17.121,16.949,16.784,18.116,18.532,18.874,21.969,20.549,19.355,21.634,12.886,10.338,16.575,8.639,8.653,15.282,14.685,20.85,16.68,15.454,14.705,11.263,7.997,11.057,17.706,10.978,12.943,7.892,21.845,11.014,10.243,16.576,8.615,8.5,15.208,14.527,20.84,16.809,15.198,14.956,11.465,8.165,10.694,17.688,10.808,13.174,8.052,17.78
2026-01-01 07:50:00,19.234,21.359,20.538,16.482,17.062,21.139,14.82,20.7,20.767,18.531,17.101,17.162,16.714,15.596,18.256,17.986,21.917,20.822,19.388,19.376,21.28,20.43,16.576,17.101,21.115,15.037,20.749,20.579,18.276,17.121,16.949,16.784,18.116,18.532,18.874,21.969,20.549,19.355,21.899,10.95,10.266,16.673,8.635,8.519,15.247,14.502,20.894,16.962,15.064,15.004,11.606,10.47,10.687,19.297,10.985,13.527,8.341,21.845,11.014,10.243,16.576,8.615,8.5,15.208,14.527,20.84,16.809,15.198,14.956,11.465,8.165,10.694,17.688,10.808,13.174,8.052,13.99
2026-01-01 07:52:00,19.391,21.057,20.603,16.526,17.075,20.843,15.141,20.86,20.5,18.28,17.161,17.058,16.79,18.315,18.496,18.795,21.906,20.237,19.252,19.376,21.28,20.43,16.576,17.101,21.115,15.037,20.749,20.579,18.276,17.121,16.949,16.784,18.116,18.532,18.874,21.969,20.549,19.355,21.802,10.917,10.207,16.714,8.107,8.514,15.399,14.542,20.898,16.782,14.953,15.107,11.431,8.245,10.705,17.991,10.888,13.247,8.047,21.845,11.014,10.243,16.576,8.615,8.5,15.208,14.527,20.84,16.809,15.198,14.956,11.465,8.165,10.694,17.688,10.808,13.174,8.052,24.23
2026-01-01 07:54:00,19.49,21.306,20.325,16.612,16.852,21.074,15.093,20.826,20.48,18.379,17.339,16.891,16.866,17.922,18.29,18.942,21.967,20.566,19.279,19.376,21.28,20.43,16.576,17.101,21.115,15.037,20.749,20.579,18.276,17.121,16.949,16.784,18.116,18.532,18.874,21.969,20.549,19.355,21.731,11.084,10.415,16.585,8.298,8.391,15.509,14.451,20.877,16.531,15.12,14.835,11.594,8.268,10.785,17.85,10.744,13.438,8.024,21.845,11.014,10.243,16.576,8.615,8.5,15.208,14.527,20.84,16.809,15.198,14.956,11.465,8.165,10.694,17.688,10.808,13.174,8.052,23.3
2026-01-01 07:56:00,19.334,21.371,18.299,16.544,16.897,21.262,15.103,20.824,20.595,18.548,17.124,17.005,16.555,18.04,17.486,18.865,20.951,20.453,19.557,19.376,21.28,20.43,16.576,17.101,21.115,15.037,20.749,20.579,18.276,17.121,16.949,16.784,18.116,18.532,18.874,21.969,20.549,19.355,21.993,11.342,13.024,16.641,8.606,8.528,15.263,14.525,20.851,16.925,15.007,14.854,11.399,7.967,13.748,17.628,12.091,12.977,7.927,21.845,11.014,10.243,16.576,8.615,8.5,15.208,14.527,20.84,16.809,15.198,14.956,11.465,8.165,10.694,17.688,10.808,13.174,8.052,6.97
2026-01-01 07:58:00,19.242,21.22,20.452,16.42,17.164,21.185,14.996,20.972,20.583,18.303,17.0,16.742,16.702,18.071,18.471,18.961,21.676,20.406,19.13,19.376,21.28,20.43,16.576,17.101,21.115,15.037,20.749,20.579,18.276,17.121,16.949,16.784,18.116,18.532,18.874,21.969,20.549,19.355,21.92,10.832,10.389,16.678,8.667,8.254,15.101,14.692,20.791,16.702,15.097,15.021,11.197,8.327,10.736,17.54,10.908,12.773,7.874,21.845,11.014,10.243,16.576,8.615,8.5,15.208,14.527,20.84,16.809,15.198,14.956,11.465,8.165,10.694,17.688,10.808,13.174,8.052,23.85
2026-01-01 08:00:00,19.531,21.207,20.362,16.438,17.203,21.059,15.057,20.498,20.714,18.317,17.181,17.091,16.755,18.089,18.612,18.92,21.933,20.548,19.289,19.376,21.28,20.43,16.576,17.101,21.115,15.037,20.749,20.579,18.276,17.121,16.949,16.784,18.116,18.532,18.874,21.969,20.549,19.355,21.899,11.246,10.071,16.369,8.612,8.52,15.1,14.414,21.08,16.675,14.96,14.9,11.667,8.274,10.693,17.499,10.8,13.609,8.148,21.845,11.014,10.243,16.576,8.615,8.5,15.208,14.527,20.84,16.809,15.198,14.956,11.465,8.165,10.694,17.688,10.808,13.174,8.052,23.56
2026-01-01 08:02:00,19.456,21.387,20.425,16.796,16.91,21.081,15.237,20.692,20.381,18.437,17.181,16.8,16.871,17.987,18.365,18.85,21.905,20.411,19.306,19.376,21.28,20.43,16.576,17.101,21.115,15.037,20.749,20.579,18.276,17.121,16.949,16.784,18.116,18.532,18.874,21.969,20.549,19.355,22.008,10.78,10.186,16.496,8.881,8.46,15.203,14.458,20.416,16.985,14.917,14.873,11.232,8.079,10.628,17.615,11.03,12.997,8.009,21.845,11.014,10.243,16.576,8.615,8.5,15.208,14.527,20.84,16.809,15.198,14.956,11.465,8.165,10.694,17.688,10.808,13.174,8.052,24.33
2026-01-01 08:04:00,19.249,21.282,20.421,16.66,17.041,20.949,14.872,20.713,20.759,18.372,17.038,17.057,16.639,18.232,18.48,18.961,22.038,20.51,19.389,19.376,21.28,20.43,16.576,17.101,21.115,15.037,20.749,20.579,18.276,17.121,16.949,16.784,18.116,18.532,18.874,21.969,20.549,19.355,21.93,10.956,10.168,16.872,8.736,8.377,15.251,14.395,20.912,16.597,15.322,15.016,11.52,8.168,10.731,17.561,10.821,13.266,8.121,21.845,11.014,10.243,16.576,8.615,8.5,15.208,14.527,20.84,16.809,15.198,14.956,11.465,8.165,10.694,17.688,10.808,13.174,8.052,23.9
2026-01-01 08:06:00,17.851,21.266,20.555,17.064,17.18,21.12,14.909,20.87,20.375,18.173,17.159,16.798,16.964,18.242,18.458,16.379,21.804,20.375,19.403,19.376,21.28,20.43,16.576,17.101,21.115,15.037,20.749,20.579,18.276,17.121,16.949,16.784,18.116,18.532,18.874,21.969,20.549,19.355,22.727,11.103,10.065,16.468,8.489,8.41,15.192,14.632,21.003,16.879,15.088,15.071,11.616,8.052,10.516,19.001,11.103,13.13,8.028,21.845,11.014,10.243,16.576,8.615,8.5,15.208,14.527,20.84,16.809,15.198,14.956,11.465,8.165,10.694,17.688,10.808,13.174,8.052,15.9
2026-01-01 08:08:00,19.445,21.317,20.456,16.503,17.139,20.932,15.032,20.921,20.733,18.214,17.075,17.109,16.994,17.93,18.475,18.897,22.11,19.734,19.427,19.376,21.28,20.43,16.576,17.101,21.115,15.037,20.749,20.579,18.276,17.121,16.949,16.784,18.116,18.532,18.874,21.969,20.549,19.355,21.954,10.838,10.081,16.559,8.744,8.454,15.112,14.276,21.081,16.621,15.397,14.85,11.639,8.424,10.563,17.777,10.921,16.211,8.007,21.845,11.014,10.243,16.576,8.615,8.5,15.208,14.527,20.84,16.809,15.198,14.956,11.465,8.165,10.694,17.688,10.808,13.174,8.052,18.77
2026-01-01 08:10:00,19.334,21.561,20.476,16.555,17.055,21.237,15.113,20.613,20.6,18.109,17.025,16.788,16.619,18.027,18.408,18.933,22.059,20.514,19.215,19.376,21.28,20.43,16.576,17.101,21.115,15.037,20.749,20.579,18.276,17.121,16.949,,18.116,18.532,18.874,21.969,20.549,19.355,22.033,11.031,10.092,16.728,8.807,8.499,15.191,14.645,21.096,16.623,15.359,15.263,11.334,8.253,10.704,17.743,10.998,12.934,7.976,21.845,11.014,10.243,16.576,8.615,8.5,15.208,14.527,20.84,16.809,15.198,14.956,11.465,8.165,10.694,17.688,10.808,13.174,8.052,23.41
2026-01-01 08:12:00,19.467,21.031,20.192,16.659,17.175,21.227,15.005,18.705,20.513,18.338,17.023,16.859,16.611,17.97,18.628,18.924,21.823,20.413,17.266,19.376,21.28,20.43,16.576,17.101,21.115,15.037,20.749,20.579,18.276,17.121,16.949,16.784,18.116,18.532,18.874,21.969,20.549,19.355,21.638,10.968,10.526,16.418,8.545,8.408,15.27,17.288,20.723,16.694,15.174,14.772,11.102,8.342,10.714,17.598,10.784,13.284,8.835,21.845,11.014,10.243,16.576,8.615,8.5,15.208,14.527,20.84,16.809,15.198,14.956,11.465,8.165,10.694,17.688,10.808,13.174,8.052,13.06
2026-01-01 08:14:00,19.436,21.134,20.404,16.313,16.944,21.16,12.756,20.604,20.481,18.366,17.069,16.878,16.841,18.134,18.661,17.791,21.894,20.529,17.322,19.376,21.28,20.43,16.576,17.101,21.115,15.037,20.749,20.579,18.276,17.121,16.949,16.784,18.116,18.532,18.874,21.969,20.549,19.355,21.85,10.934,10.428,16.209,8.404,8.712,16.391,14.408,20.656,16.457,15.182,15.059,11.511,7.978,10.613,19.195,10.779,13.032,10.747,21.845,11.014,10.243,16.576,8.615,8.5,15.208,14.527,20.84,16.809,15.198,14.956,11.465,8.165,10.694,17.688,10.808,13.174,8.052,7.99
2026-01-01 08:16:00,19.207,21.158,20.542,16.38,17.216,21.144,15.015,20.808,20.632,18.416,17.068,16.916,16.749,18.337,18.641,18.758,21.923,20.459,19.352,19.376,21.28,20.43,16.576,17.101,21.115,15.037,20.749,20.579,18.276,17.121,16.949,16.784,18.116,18.532,18.874,21.969,20.549,19.355,21.8,10.731,10.113,16.713,8.589,8.484,15.304,14.408,20.612,16.805,15.101,14.953,11.353,8.05,10.478,17.73,11.1,12.986,8.225,21.845,11.014,10.243,16.576,8.615,8.5,15.208,14.527,20.84,16.809,15.198,14.956,11.465,8.165,10.694,17.688,10.808,13.174,8.052,24.2
2026-01-01 08:18:00,19.396,21.552,20.205,16.695,17.149,21.025,15.014,20.684,20.581,18.392,16.934,17.102,16.734,18.292,18.577,19.018,22.032,20.675,19.358,19.376,21.28,20.43,16.576,17.101,21.115,15.037,20.749,20.579,18.276,17.121,16.949,16.784,18.116,18.532,18.874,21.969,20.549,19.355,21.947,10.916,10.089,16.656,8.561,8.456,15.139,14.815,20.596,16.874,15.483,14.981,11.789,8.166,10.719,17.807,10.7,13.179,8.14,21.845,11.014,10.243,16.576,8.615,8.5,15.208,14.527,20.84,16.809,15.198,14.956,11.465,8.165,10.694,17.688,10.808,13.174,8.052,23.99
2026-01-01 08:20:00,19.271,21.357,20.511,16.825,16.856,21.087,15.16,20.594,20.548,18.526,17.288,16.839,16.952,18.254,18.621,18.916,21.993,20.44,19.289,19.376,21.28,20.43,16.576,17.101,21.115,15.037,20.749,20.579,18.276,17.121,16.949,16.784,18.116,18.532,18.874,21.969,20.549,19.355,21.746,11.086,10.409,16.401,8.598,8.561,15.102,14.682,21.029,16.726,15.237,14.864,11.45,8.239,10.673,17.718,10.745,13.357,8.197,21.845,11.014,10.243,16.576,8.615,8.5,15.208,14.527,20.84,16.809,15.198,14.956,11.465,8.165,10.694,17.688,10.808,13.174,8.052,24.59
2026-01-01 08:22:00,19.46,21.294,20.648,16.533,16.809,21.071,15.067,20.791,20.584,18.173,17.297,16.866,16.866,18.078,18.385,19.041,21.664,20.443,19.404,19.376,21.28,20.43,16.576,17.101,21.115,15.037,20.749,20.579,18.276,17.121,16.949,16.784,18.116,18.532,18.874,21.969,20.549,19.355,21.755,11.102,10.645,16.51,8.829,8.908,15.182,14.654,20.515,17.023,15.301,15.089,11.501,8.318,10.869,17.803,10.774,13.156,8.065,21.845,11.014,10.243,16.576,8.615,8.5,15.208,14.527,20.84,16.809,15.198,14.956,11.465,8.165,10.694,17.688,10.808,13.174,8.052,23.88
2026-01-01 08:24:00,19.33,21.368,20.415,16.519,17.358,21.086,15.015,20.616,20.487,18.351,15.758,16.947,16.697,18.195,,18.831,21.936,18.694,19.371,19.376,21.28,20.43,16.576,17.101,21.115,15.037,20.749,20.579,18.276,17.121,16.949,16.784,18.116,18.532,18.874,21.969,20.549,19.355,21.82,10.896,10.058,16.567,8.483,8.451,15.023,14.328,20.784,16.78,17.643,14.95,11.63,8.247,10.746,17.65,10.912,16.147,7.848,21.845,11.014,10.243,16.576,8.615,8.5,15.208,14.527,20.84,16.809,15.198,14.956,11.465,8.165,10.694,17.688,10.808,13.174,8.052,11.27
2026-01-01 08:26:00,19.293,21.182,20.644,16.663,,21.119,15.151,20.841,20.723,18.558,17.093,16.979,16.777,17.692,18.363,18.876,22.043,20.479,19.491,19.376,21.28,20.43,16.576,17.101,21.115,15.037,20.749,20.579,18.276,17.121,16.949,16.784,18.116,18.532,18.874,21.969,20.549,19.355,21.953,10.99,10.009,16.465,8.728,8.648,15.197,14.717,20.967,16.582,15.039,15.015,11.336,8.077,10.745,17.651,10.71,12.967,8.368,21.845,11.014,10.243,16.576,8.615,8.5,15.208,14.527,20.84,16.809,15.198,14.956,11.465,8.165,10.694,17.688,10.808,13.174,8.052,23.76
2026-01-01 08:28:00,19.529,21.23,20.6,16.786,17.156,20.997,15.213,20.728,20.534,18.289,17.056,17.077,16.877,18.262,18.601,18.779,21.949,20.654,19.306,19.376,21.28,20.43,16.576,17.101,21.115,15.037,20.749,20.579,18.276,17.121,16.949,16.784,18.116,18.532,18.874,21.969,20.549,19.355,21.641,10.955,10.414,16.566,8.477,8.332,15.388,14.65,20.55,16.605,15.299,15.207,11.388,8.315,10.456,17.439,10.623,13.254,8.088,21.845,11.014,10.243,16.576,8.615,8.5,15.208,14.527,20.84,16.809,15.198,14.956,11.465,8.165,10.694,17.688,10.808,13.174,8.052,23.6
2026-01-01 08:30:00,,20.29,20.359,16.714,17.191,21.112,15.009,20.8,20.68,18.367,17.085,15.932,16.885,18.207,18.161,18.768,21.875,20.521,19.377,19.376,21.28,20.43,16.576,17.101,21.115,15.037,20.749,20.579,18.276,17.121,16.949,16.784,18.116,18.532,18.874,21.969,20.549,19.355,21.959,12.954,10.5,16.518,9.024,8.543,14.938,14.525,20.716,17.048,15.235,16.252,11.347,8.052,10.72,17.704,10.67,13.257,8.234,21.845,11.014,10.243,16.576,8.615,8.5,15.208,14.527,20.84,16.809,15.198,14.956,11.465,8.165,10.694,17.688,10.808,13.174,8.052,14.94
2026-01-01 08:32:00,19.486,21.355,20.415,16.579,17.312,21.041,15.073,20.936,20.621,18.03,17.166,16.902,16.771,18.242,18.588,18.843,22.076,20.601,19.368,19.376,21.28,20.43,16.576,17.101,21.115,15.037,20.749,20.579,18.276,17.121,16.949,16.784,18.116,18.532,18.874,21.969,20.549,19.355,21.795,10.942,10.171,16.661,8.599,8.569,15.381,14.483,20.801,16.766,15.426,14.941,11.477,8.121,10.832,17.753,10.634,13.32,8.116,21.845,11.014,10.243,16.576,8.615,8.5,15.208,14.527,20.84,16.809,15.198,14.956,11.465,8.165,10.694,17.688,10.808,13.174,8.052,23.54
2026-01-01 08:34:00,19.412,21.311,20.389,16.521,17.104,21.0,14.886,20.905,20.551,18.273,17.105,16.952,16.787,18.123,18.435,18.986,21.885,20.673,19.125,19.376,21.28,20.43,16.576,17.101,21.115,15.037,20.749,20.579,18.276,17.121,16.949,16.784,18.116,18.532,18.874,21.969,20.549,19.355,22.031,11.097,10.236,16.424,8.768,8.691,15.076,14.518,20.913,16.79,15.258,14.899,11.368,8.352,10.435,17.787,10.689,13.179,7.95,21.845,11.014,10.243,16.576,8.615,8.5,15.208,14.527,20.84,16.809,15.198,14.956,11.465,8.165,10.694,17.688,10.808,13.174,8.052,24.61
2026-01-01 08:36:00,19.248,21.4,20.412,16.496,17.146,20.989,15.046,20.483,20.525,18.198,17.186,17.054,16.682,18.309,18.461,18.628,21.683,20.733,19.345,19.376,21.28,20.43,16.576,17.101,21.115,15.037,20.749,20.579,18.276,17.121,16.949,16.784,18.116,18.532,18.874,21.969,20.549,19.355,21.869,10.92,10.285,16.358,8.452,8.479,15.304,14.399,21.137,16.751,15.317,14.678,11.313,8.011,10.515,17.447,10.741,13.043,8.299,21.845,11.014,10.243,16.576,8.615,8.5,15.208,14.527,20.84,16.809,15.198,14.956,11.465,8.165,10.694,17.688,10.808,13.174,8.052,23.25
2026-01-01 08:38:00,19.298,21.191,20.299,16.739,17.091,21.33,15.013,20.467,20.681,18.231,17.093,17.137,16.752,18.255,18.531,18.784,22.029,20.477,19.503,19.376,21.28,20.43,16.576,17.101,21.115,15.037,20.749,20.579,18.276,17.121,16.949,16.784,18.116,18.532,18.874,21.969,20.549,19.355,21.834,11.056,9.923,16.803,8.85,8.329,15.044,14.408,21.056,16.605,15.04,14.712,11.507,8.293,10.544,17.862,10.831,13.044,8.136,21.845,11.014,10.243,16.576,8.615,8.5,15.208,14.527,20.84,16.809,15.198,14.956,11.465,8.165,10.694,17.688,10.808,13.174,8.052,24.22
2026-01-01 08:40:00,19.491,21.288,20.503,16.644,17.068,21.222,15.01,20.823,20.465,18.288,17.171,16.854,16.734,18.052,18.62,18.788,22.022,20.732,19.399,19.376,21.28,20.43,16.576,17.101,21.115,15.037,20.749,20.579,18.276,17.121,16.949,16.784,18.116,18.532,18.874,21.969,20.549,19.355,22.039,11.209,10.323,16.777,8.616,8.548,15.482,14.51,20.717,16.623,15.119,14.67,11.323,7.99,10.666,17.479,10.791,13.173,8.174,21.845,11.014,10.243,16.576,8.615,8.5,15.208,14.527,20.84,16.809,15.198,14.956,11.465,8.165,10.694,17.688,10.808,13.174,8.052,23.64
2026-01-01 08:42:00,19.183,21.296,20.555,16.543,17.235,21.19,15.088,20.718,20.519,18.246,17.13,17.013,16.836,18.081,18.541,18.922,21.775,20.458,19.261,19.376,21.28,20.43,16.576,17.101,21.115,15.037,,20.579,18.276,17.121,16.949,16.784,18.116,18.532,18.874,21.969,,19.355,22.005,11.255,10.205,16.365,8.735,8.563,15.143,14.654,21.143,16.869,15.136,14.99,11.328,8.471,10.511,17.535,10.967,13.147,7.867,21.845,11.014,10.243,16.576,8.615,8.5,15.208,14.527,20.84,16.809,15.198,14.956,11.465,8.165,10.694,17.688,10.808,13.174,8.052,24.28
2026-01-01 08:44:00,19.353,21.249,20.4,16.473,17.183,21.15,14.841,20.752,20.446,18.482,15.182,16.904,16.796,18.093,18.527,19.062,21.998,18.401,19.493,19.376,21.28,20.43,16.576,17.101,21.115,15.037,20.749,20.579,18.276,17.121,16.949,16.784,18.116,18.532,18.874,21.969,20.549,19.355,21.992,11.194,9.997,16.678,8.77,8.786,15.285,14.646,20.861,16.922,16.675,15.07,11.375,8.158,10.998,17.502,10.721,14.332,8.257,21.845,11.014,10.243,16.576,8.615,8.5,15.208,14.527,20.84,16.809,15.198,14.956,11.465,8.165,10.694,17.688,10.808,13.174,8.052,14.74
2026-01-01 08:46:00,19.261,21.485,20.514,16.693,17.0,21.215,15.089,20.686,20.856,18.346,17.095,16.974,16.896,18.253,18.604,19.023,22.147,20.403,19.299,19.376,21.28,20.43,16.576,17.101,21.115,15.037,20.749,20.579,18.276,17.121,16.949,16.784,18.116,18.532,18.874,21.969,20.549,19.355,21.715,10.954,10.238,16.665,8.714,8.329,15.038,14.312,21.019,16.775,15.229,14.96,11.242,7.917,10.525,17.989,10.752,13.253,7.901,21.845,11.014,10.243,16.576,8.615,8.5,15.208,14.527,20.84,16.809,15.198,14.956,11.465,8.165,10.694,17.688,10.808,13.174,8.052,23.83
2026-01-01 08:48:00,19.265,21.295,20.605,16.657,16.978,21.082,15.163,20.687,20.57,18.314,16.905,17.045,16.828,18.186,18.417,18.785,21.899,20.581,19.366,19.376,21.28,20.43,16.576,17.101,21.115,15.037,20.749,20.579,18.276,17.121,16.949,16.784,18.116,18.532,18.874,21.969,20.549,19.355,22.245,11.032,10.006,16.504,8.668,8.656,15.158,14.631,20.887,16.845,15.137,15.017,11.637,8.167,10.645,18.115,10.916,13.276,7.833,21.845,11.014,10.243,16.576,8.615,8.5,15.208,14.527,20.84,16.809,15.198,14.956,11.465,8.165,10.694,17.688,10.808,13.174,8.052,23.18
2026-01-01 08:50:00,19.393,21.498,20.589,16.493,17.025,21.323,15.001,20.916,20.774,16.252,17.091,16.961,16.683,18.001,18.486,18.979,21.917,20.526,19.302,19.376,21.28,20.43,16.576,17.101,21.115,15.037,20.749,20.579,18.276,17.121,16.949,16.784,18.116,18.532,18.874,21.969,20.549,19.355,22.014,10.773,10.427,16.629,8.544,8.397,15.237,14.469,20.582,18.258,14.968,14.932,11.394,8.403,10.463,17.842,10.881,12.735,7.839,21.845,11.014,10.243,16.576,8.615,8.5,15.208,14.527,20.84,16.809,15.198,14.956,11.465,8.165,10.694,17.688,10.808,13.174,8.052,18.79
2026-01-01 08:52:00,19.214,21.461,20.151,16.5,17.171,20.95,15.112,20.901,20.479,18.303,16.99,17.012,16.797,18.144,18.698,18.933,22.132,20.627,19.214,19.376,21.28,20.43,16.576,17.101,21.115,15.037,20.749,20.579,18.276,17.121,16.949,16.784,18.116,18.532,18.874,21.969,20.549,19.355,21.741,10.855,10.277,16.662,8.775,8.389,15.289,14.492,20.919,16.8,15.195,14.907,11.544,8.183,10.547,17.372,10.961,13.291,8.041,21.845,11.014,10.243,16.576,8.615,8.5,15.208,14.527,20.84,16.809,15.198,14.956,11.465,8.165,10.694,17.688,10.808,13.174,8.052,23.64
2026-01-01 08:54:00,19.409,21.342,20.259,16.739,17.112,21.161,14.932,20.76,20.618,18.239,17.133,16.697,16.95,17.984,18.272,18.762,21.871,20.616,19.248,19.376,21.28,20.43,16.576,17.101,21.115,15.037,20.749,20.579,18.276,17.121,16.949,16.784,18.116,18.532,18.874,21.969,20.549,19.355,22.025,11.008,10.226,16.512,8.81,8.776,15.179,14.434,21.004,16.947,15.297,14.741,11.513,8.197,10.652,17.76,10.788,13.237,8.054,21.845,11.014,10.243,16.576,8.615,8.5,15.208,14.527,20.84,16.809,15.198,14.956,11.465,8.165,10.694,17.688,10.808,13.174,8.052,24.93
2026-01-01 08:56:00,19.412,21.168,20.697,16.644,17.338,20.995,15.119,20.636,20.651,18.359,16.932,16.815,16.646,17.937,18.446,18.761,21.797,20.562,19.423,19.376,21.28,20.43,16.576,17.101,21.115,15.037,20.749,20.579,18.276,17.121,16.949,16.784,18.116,18.532,18.874,21.969,20.549,19.355,21.806,11.277,10.241,16.673,8.762,8.36,15.185,14.399,20.819,16.636,15.334,14.961,11.283,8.24,10.547,17.476,10.876,13.185,7.947,21.845,11.014,10.243,16.576,8.615,8.5,15.208,14.527,20.84,,15.198,14.956,11.465,8.165,10.694,17.688,10.808,13.174,8.052,24.8
2026-01-01 08:58:00,19.22,21.215,20.432,16.55,17.019,21.214,15.14,20.832,20.556,18.515,17.332,16.902,16.771,18.26,18.437,18.924,21.975,20.466,19.329,19.376,21.28,20.43,16.576,17.101,21.115,15.037,20.749,20.579,18.276,17.121,16.949,16.784,18.116,18.532,18.874,21.969,20.549,19.355,21.958,11.088,10.274,16.734,8.665,8.693,15.266,14.583,20.419,16.762,15.491,14.875,11.45,8.104,10.426,17.784,11.098,13.43,8.023,21.845,11.014,10.243,16.576,8.615,8.5,15.208,14.527,20.84,16.809,15.198,14.956,11.465,8.165,10.694,17.688,10.808,13.174,8.052,23.25
2026-01-01 09:00:00,19.188,21.217,18.948,16.851,17.283,21.263,15.074,20.869,20.733,18.398,17.232,16.84,16.836,18.052,16.231,18.738,22.021,20.676,19.192,19.376,21.28,20.43,16.576,17.101,21.115,15.037,20.749,20.579,,17.121,16.949,16.784,18.116,18.532,18.874,21.969,20.549,19.355,21.716,10.937,12.96,16.521,8.738,8.547,15.028,14.359,20.972,16.942,15.205,15.183,11.461,8.126,12.304,17.777,10.469,13.199,8.08,21.845,11.014,10.243,16.576,8.615,8.5,15.208,14.527,20.84,16.809,15.198,14.956,11.465,8.165,10.694,17.688,10.808,13.174,8.052,12.81
2026-01-01 09:02:00,19.586,21.457,20.385,16.521,17.093,21.233,14.991,20.616,20.621,18.028,17.138,17.088,16.821,18.209,18.591,18.962,21.986,20.449,19.328,19.376,21.28,20.43,16.576,17.101,21.115,15.037,20.749,20.579,18.276,17.121,16.949,16.784,18.116,18.532,18.874,21.969,20.549,19.355,21.724,10.891,10.434,16.51,8.575,8.644,15.028,14.903,20.733,16.718,14.984,14.868,11.325,8.099,10.53,17.331,10.989,13.29,8.155,21.845,11.014,10.243,16.576,8.615,8.5,15.208,14.527,20.84,16.809,15.198,14.956,11.465,8.165,10.694,17.688,10.808,13.174,8.052,23.23
2026-01-01 09:04:00,19.367,21.432,19.457,16.627,17.011,21.027,15.014,20.915,20.62,18.269,15.901,17.055,16.819,18.109,18.544,19.077,21.949,20.751,19.504,19.376,21.28,20.43,16.576,17.101,21.115,15.037,20.749,20.579,18.276,17.121,16.949,16.784,18.116,18.532,18.874,21.969,20.549,19.355,21.93,11.108,12.158,17.013,8.529,8.32,15.519,14.47,20.851,16.66,18.039,15.031,11.517,7.984,10.81,17.574,10.576,13.312,8.105,21.845,11.014,10.243,16.576,8.615,8.5,15.208,14.527,20.84,16.809,15.198,14.956,11.465,8.165,10.694,17.688,10.808,13.174,8.052,12.98
2026-01-01 09:06:00,19.382,21.387,20.415,16.477,17.069,21.006,15.098,20.75,20.648,18.375,16.747,16.986,16.568,18.136,18.427,18.887,22.132,20.344,19.378,19.376,21.28,20.43,16.576,17.101,21.115,15.037,20.749,20.579,18.276,17.121,16.949,16.784,18.116,18.532,18.874,21.969,20.549,19.355,21.813,10.9,10.361,16.537,8.513,8.586,15.254,14.347,21.031,16.56,15.078,15.013,11.453,8.287,10.783,17.333,11.01,13.1,8.055,21.845,11.014,10.243,16.576,8.615,8.5,15.208,14.527,20.84,16.809,15.198,14.956,11.465,8.165,10.694,17.688,10.808,13.174,8.052,24.75
2026-01-01 09:08:00,19.366,21.053,20.508,16.581,17.04,21.028,15.422,20.701,20.363,18.164,17.077,16.903,16.775,17.99,18.597,18.816,21.805,20.451,19.309,19.376,21.28,20.43,16.576,17.101,21.115,15.037,20.749,20.579,18.276,17.121,16.949,16.784,18.116,18.532,18.874,21.969,20.549,19.355,21.733,10.854,10.342,16.65,8.656,8.404,15.448,14.587,20.932,16.825,15.246,15.134,11.627,8.336,10.715,17.713,10.638,13.149,7.972,21.845,11.014,10.243,16.576,8.615,8.5,15.208,14.527,20.84,16.809,15.198,14.956,11.465,8.165,10.694,17.688,10.808,13.174,8.052,24.47
2026-01-01 09:10:00,19.478,21.339,20.389,16.579,17.127,21.36,14.963,20.805,20.667,18.161,17.144,16.969,16.728,18.184,18.655,19.01,21.945,20.571,19.637,19.376,21.28,20.43,16.576,17.101,21.115,15.037,20.749,20.579,18.276,17.121,16.949,16.784,18.116,18.532,18.874,21.969,20.549,19.355,21.725,11.019,10.259,16.473,8.364,8.464,15.213,14.578,20.711,16.616,14.924,14.957,11.379,8.256,10.482,17.889,10.782,13.143,8.076,21.845,11.014,10.243,16.576,8.615,8.5,15.208,14.527,20.84,16.809,15.198,14.956,11.465,8.165,10.694,17.688,10.808,13.174,8.052,24.17
2026-01-01 09:12:00,19.243,21.307,20.537,16.594,17.18,21.136,15.127,20.903,20.553,18.299,17.115,16.901,16.782,17.98,18.621,19.079,22.173,20.702,19.24,19.376,21.28,20.43,16.576,17.101,21.115,15.037,20.749,20.579,18.276,17.121,16.949,16.784,18.116,18.532,18.874,21.969,20.549,19.355,21.952,11.136,9.967,16.491,8.683,8.588,15.243,14.395,20.905,16.783,15.199,15.141,11.451,8.235,10.914,17.84,10.622,13.015,7.754,21.845,11.014,10.243,16.576,8.615,8.5,15.208,14.527,20.84,16.809,15.198,14.956,11.465,8.165,10.694,17.688,10.808,13.174,8.052,23.09
2026-01-01 09:14:00,19.558,21.195,20.423,16.798,16.973,21.216,15.071,20.73,20.474,18.326,17.066,17.074,16.931,17.95,18.471,18.836,21.827,20.414,19.366,19.376,21.28,20.43,16.576,17.101,21.115,15.037,20.749,20.579,18.276,17.121,16.949,16.784,18.116,18.532,18.874,21.969,20.549,19.355,22.005,10.99,10.163,16.564,8.441,8.585,15.076,14.663,20.881,16.801,15.282,14.921,11.462,8.347,10.946,17.773,11.02,12.939,8.075,21.845,11.014,10.243,16.576,8.615,8.5,15.208,14.527,20.84,16.809,15.198,14.956,11.465,8.165,10.694,17.688,10.808,13.174,8.052,23.56
2026-01-01 09:16:00,19.351,21.082,20.365,16.639,16.956,21.004,15.227,20.907,20.385,18.113,17.166,16.806,16.754,18.061,18.599,18.571,21.704,20.401,19.477,19.376,21.28,20.43,16.576,17.101,21.115,15.037,20.749,20.579,18.276,17.121,16.949,16.784,18.116,18.532,18.874,21.969,20.549,19.355,21.845,10.946,10.325,16.866,8.696,8.671,15.419,14.73,20.856,16.724,15.374,15.092,11.404,8.413,10.577,17.513,10.806,12.984,8.036,21.845,11.014,10.243,16.576,8.615,8.5,15.208,14.527,20.84,16.809,15.198,14.956,11.465,8.165,10.694,17.688,10.808,13.174,8.052,23.44
2026-01-01 09:18:00,19.357,21.076,20.489,16.661,17.072,21.075,15.089,20.894,20.598,18.34,15.621,16.903,16.674,18.146,18.496,18.845,22.08,20.607,19.46,19.376,21.28,20.43,16.576,17.101,21.115,15.037,20.749,20.579,18.276,17.121,16.949,16.784,18.116,18.532,18.874,21.969,20.549,19.355,21.843,10.935,10.26,16.395,8.285,8.627,15.352,14.66,20.786,16.883,17.796,15.139,11.297,8.215,10.632,17.8,10.826,12.917,8.012,21.845,11.014,10.243,16.576,8.615,8.5,15.208,14.527,20.84,16.809,15.198,14.956,11.465,8.165,10.694,17.688,10.808,13.174,8.052,18.92
2026-01-01 09:20:00,19.187,21.348,19.653,16.479,16.999,21.26,15.136,20.663,20.443,18.277,17.066,17.148,16.609,17.896,18.501,18.876,21.984,20.639,19.604,19.376,21.28,20.43,16.576,17.101,21.115,15.037,20.749,20.579,18.276,17.121,16.949,16.784,18.116,18.532,18.874,21.969,20.549,19.355,21.707,11.089,12.17,16.405,8.685,8.357,15.141,14.557,21.027,16.885,15.301,14.891,11.451,8.264,10.725,17.719,10.875,13.426,8.262,21.845,11.014,10.243,16.576,8.615,8.5,15.208,14.527,20.84,16.809,15.198,14.956,11.465,8.165,10.694,17.688,10.808,13.174,8.052,20.16
2026-01-01 09:22:00,19.335,21.215,20.219,16.606,17.204,21.084,15.179,20.752,18.865,18.316,16.994,16.873,16.6,17.907,18.564,18.979,22.203,20.542,19.327,19.376,21.28,20.43,16.576,17.101,21.115,15.037,20.749,20.579,18.276,17.121,16.949,16.784,18.116,18.532,18.874,21.969,20.549,19.355,22.063,11.08,10.137,16.411,8.645,8.362,14.93,14.491,24.051,16.82,15.229,14.956,11.498,7.978,10.743,17.816,10.857,13.227,8.067,21.845,11.014,10.243,16.576,8.615,8.5,15.208,14.527,20.84,16.809,15.198,14.956,11.465,8.165,10.694,17.688,10.808,13.174,8.052,17.55
2026-01-01 09:24:00,19.243,21.399,20.477,16.505,17.184,21.182,14.812,20.838,20.596,18.229,17.071,17.159,16.968,18.335,18.394,18.796,22.077,20.404,19.269,19.376,21.28,20.43,16.576,17.101,21.115,15.037,20.749,20.579,18.276,17.121,16.949,16.784,18.116,18.532,18.874,21.969,20.549,19.355,21.963,10.857,9.961,16.513,8.622,8.6,15.108,14.562,20.844,16.926,15.139,15.058,11.585,8.134,10.681,17.63,10.713,13.09,7.903,21.845,11.014,10.243,16.576,8.615,8.5,15.208,14.527,20.84,16.809,15.198,14.956,11.465,8.165,10.694,17.688,10.808,13.174,8.052,24.18
2026-01-01 09:26:00,19.159,21.503,20.557,16.631,17.127,21.065,14.989,20.822,20.494,18.423,17.062,16.844,16.94,18.098,18.598,18.825,21.698,20.614,19.194,19.376,21.28,20.43,16.576,17.101,21.115,15.037,20.749,20.579,18.276,17.121,16.949,16.784,18.116,18.532,18.874,21.969,20.549,19.355,21.961,11.083,10.233,16.6,8.63,8.729,15.347,14.487,20.95,16.576,15.134,14.851,11.521,8.092,10.586,17.589,10.605,12.987,7.915,21.845,11.014,10.243,16.576,8.615,8.5,15.208,14.527,20.84,16.809,15.198,14.956,11.465,8.165,10.694,17.688,10.808,13.174,8.052,23.92
2026-01-01 09:28:00,19.506,21.094,20.206,16.613,17.152,21.128,14.891,20.855,20.404,18.22,17.027,16.904,16.886,18.039,18.6,18.958,21.763,20.409,19.309,19.376,21.28,20.43,16.576,17.101,21.115,15.037,20.749,20.579,18.276,17.121,16.949,16.784,18.116,18.532,18.874,21.969,20.549,19.355,21.906,11.059,10.359,16.828,8.755,8.239,15.123,14.755,20.87,16.871,15.235,14.759,11.531,8.149,10.554,17.748,11.065,13.151,7.869,21.845,11.014,10.243,16.576,8.615,8.5,15.208,14.527,20.84,16.809,15.198,14.956,11.465,8.165,10.694,17.688,10.808,13.174,8.052,23.68
2026-01-01 09:30:00,19.305,21.317,20.198,16.663,17.191,21.095,14.871,20.749,20.515,18.344,17.111,17.036,16.732,18.289,18.255,18.753,22.027,20.367,19.444,19.376,21.28,20.43,16.576,17.101,21.115,15.037,20.749,20.579,18.276,17.121,16.949,16.784,18.116,18.532,18.874,21.969,20.549,19.355,21.832,10.887,9.892,16.508,8.675,8.363,15.198,14.51,20.776,16.753,15.153,14.918,11.447,8.242,10.623,17.568,10.882,13.077,8.366,21.845,11.014,10.243,16.576,8.615,8.5,15.208,14.527,20.84,16.809,15.198,14.956,11.465,8.165,10.694,17.688,10.808,13.174,8.052,24.74
2026-01-01 09:32:00,19.23,21.292,20.32,16.524,17.122,21.102,14.991,21.007,20.581,18.159,17.233,17.047,16.931,18.33,18.419,19.002,22.105,20.549,19.385,19.376,21.28,20.43,16.576,17.101,21.115,15.037,20.749,20.579,18.276,17.121,16.949,16.784,18.116,18.532,18.874,21.969,20.549,19.355,21.81,11.306,10.282,16.622,8.748,8.563,15.191,14.478,20.708,16.671,15.323,14.604,11.717,8.303,10.649,17.943,11.084,13.337,7.7,21.845,11.014,10.243,16.576,8.615,8.5,15.208,14.527,20.84,16.809,15.198,14.956,11.465,8.165,10.694,17.688,10.808,13.174,8.052,23.93
2026-01-01 09:34:00,19.015,21.212,20.644,16.362,17.037,21.149,15.106,20.944,20.368,18.281,17.224,16.791,16.779,18.342,18.69,18.939,21.655,20.533,19.402,19.376,21.28,20.43,16.576,17.101,21.115,15.037,20.749,20.579,18.276,17.121,16.949,16.784,18.116,18.532,18.874,21.969,20.549,19.355,21.552,11.109,10.068,16.633,8.553,8.555,15.159,14.525,20.589,16.799,15.064,15.105,11.362,8.226,10.774,17.661,10.681,13.188,8.026,21.845,11.014,10.243,16.576,8.615,8.5,15.208,14.527,20.84,16.809,15.198,14.956,11.465,8.165,10.694,17.688,10.808,13.174,8.052,24.22
2026-01-01 09:36:00,19.339,21.273,20.8,16.551,15.364,21.144,14.999,20.711,20.569,18.368,17.15,16.805,16.768,18.172,18.476,19.012,22.062,19.434,19.394,19.376,21.28,20.43,16.576,17.101,21.115,15.037,20.749,20.579,18.276,17.121,16.949,16.784,18.116,18.532,18.874,21.969,20.549,19.355,21.952,10.871,10.064,16.67,11.455,8.665,15.399,14.246,20.869,16.822,15.2,15.084,11.74,8.129,10.665,17.775,10.909,15.446,8.169,21.845,11.014,10.243,16.576,8.615,8.5,15.208,14.527,20.84,16.809,15.198,14.956,11.465,8.165,10.694,17.688,10.808,13.174,8.052,12.46
2026-01-01 09:38:00,19.614,21.468,20.423,16.684,17.02,20.941,15.103,20.778,20.641,18.273,17.16,16.887,16.841,18.216,18.525,18.972,21.756,20.454,19.529,19.376,21.28,20.43,16.576,17.101,21.115,15.037,20.749,20.579,18.276,17.121,16.949,16.784,18.116,18.532,18.874,21.969,20.549,19.355,22.035,10.926,10.418,16.451,8.793,8.357,15.073,14.314,20.782,16.79,15.163,14.888,11.415,8.078,10.623,17.694,10.711,13.181,7.878,21.845,11.014,10.243,16.576,8.615,8.5,15.208,14.527,20.84,16.809,15.198,14.956,11.465,8.165,10.694,17.688,10.808,13.174,8.052,23.61
2026-01-01 09:40:00,19.587,21.311,20.417,16.424,17.145,21.208,14.859,20.816,20.638,18.328,16.986,17.014,16.604,18.294,18.548,18.735,22.13,20.687,19.277,19.376,21.28,20.43,16.576,17.101,21.115,15.037,20.749,20.579,18.276,17.121,16.949,16.784,18.116,18.532,18.874,21.969,20.549,19.355,21.634,11.111,10.11,16.573,8.451,8.263,14.991,14.38,21.013,16.687,15.214,14.881,11.463,7.969,10.835,17.7,10.723,13.273,7.808,21.845,11.014,10.243,16.576,8.615,8.5,15.208,14.527,20.84,16.809,15.198,14.956,11.465,8.165,10.694,17.688,10.808,13.174,8.052,24.34
2026-01-01 09:42:00,19.64,21.16,20.467,16.718,16.829,21.235,15.029,20.747,20.45,18.315,16.988,16.833,16.73,17.968,18.721,18.715,21.878,20.511,19.356,19.376,21.28,20.43,16.576,17.101,21.115,15.037,20.749,20.579,18.276,17.121,16.949,16.784,18.116,18.532,18.874,21.969,20.549,19.355,21.721,11.047,10.455,16.483,8.863,8.655,15.06,14.585,20.99,16.65,15.4,14.712,11.652,8.318,10.923,17.798,10.834,12.926,8.298,21.845,11.014,10.243,16.576,8.615,8.5,15.208,14.527,20.84,16.809,15.198,14.956,11.465,8.165,10.694,17.688,10.808,13.174,8.052,23.55
2026-01-01 09:44:00,19.471,21.379,20.393,16.53,17.105,21.214,15.121,20.687,20.332,18.533,17.235,16.981,16.825,18.053,18.412,18.835,21.942,20.474,19.18,19.376,21.28,20.43,16.576,17.101,21.115,15.037,20.749,20.579,18.276,17.121,16.949,16.784,18.116,18.532,18.874,21.969,20.549,19.355,21.927,11.125,10.144,16.233,8.673,8.355,15.19,14.596,20.635,16.862,15.072,14.858,11.563,7.935,10.595,17.639,10.944,13.147,8.136,21.845,11.014,10.243,16.576,8.615,8.5,15.208,14.527,20.84,16.809,15.198,14.956,11.465,8.165,10.694,17.688,10.808,13.174,8.052,24.08
2026-01-01 09:46:00,19.338,21.35,20.37,16.579,16.853,21.09,15.022,20.601,20.372,18.325,17.024,17.008,16.734,18.19,18.491,18.694,21.958,20.509,19.434,19.376,21.28,20.43,16.576,17.101,21.115,15.037,20.749,20.579,18.276,17.121,16.949,16.784,18.116,18.532,18.874,21.969,20.549,19.355,21.669,10.778,10.205,16.791,8.677,8.421,15.101,14.71,20.919,16.583,14.893,15.226,11.474,8.153,10.732,17.661,10.772,13.149,7.743,21.845,11.014,10.243,16.576,8.615,8.5,15.208,14.527,20.84,16.809,15.198,14.956,11.465,8.165,10.694,17.688,10.808,13.174,8.052,23.5
2026-01-01 09:48:00,19.322,21.233,20.533,16.716,17.192,21.239,15.091,20.841,20.685,18.324,17.129,16.966,17.073,18.117,18.503,18.831,21.965,20.578,19.22,19.376,21.28,20.43,16.576,17.101,21.115,15.037,20.749,20.579,18.276,17.121,16.949,16.784,18.116,18.532,18.874,21.969,20.549,19.355,21.781,10.93,10.386,16.705,8.544,8.465,15.205,14.802,20.983,16.695,15.396,14.803,11.617,8.166,10.506,17.609,10.766,13.317,8.231,21.845,11.014,10.243,16.576,8.615,8.5,15.208,14.527,20.84,16.809,15.198,14.956,11.465,8.165,10.694,17.688,10.808,13.174,8.052,23.03
2026-01-01 09:50:00,19.138,21.316,20.237,16.607,17.118,21.253,15.237,20.793,20.513,18.135,17.026,16.954,16.536,18.125,18.53,18.952,21.928,20.561,17.766,19.376,21.28,20.43,16.576,17.101,21.115,15.037,20.749,20.579,18.276,17.121,16.949,16.784,18.116,18.532,18.874,21.969,20.549,19.355,21.572,10.927,10.387,16.635,8.677,8.581,15.306,14.704,20.768,16.464,15.255,14.847,11.205,8.158,10.568,17.663,10.49,13.236,10.904,21.845,11.014,10.243,16.576,8.615,8.5,15.208,14.527,20.84,16.809,15.198,14.956,11.465,8.165,10.694,17.688,10.808,13.174,8.052,17.98
2026-01-01 09:52:00,19.32,21.068,20.445,16.762,17.121,21.159,14.919,20.92,20.487,18.372,17.134,16.834,16.907,18.117,18.553,18.929,21.966,20.503,19.411,19.376,21.28,20.43,16.576,17.101,21.115,15.037,20.749,20.579,18.276,17.121,16.949,16.784,18.116,18.532,18.874,21.969,20.549,19.355,21.857,10.89,10.107,16.7,8.693,8.445,15.014,14.585,20.75,16.917,15.078,14.966,11.501,8.068,10.756,17.47,10.984,13.095,7.973,21.845,11.014,10.243,16.576,8.615,8.5,15.208,14.527,20.84,16.809,15.198,14.956,11.465,8.165,10.694,17.688,10.808,13.174,8.052,24.44
2026-01-01 09:54:00,19.327,21.288,20.35,16.398,17.02,21.055,15.039,20.891,20.377,18.291,16.856,16.823,16.723,,18.309,18.893,21.978,20.535,19.259,19.376,21.28,20.43,16.576,17.101,21.115,15.037,20.749,20.579,18.276,17.121,16.949,16.784,18.116,18.532,18.874,21.969,20.549,19.355,21.802,10.944,10.122,16.586,8.507,8.438,15.216,14.479,20.706,16.908,15.467,14.851,11.576,8.044,10.637,17.512,10.706,13.046,8.02,21.845,11.014,10.243,16.576,8.615,8.5,15.208,14.527,20.84,16.809,15.198,14.956,11.465,8.165,10.694,17.688,10.808,13.174,8.052,24.05
2026-01-01 09:56:00,19.634,21.261,20.326,16.778,17.175,21.07,15.18,20.767,20.657,18.304,16.998,17.066,16.803,17.994,16.803,18.989,21.924,20.554,19.434,19.376,21.28,20.43,16.576,17.101,21.115,15.037,20.749,20.579,18.276,17.121,16.949,16.784,18.116,18.532,18.874,21.969,20.549,19.355,21.78,11.315,10.099,16.649,8.72,8.225,14.943,14.638,20.653,16.747,14.796,14.783,11.414,8.315,12.04,17.584,11.008,13.16,8.006,21.845,11.014,10.243,16.576,8.615,8.5,15.208,14.527,20.84,16.809,15.198,14.956,11.465,8.165,10.694,17.688,10.808,13.174,8.052,19.33
2026-01-01 09:58:00,19.391,21.097,20.506,16.689,17.205,21.309,15.081,20.842,20.77,18.241,17.33,17.157,16.878,18.336,18.634,18.769,22.105,20.588,19.405,19.376,21.28,20.43,16.576,17.101,21.115,15.037,20.749,20.579,18.276,17.121,16.949,16.784,18.116,18.532,18.874,21.969,20.549,19.355,21.801,10.967,10.009,16.552,8.438,8.538,15.594,14.325,21.071,16.634,15.138,15.096,11.529,8.329,10.88,17.637,10.721,13.255,8.116,21.845,11.014,10.243,16.576,8.615,8.5,15.208,14.527,20.84,16.809,15.198,14.956,11.465,8.165,10.694,17.688,10.808,13.174,8.052,23.39
2026-01-01 10:00:00,19.394,21.444,20.496,16.493,17.159,21.202,14.95,20.696,20.534,18.203,17.163,17.071,17.011,18.259,18.654,19.012,22.129,20.503,19.438,19.376,21.28,20.43,16.576,17.101,21.115,15.037,20.749,20.579,18.276,17.121,16.949,16.784,18.116,18.532,18.874,21.969,20.549,19.355,22.085,10.691,10.383,16.639,8.562,8.371,15.083,14.403,21.067,16.804,15.149,14.955,11.539,8.266,10.683,17.65,10.686,13.158,8.024,21.845,11.014,10.243,16.576,8.615,8.5,15.208,14.527,20.84,16.809,15.198,14.956,11.465,8.165,10.694,17.688,10.808,13.174,8.052,24.16
2026-01-01 10:02:00,19.414,21.265,20.375,16.516,17.069,20.967,15.099,20.746,20.592,18.316,17.208,16.878,16.771,17.923,18.265,18.642,22.153,20.329,19.412,19.376,21.28,20.43,16.576,17.101,21.115,15.037,20.749,20.579,18.276,17.121,16.949,16.784,18.116,18.532,18.874,21.969,20.549,19.355,21.746,10.96,10.417,16.683,8.648,8.667,15.218,14.688,20.83,17.013,15.269,14.903,11.284,8.177,10.707,17.521,10.769,13.078,8.085,21.845,11.014,10.243,16.576,8.615,8.5,15.208,14.527,20.84,16.809,15.198,14.956,11.465,8.165,10.694,17.688,10.808,13.174,8.052,23.27
2026-01-01 10:04:00,19.553,21.226,20.625,16.798,17.215,21.4,15.112,20.661,20.642,18.223,16.965,16.796,17.062,18.051,18.53,18.796,21.986,20.521,19.307,19.376,21.28,20.43,16.576,17.101,21.115,15.037,20.749,20.579,18.276,17.121,16.949,16.784,18.116,18.532,18.874,21.969,20.549,19.355,21.65,11.004,10.516,16.71,8.604,8.716,15.146,14.641,20.878,16.739,15.263,15.296,11.332,8.029,10.936,17.587,10.785,13.1,7.936,21.845,11.014,10.243,16.576,8.615,8.5,15.208,14.527,20.84,16.809,15.198,14.956,11.465,8.165,10.694,17.688,10.808,13.174,8.052,25.47
2026-01-01 10:06:00,19.231,21.112,20.342,16.613,17.352,21.243,15.257,20.809,20.571,18.118,17.123,16.694,16.75,18.313,18.573,19.012,21.925,20.386,19.3,19.376,21.28,20.43,16.576,17.101,21.115,15.037,20.749,20.579,18.276,17.121,16.949,16.784,18.116,18.532,18.874,21.969,20.549,19.355,21.909,10.86,10.084,16.532,8.688,8.703,15.197,14.655,21.035,16.871,15.315,14.92,11.223,8.273,10.52,17.764,10.681,12.994,8.028,21.845,11.014,10.243,16.576,8.615,8.5,15.208,14.527,20.84,16.809,15.198,14.956,11.465,8.165,10.694,17.688,10.808,13.174,8.052,23.47
2026-01-01 10:08:00,19.331,20.659,20.669,14.412,17.061,21.1,14.998,20.602,20.593,18.322,17.17,16.807,16.773,17.91,18.645,18.755,21.939,20.498,19.289,19.376,21.28,20.43,16.576,17.101,21.115,15.037,20.749,20.579,18.276,17.121,16.949,16.784,18.116,18.532,18.874,21.969,20.549,19.355,21.652,12.443,10.208,19.355,8.832,8.612,15.166,14.64,20.892,16.754,14.993,14.843,11.746,8.166,10.77,17.933,10.695,13.326,7.67,21.845,11.014,10.243,16.576,8.615,8.5,15.208,14.527,20.84,16.809,15.198,14.956,11.465,8.165,10.694,17.688,10.808,13.174,8.052,13.25
2026-01-01 10:10:00,19.252,21.072,20.641,16.611,17.136,21.37,15.028,20.818,20.586,18.422,17.185,16.99,16.757,18.153,18.675,18.629,21.957,20.502,19.323,19.376,21.28,20.43,16.576,17.101,21.115,15.037,20.749,20.579,18.276,17.121,16.949,16.784,18.116,18.532,18.874,21.969,20.549,19.355,21.687,10.687,10.234,16.571,8.5,,15.633,14.58,20.912,16.671,15.075,14.979,11.411,8.133,10.644,17.426,10.856,13.199,8.127,21.845,11.014,10.243,16.576,8.615,8.5,15.208,14.527,20.84,16.809,15.198,14.956,11.465,8.165,10.694,17.688,10.808,13.174,8.052,24.63
2026-01-01 10:12:00,19.142,21.372,20.332,16.553,17.045,20.918,14.987,20.531,20.47,18.242,17.125,16.96,16.772,18.376,18.588,18.732,21.899,20.474,19.338,19.376,21.28,20.43,16.576,17.101,21.115,15.037,20.749,20.579,18.276,17.121,16.949,16.784,18.116,18.532,18.874,21.969,20.549,19.355,21.942,11.276,10.178,16.599,8.81,8.438,15.372,14.448,20.768,16.643,15.171,15.256,11.73,8.173,10.764,17.853,10.646,13.107,8.019,21.845,11.014,10.243,16.576,8.615,8.5,15.208,14.527,20.84,16.809,15.198,14.956,11.465,8.165,10.694,17.688,10.808,13.174,8.052,24.46
2026-01-01 10:14:00,19.307,21.182,20.632,16.586,17.065,21.089,15.015,20.92,20.641,18.414,16.751,16.992,16.915,18.356,18.54,18.673,22.043,20.481,19.144,19.376,21.28,20.43,16.576,17.101,21.115,15.037,20.749,20.579,18.276,17.121,16.949,16.784,18.116,,18.874,21.969,20.549,19.355,21.563,10.892,10.145,16.52,8.577,8.156,15.266,14.445,20.901,16.889,15.163,15.211,11.204,8.149,10.695,17.89,10.784,13.244,8.07,21.845,11.014,10.243,16.576,8.615,8.5,15.208,14.527,20.84,16.809,15.198,14.956,11.465,8.165,10.694,17.688,10.808,13.174,8.052,24.3
2026-01-01 10:16:00,19.306,21.411,20.578,16.667,16.98,21.421,14.901,20.744,20.41,18.438,17.179,17.06,16.799,18.112,18.557,18.653,22.092,20.663,19.313,19.376,21.28,20.43,16.576,17.101,21.115,15.037,20.749,20.579,18.276,17.121,16.949,16.784,18.116,18.532,18.874,21.969,20.549,19.355,22.138,10.955,10.1,16.492,8.667,8.701,14.848,14.325,21.04,16.736,15.078,14.878,11.323,7.996,10.696,17.564,11.053,12.792,8.122,21.845,11.014,10.243,16.576,8.615,8.5,15.208,14.527,20.84,16.809,15.198,14.956,11.465,8.165,10.694,17.688,10.808,13.174,8.052,24.4
2026-01-01 10:18:00,19.379,21.321,20.623,16.633,17.111,21.059,13.364,20.682,20.593,18.25,17.135,17.044,16.842,18.154,18.616,18.902,21.97,20.61,19.153,19.376,21.28,20.43,16.576,17.101,21.115,15.037,20.749,20.579,18.276,17.121,16.949,16.784,18.116,18.532,18.874,21.969,20.549,19.355,21.73,11.253,10.086,16.64,8.847,8.572,17.124,14.489,20.859,17.017,15.208,15.038,11.29,8.164,10.869,17.636,10.726,13.107,8.214,21.845,11.014,10.243,16.576,8.615,8.5,15.208,14.527,20.84,16.809,15.198,14.956,11.465,8.165,10.694,17.688,10.808,13.174,8.052,19.32
2026-01-01 10:20:00,19.532,21.131,20.536,16.584,17.24,21.125,14.929,20.883,20.607,18.296,17.137,17.075,16.888,18.149,18.352,18.832,21.987,20.77,19.408,19.376,21.28,20.43,16.576,17.101,21.115,15.037,20.749,20.579,18.276,17.121,16.949,16.784,18.116,18.532,18.874,21.969,20.549,19.355,21.912,11.064,10.124,16.303,8.762,8.424,15.324,14.593,20.742,16.635,15.325,14.629,11.107,8.387,10.559,17.704,10.956,13.474,7.89,21.845,11.014,10.243,16.576,8.615,8.5,15.208,14.527,20.84,16.809,15.198,14.956,11.465,8.165,10.694,17.688,10.808,13.174,8.052,24.08
2026-01-01 10:22:00,19.371,18.935,20.423,16.579,17.126,20.942,15.158,19.875,20.552,18.145,17.153,17.124,16.714,17.995,18.589,18.69,21.709,20.502,19.279,19.376,21.28,20.43,16.576,17.101,21.115,15.037,20.749,20.579,18.276,17.121,16.949,16.784,18.116,18.532,18.874,21.969,20.549,19.355,21.807,13.9,10.23,16.445,8.744,8.233,15.343,17.288,20.828,16.693,15.148,15.1,11.49,8.32,10.768,17.618,10.755,13.168,7.972,21.845,11.014,10.243,16.576,8.615,8.5,15.208,14.527,20.84,16.809,15.198,14.956,11.465,8.165,10.694,17.688,10.808,13.174,8.052,10.48
2026-01-01 10:24:00,19.349,21.221,20.476,16.557,15.076,19.979,15.12,20.871,20.695,18.366,16.732,16.836,16.753,18.147,18.345,19.052,22.012,20.481,19.382,19.376,21.28,20.43,16.576,17.101,21.115,15.037,20.749,20.579,18.276,17.121,16.949,16.784,18.116,18.532,18.874,21.969,20.549,19.355,22.041,10.829,10.486,16.458,10.201,10.261,15.003,14.761,21.071,17.009,15.447,15.13,11.179,8.252,10.574,17.804,10.754,13.094,7.902,21.845,11.014,10.243,16.576,8.615,8.5,15.208,14.527,20.84,16.809,15.198,14.956,11.465,8.165,10.694,17.688,10.808,13.174,8.052,14.36
2026-01-01 10:26:00,19.341,21.196,20.498,16.529,16.939,21.046,15.03,20.626,20.738,18.152,17.339,17.064,16.679,18.139,18.681,18.859,21.833,20.57,19.602,19.376,21.28,20.43,16.576,17.101,21.115,15.037,20.749,20.579,18.276,17.121,16.949,16.784,18.116,18.532,,21.969,20.549,19.355,21.918,11.165,10.068,16.618,8.67,8.47,15.166,14.69,21.024,16.906,15.29,15.057,11.366,8.142,10.687,17.538,10.914,13.442,8.343,21.845,11.014,10.243,16.576,8.615,8.5,15.208,14.527,20.84,16.809,15.198,14.956,11.465,8.165,10.694,17.688,10.808,13.174,8.052,24.15
2026-01-01 10:28:00,19.205,21.355,20.439,16.57,17.062,18.974,15.169,20.828,20.468,18.471,16.974,17.037,16.814,18.268,18.583,19.01,21.974,20.674,19.405,19.376,21.28,20.43,16.576,,21.115,15.037,20.749,20.579,18.276,17.121,16.949,16.784,18.116,18.532,18.874,21.969,20.549,19.355,21.8,10.932,10.111,16.665,8.592,11.296,15.033,14.538,20.738,16.835,15.153,14.669,11.576,8.161,10.706,17.664,10.655,13.166,8.156,21.845,11.014,10.243,16.576,8.615,8.5,15.208,14.527,20.84,16.809,15.198,14.956,11.465,8.165,10.694,17.688,10.808,13.174,8.052,17.25
2026-01-01 10:30:00,19.642,21.206,20.582,16.641,17.131,21.056,15.099,20.58,20.424,18.37,16.943,17.13,16.76,18.154,18.55,18.934,21.944,20.513,19.349,19.376,21.28,20.43,16.576,17.101,21.115,15.037,20.749,20.579,18.276,17.121,16.949,16.784,18.116,18.532,18.874,21.969,20.549,19.355,22.081,11.034,10.151,16.738,8.573,8.453,15.195,14.606,20.649,16.814,15.178,14.88,11.703,7.92,10.677,17.706,10.828,13.382,7.73,21.845,11.014,10.243,16.576,8.615,8.5,15.208,14.527,20.84,16.809,15.198,14.956,11.465,8.165,10.694,17.688,10.808,13.174,8.052,24.56
2026-01-01 10:32:00,19.511,21.426,20.592,16.629,17.086,20.922,15.123,20.859,20.54,18.382,17.285,16.969,16.92,18.162,18.333,18.827,21.928,20.621,19.261,19.376,21.28,20.43,16.576,17.101,21.115,15.037,20.749,20.579,18.276,17.121,16.949,16.784,18.116,18.532,18.874,21.969,20.549,19.355,21.784,10.873,10.022,16.475,8.664,8.446,15.484,14.29,20.879,16.843,15.205,15.041,11.419,8.231,10.649,17.608,10.665,13.103,8.151,21.845,11.014,10.243,16.576,8.615,8.5,15.208,14.527,20.84,16.809,15.198,14.956,11.465,8.165,10.694,17.688,10.808,13.174,8.052,24.31
2026-01-01 10:34:00,19.332,21.174,20.434,16.594,17.227,21.22,15.066,20.787,20.602,18.298,17.316,16.66,16.772,18.162,18.677,18.752,22.019,20.661,19.311,19.376,21.28,20.43,16.576,17.101,21.115,15.037,20.749,20.579,18.276,17.121,16.949,16.784,18.116,18.532,18.874,21.969,20.549,19.355,21.766,11.114,10.209,16.569,8.8,8.322,15.191,14.655,20.92,16.861,15.4,14.888,11.481,8.423,10.522,17.769,10.896,13.221,8.116,21.845,11.014,10.243,16.576,8.615,8.5,15.208,14.527,20.84,16.809,15.198,14.956,11.465,8.165,10.694,17.688,10.808,13.174,8.052,24.5
2026-01-01 10:36:00,19.156,21.247,18.7,16.664,17.008,21.338,15.063,20.661,20.528,18.154,17.177,17.137,16.767,18.236,18.428,18.921,22.254,20.389,17.652,19.376,21.28,20.43,16.576,17.101,21.115,15.037,20.749,20.579,18.276,17.121,16.949,16.784,18.116,18.532,18.874,21.969,20.549,19.355,21.724,11.038,12.81,16.632,8.641,8.773,15.358,14.841,20.992,16.877,15.311,15.155,11.353,7.952,10.49,17.805,10.764,13.136,9.722,21.845,11.014,10.243,16.576,8.615,8.5,15.208,14.527,20.84,16.809,15.198,14.956,11.465,8.165,10.694,17.688,10.808,13.174,8.052,12.57
2026-01-01 10:38:00,19.526,21.064,17.956,16.469,17.227,21.073,15.026,20.063,20.603,18.312,17.092,17.093,15.056,18.326,18.5,18.788,22.055,20.612,19.127,19.376,21.28,20.43,16.576,17.101,21.115,15.037,20.749,20.579,18.276,17.121,16.949,16.784,18.116,18.532,18.874,21.969,20.549,19.355,21.967,10.962,13.056,16.508,8.731,8.477,15.301,15.655,20.806,16.694,15.023,14.883,13.934,8.197,10.506,17.715,10.749,13.289,7.893,21.845,11.014,10.243,16.576,8.615,8.5,15.208,14.527,20.84,16.809,15.198,14.956,11.465,8.165,10.694,17.688,10.808,13.174,8.052,7.1
2026-01-01 10:40:00,19.411,21.128,20.339,16.68,17.007,21.166,15.0,20.989,20.577,18.143,16.997,16.849,16.808,18.124,18.657,18.903,21.992,20.596,19.348,19.376,21.28,20.43,16.576,17.101,21.115,15.037,20.749,20.579,18.276,17.121,16.949,16.784,18.116,18.532,18.874,21.969,20.549,19.355,21.86,11.118,10.01,16.626,8.534,8.364,14.987,14.533,20.75,16.752,15.302,14.51,11.591,8.493,10.679,17.626,10.788,13.299,8.406,21.845,11.014,10.243,16.576,8.615,8.5,15.208,14.527,20.84,16.809,15.198,14.956,11.465,8.165,10.694,17.688,10.808,13.174,8.052,23.68
2026-01-01 10:42:00,19.419,21.383,20.532,16.519,16.897,21.026,15.079,20.458,20.53,18.337,17.061,16.822,17.002,18.289,,19.041,22.132,20.42,19.684,19.376,21.28,20.43,16.576,17.101,21.115,15.037,20.749,20.579,18.276,17.121,16.949,16.784,18.116,18.532,18.874,21.969,20.549,19.355,21.721,10.564,10.282,16.558,8.586,8.461,14.883,14.566,20.729,16.845,15.121,14.818,11.192,8.362,10.675,17.734,11.028,13.241,8.082,21.845,11.014,10.243,16.576,8.615,8.5,15.208,14.527,20.84,16.809,15.198,14.956,11.465,8.165,10.694,17.688,10.808,13.174,8.052,23.92
2026-01-01 10:44:00,19.27,21.256,20.305,16.593,16.95,21.121,15.174,20.781,20.554,18.468,17.02,17.072,16.754,18.148,18.542,18.896,21.968,20.461,19.293,19.376,21.28,20.43,16.576,17.101,21.115,15.037,20.749,20.579,18.276,17.121,16.949,16.784,18.116,18.532,18.874,21.969,20.549,19.355,21.501,11.175,10.366,16.405,8.385,8.549,15.177,14.732,20.64,16.792,15.285,15.015,11.276,7.948,10.618,17.994,10.683,13.099,8.172,21.845,11.014,10.243,16.576,8.615,8.5,15.208,14.527,20.84,16.809,15.198,14.956,11.465,8.165,10.694,17.688,10.808,13.174,8.052,23.31
2026-01-01 10:46:00,19.435,21.273,20.296,16.498,17.024,21.114,15.064,20.765,20.506,18.283,16.962,16.608,16.782,17.922,18.423,18.734,22.048,20.408,19.393,19.376,21.28,20.43,16.576,17.101,21.115,15.037,20.749,20.579,18.276,17.121,16.949,16.784,18.116,18.532,18.874,21.969,20.549,19.355,21.905,11.208,10.135,16.471,8.728,8.458,15.199,14.37,20.719,16.687,15.098,14.845,11.411,8.106,10.843,17.939,10.752,13.394,8.116,21.845,11.014,10.243,16.576,8.615,8.5,15.208,14.527,20.84,16.809,15.198,14.956,11.465,8.165,10.694,17.688,10.808,13.174,8.052,23.67
2026-01-01 10:48:00,19.321,21.136,20.245,16.635,17.151,21.211,15.26,20.784,20.616,18.264,17.137,16.91,16.679,18.357,18.311,18.907,22.024,20.569,19.242,19.376,21.28,20.43,16.576,17.101,21.115,15.037,20.749,20.579,18.276,17.121,16.949,16.784,18.116,18.532,18.874,21.969,20.549,19.355,21.51,11.046,10.025,16.728,8.531,8.722,15.409,14.448,20.69,16.959,15.062,14.937,11.603,8.14,10.792,17.965,10.853,13.27,7.962,21.845,11.014,10.243,16.576,8.615,8.5,15.208,14.527,20.84,16.809,15.198,14.956,11.465,8.165,10.694,17.688,10.808,13.174,8.052,24.22
2026-01-01 10:50:00,19.354,21.227,20.302,16.572,17.053,21.05,15.12,20.622,20.633,18.203,17.173,16.958,16.813,17.998,18.439,18.772,21.989,20.638,19.484,19.376,21.28,20.43,16.576,17.101,21.115,15.037,20.749,20.579,18.276,17.121,16.949,16.784,18.116,18.532,18.874,21.969,20.549,19.355,21.447,,10.24,16.649,8.616,8.405,15.116,14.533,20.705,16.603,15.23,14.947,11.543,8.081,10.668,17.548,10.745,13.291,8.297,21.845,11.014,10.243,16.576,8.615,8.5,15.208,14.527,20.84,16.809,15.198,14.956,11.465,8.165,10.694,17.688,10.808,13.174,8.052,23.75
2026-01-01 10:52:00,17.874,21.29,20.235,16.31,16.997,21.034,14.85,20.535,20.642,16.729,16.919,17.226,16.803,18.076,18.611,18.782,22.157,20.362,19.197,19.376,21.28,20.43,16.576,17.101,21.115,15.037,20.749,20.579,18.276,17.121,16.949,16.784,18.116,18.532,18.874,21.969,20.549,19.355,24.329,11.074,10.13,16.357,8.527,8.46,15.158,14.405,20.861,19.564,15.114,15.01,11.544,8.306,10.785,17.828,10.815,12.984,7.891,21.845,11.014,10.243,16.576,8.615,8.5,15.208,14.527,20.84,16.809,15.198,14.956,11.465,8.165,10.694,17.688,10.808,13.174,8.052,11.47
2026-01-01 10:54:00,19.357,21.186,18.315,16.382,17.011,21.14,15.101,20.865,20.617,18.536,17.061,16.966,16.883,18.074,18.493,18.815,21.887,20.409,19.285,19.376,21.28,20.43,16.576,17.101,21.115,15.037,20.749,20.579,18.276,17.121,16.949,16.784,18.116,18.532,18.874,21.969,20.549,19.355,21.776,10.869,12.866,16.543,8.607,8.436,15.255,14.803,20.694,16.726,15.025,15.116,11.589,7.969,10.759,17.483,10.861,13.173,8.058,21.845,11.014,10.243,16.576,8.615,8.5,15.208,14.527,20.84,16.809,15.198,14.956,11.465,8.165,10.694,17.688,10.808,13.174,8.052,16.01
2026-01-01 10:56:00,19.186,21.322,20.235,16.819,17.3,21.242,15.007,20.673,20.721,18.292,17.183,16.858,16.906,,18.539,18.662,21.885,20.603,19.296,19.376,21.28,20.43,16.576,17.101,21.115,15.037,20.749,20.579,18.276,17.121,16.949,16.784,18.116,18.532,18.874,21.969,20.549,19.355,21.587,11.039,10.268,16.764,8.632,8.491,15.105,14.603,20.957,16.917,15.328,14.932,11.261,8.176,10.904,17.869,10.71,13.473,8.253,21.845,11.014,10.243,16.576,8.615,8.5,15.208,14.527,20.84,16.809,15.198,14.956,11.465,8.165,10.694,17.688,10.808,13.174,8.052,23.53
2026-01-01 10:58:00,19.317,21.369,20.415,16.719,,21.177,15.091,20.558,20.418,18.374,16.988,16.867,16.849,18.07,18.583,18.764,21.998,20.672,19.388,19.376,21.28,20.43,16.576,17.101,21.115,15.037,20.749,20.579,18.276,17.121,16.949,16.784,18.116,18.532,18.874,21.969,20.549,19.355,21.968,10.872,10.343,16.714,8.936,8.439,15.171,14.702,21.01,16.941,15.127,14.867,11.506,8.237,10.829,17.587,10.582,13.336,8.042,21.845,11.014,10.243,16.576,8.615,8.5,15.208,14.527,20.84,16.809,15.198,14.956,11.465,8.165,10.694,17.688,10.808,13.174,8.052,23.53
2026-01-01 11:00:00,19.107,21.352,20.43,16.462,15.771,20.9,15.254,20.667,20.761,18.264,16.956,16.954,16.817,18.174,18.652,18.761,22.021,20.63,19.316,19.376,21.28,20.43,16.576,17.101,21.115,15.037,20.749,20.579,18.276,17.121,16.949,16.784,18.116,18.532,18.874,21.969,20.549,19.355,21.828,11.157,10.038,16.576,10.263,8.569,15.206,14.628,20.657,16.75,15.074,15.116,11.653,8.181,10.799,17.661,10.72,13.376,8.042,21.845,11.014,10.243,16.576,8.615,8.5,15.208,14.527,20.84,16.809,15.198,14.956,11.465,8.165,10.694,17.688,10.808,13.174,8.052,20.14
2026-01-01 11:02:00,19.257,21.16,20.513,16.665,16.996,20.948,15.178,20.556,20.592,18.173,16.905,16.957,16.755,18.281,18.797,18.845,22.084,20.667,19.286,19.376,21.28,20.43,16.576,17.101,21.115,15.037,20.749,20.579,18.276,17.121,16.949,16.784,18.116,18.532,18.874,21.969,20.549,19.355,22.047,11.367,10.078,16.665,8.573,8.563,14.877,14.62,20.721,16.858,15.267,15.083,11.473,8.217,10.657,17.474,10.725,13.107,8.01,21.845,11.014,10.243,16.576,8.615,8.5,15.208,14.527,20.84,16.809,15.198,14.956,11.465,8.165,10.694,17.688,10.808,13.174,8.052,24.73
2026-01-01 11:04:00,19.265,21.466,20.379,16.567,17.06,21.092,14.958,20.831,20.723,18.224,16.95,16.948,16.6,18.032,18.672,19.145,22.007,20.415,19.442,19.376,21.28,20.43,16.576,17.101,21.115,15.037,20.749,20.579,18.276,17.121,16.949,16.784,18.116,18.532,18.874,21.969,20.549,19.355,21.874,11.054,10.404,16.869,8.471,8.528,15.278,14.497,20.945,16.488,15.301,14.932,11.197,8.133,10.98,17.679,11.115,13.503,8.102,21.845,11.014,10.243,16.576,8.615,8.5,15.208,14.527,20.84,16.809,15.198,14.956,11.465,8.165,10.694,17.688,10.808,13.174,8.052,24.9
2026-01-01 11:06:00,19.101,21.191,20.605,16.659,16.93,20.91,15.132,20.736,20.502,18.318,17.046,16.713,16.874,18.031,18.405,18.709,21.992,20.446,19.423,19.376,21.28,20.43,16.576,17.101,21.115,15.037,20.749,20.579,18.276,17.121,16.949,16.784,18.116,18.532,18.874,21.969,20.549,19.355,21.808,11.123,10.463,16.846,8.674,8.381,15.44,14.27,20.817,16.828,15.281,14.878,11.497,8.307,10.71,17.576,10.933,13.208,7.919,21.845,11.014,10.243,16.576,8.615,8.5,15.208,14.527,20.84,16.809,15.198,14.956,11.465,8.165,10.694,17.688,10.808,13.174,8.052,23.83
2026-01-01 11:08:00,19.337,21.403,20.377,16.492,16.859,20.977,15.116,21.107,20.423,18.145,17.155,16.999,16.697,18.118,18.333,18.832,22.069,20.737,19.329,19.376,21.28,20.43,16.576,17.101,21.115,15.037,20.749,20.579,18.276,17.121,16.949,16.784,18.116,18.532,18.874,21.969,20.549,19.355,21.751,11.299,10.227,16.664,8.555,8.487,15.212,14.463,20.962,16.975,15.328,14.908,11.383,7.882,10.862,17.653,10.64,13.015,8.179,21.845,11.014,10.243,16.576,8.615,8.5,15.208,14.527,20.84,16.809,15.198,14.956,11.465,8.165,10.694,17.688,10.808,13.174,8.052,23.51
2026-01-01 11:10:00,18.51,21.328,20.555,16.628,17.005,21.151,15.146,20.657,20.413,18.33,14.83,17.058,16.788,18.032,18.473,18.745,20.469,20.475,19.291,19.376,21.28,20.43,16.576,17.101,21.115,15.037,20.749,20.579,18.276,17.121,16.949,16.784,18.116,18.532,18.874,21.969,20.549,19.355,24.515,11.135,10.28,16.723,8.663,8.09,15.417,14.348,21.072,16.84,17.686,14.89,11.354,8.229,10.779,17.503,13.235,13.372,8.118,21.845,11.014,10.243,16.576,8.615,8.5,15.208,14.527,20.84,16.809,15.198,14.956,11.465,8.165,10.694,17.688,10.808,,8.052,4.98
2026-01-01 11:12:00,19.502,21.128,20.418,16.5,17.273,21.14,14.986,20.84,20.581,18.213,17.298,17.028,16.985,18.248,18.619,18.884,21.833,20.628,19.358,19.376,21.28,20.43,16.576,17.101,21.115,15.037,20.749,20.579,18.276,17.121,16.949,16.784,18.116,18.532,18.874,21.969,20.549,19.355,21.66,11.173,10.428,16.655,8.701,8.43,14.785,14.643,20.732,17.113,15.146,15.049,11.361,7.959,10.625,18.009,10.82,12.89,8.215,21.845,11.014,10.243,16.576,8.615,8.5,15.208,14.527,20.84,16.809,15.198,14.956,11.465,8.165,10.694,17.688,10.808,13.174,8.052,23.35
2026-01-01 11:14:00,19.451,21.274,20.342,16.451,17.179,21.264,12.912,20.797,20.739,18.171,17.075,16.81,16.92,18.142,18.472,18.672,21.942,20.663,19.315,19.376,21.28,20.43,16.576,17.101,21.115,15.037,20.749,20.579,18.276,17.121,16.949,16.784,18.116,18.532,18.874,21.969,20.549,19.355,22.03,10.902,10.267,16.583,8.508,8.521,16.161,14.588,20.997,16.69,15.304,15.078,11.557,8.388,10.701,17.582,10.933,13.258,7.738,21.845,11.014,10.243,16.576,8.615,8.5,15.208,14.527,20.84,16.809,15.198,14.956,11.465,8.165,10.694,17.688,10.808,13.174,8.052,19.44
2026-01-01 11:16:00,19.32,21.352,20.278,16.578,17.168,21.017,14.933,20.773,20.563,18.243,17.141,16.971,16.669,18.031,18.581,19.004,22.125,20.443,19.481,19.376,21.28,20.43,16.576,17.101,21.115,15.037,20.749,20.579,18.276,17.121,16.949,16.784,18.116,18.532,18.874,21.969,20.549,19.355,21.862,10.907,10.193,16.595,8.85,8.567,15.113,14.448,20.877,16.875,15.61,14.82,11.386,8.315,10.647,17.721,10.572,12.935,8.16,21.845,11.014,10.243,16.576,8.615,8.5,15.208,14.527,20.84,16.809,15.198,14.956,11.465,8.165,10.694,17.688,10.808,13.174,8.052,23.61
2026-01-01 11:18:00,19.462,21.273,20.484,16.671,17.31,20.985,15.104,20.728,20.551,18.408,17.215,16.824,16.746,18.139,18.36,18.973,21.956,20.564,19.391,19.376,21.28,20.43,16.576,17.101,21.115,15.037,20.749,20.579,18.276,17.121,16.949,16.784,18.116,18.532,18.874,21.969,20.549,19.355,21.699,11.134,10.177,16.628,8.798,8.386,15.096,14.703,20.848,16.792,15.336,14.815,11.465,7.982,10.5,17.791,10.994,13.206,7.838,21.845,11.014,10.243,16.576,8.615,8.5,15.208,14.527,20.84,16.809,15.198,14.956,11.465,8.165,10.694,17.688,10.808,13.174,8.052,24.43
2026-01-01 11:20:00,19.587,21.281,20.384,16.779,17.038,21.049,14.868,20.873,20.608,18.328,17.137,16.929,16.687,18.019,18.58,18.886,22.159,20.455,19.294,19.376,21.28,20.43,16.576,17.101,21.115,15.037,20.749,20.579,18.276,17.121,16.949,16.784,18.116,18.532,18.874,21.969,20.549,19.355,21.831,11.067,10.243,16.753,8.497,8.55,15.16,14.518,20.793,16.886,15.021,14.915,11.52,8.297,10.857,17.72,10.982,13.367,8.038,21.845,11.014,10.243,16.576,8.615,8.5,15.208,14.527,20.84,16.809,15.198,14.956,11.465,8.165,10.694,17.688,10.808,13.174,8.052,23.53
2026-01-01 11:22:00,19.251,21.441,20.28,16.665,17.268,21.095,15.12,20.493,20.53,18.075,17.138,16.947,16.69,18.224,18.571,18.809,21.904,20.371,19.33,19.376,21.28,20.43,16.576,17.101,21.115,15.037,20.749,20.579,18.276,17.121,16.949,16.784,18.116,18.532,18.874,21.969,20.549,19.355,22.143,11.246,10.204,16.561,8.549,8.486,15.265,14.571,20.785,16.885,15.381,15.094,11.567,8.119,10.652,17.939,10.819,13.065,8.191,21.845,11.014,10.243,16.576,8.615,8.5,15.208,14.527,20.84,16.809,15.198,14.956,11.465,8.165,10.694,17.688,10.808,13.174,8.052,24.08
2026-01-01 11:24:00,19.624,21.193,20.477,16.508,17.193,21.164,15.006,20.534,20.515,18.415,16.353,17.021,16.724,17.891,18.579,18.909,21.897,20.502,19.387,19.376,21.28,20.43,16.576,17.101,21.115,15.037,20.749,20.579,18.276,17.121,16.949,16.784,18.116,18.532,18.874,21.969,20.549,19.355,22.094,10.795,10.492,16.434,8.747,8.515,15.122,14.39,20.693,16.628,16.118,15.11,11.431,8.456,10.66,17.589,10.811,13.422,7.946,21.845,11.014,10.243,16.576,8.615,8.5,15.208,14.527,20.84,16.809,15.198,14.956,11.465,8.165,10.694,17.688,10.808,13.174,8.052,20.07
2026-01-01 11:26:00,19.302,21.319,20.403,16.294,17.081,21.041,14.935,20.793,20.519,18.337,17.248,16.963,16.598,18.026,18.637,18.841,21.87,20.535,19.412,19.376,21.28,20.43,16.576,17.101,21.115,15.037,20.749,20.579,18.276,17.121,16.949,16.784,18.116,18.532,18.874,21.969,20.549,19.355,21.847,11.167,10.172,16.654,8.593,8.472,15.192,14.493,20.955,16.579,15.01,14.888,11.24,8.025,10.515,17.67,10.557,13.129,7.954,21.845,11.014,10.243,16.576,8.615,8.5,15.208,14.527,20.84,16.809,15.198,14.956,11.465,8.165,10.694,17.688,10.808,13.174,8.052,23.83
2026-01-01 11:28:00,19.404,21.354,20.329,16.541,17.069,21.11,14.786,20.718,20.418,18.438,17.303,17.146,16.878,18.056,18.643,18.848,22.039,20.439,19.283,19.376,21.28,20.43,16.576,17.101,21.115,15.037,20.749,20.579,18.276,17.121,16.949,16.784,18.116,18.532,18.874,21.969,20.549,19.355,21.995,10.775,9.996,16.339,8.444,8.36,15.291,14.4,20.802,16.781,15.271,14.741,11.335,8.152,10.884,17.579,10.689,13.271,8.055,21.845,11.014,10.243,16.576,8.615,8.5,15.208,14.527,20.84,16.809,15.198,14.956,11.465,8.165,10.694,17.688,10.808,13.174,8.052,23.95
2026-01-01 11:30:00,19.429,21.489,20.425,16.842,17.426,20.961,15.031,20.634,20.561,18.21,17.111,17.061,16.893,18.144,18.53,18.887,21.982,20.615,19.354,19.376,21.28,20.43,16.576,17.101,21.115,15.037,20.749,20.579,18.276,17.121,16.949,16.784,18.116,18.532,18.874,21.969,20.549,19.355,21.835,11.272,10.125,16.677,8.886,8.425,15.536,14.627,20.883,17.018,15.225,14.583,11.5,8.136,10.475,17.79,10.724,13.04,8.372,21.845,11.014,10.243,16.576,8.615,8.5,15.208,14.527,20.84,16.809,15.198,14.956,11.465,8.165,10.694,17.688,10.808,13.174,8.052,24.01
2026-01-01 11:32:00,19.433,21.123,20.522,16.782,17.121,20.945,15.195,20.708,20.223,18.248,17.191,16.993,16.93,18.188,18.545,18.638,21.835,20.568,19.434,19.376,21.28,20.43,16.576,17.101,21.115,15.037,20.749,20.579,18.276,17.121,16.949,16.784,18.116,18.532,18.874,21.969,20.549,19.355,22.012,11.238,10.503,16.383,8.888,8.346,15.054,14.577,20.788,17.061,15.144,15.052,11.462,8.054,10.654,17.625,10.833,13.152,8.178,21.845,11.014,10.243,16.576,8.615,8.5,15.208,14.527,20.84,16.809,15.198,14.956,11.465,8.165,10.694,17.688,10.808,13.174,8.052,23.73
2026-01-01 11:34:00,19.252,21.206,20.484,16.348,16.869,21.086,15.065,20.69,20.306,18.277,16.962,17.025,16.771,18.145,18.606,18.81,22.065,20.695,19.401,19.376,21.28,20.43,16.576,17.101,21.115,15.037,20.749,20.579,18.276,17.121,16.949,16.784,18.116,18.532,18.874,21.969,20.549,19.355,21.804,11.057,10.485,16.648,9.026,8.518,15.257,14.618,21.014,16.926,15.195,14.93,11.409,8.168,10.472,17.51,10.641,13.385,8.092,21.845,11.014,10.243,16.576,8.615,8.5,15.208,14.527,20.84,16.809,15.198,14.956,11.465,8.165,10.694,17.688,10.808,13.174,8.052,24.0
2026-01-01 11:36:00,19.532,21.205,20.537,16.607,16.983,21.104,14.972,20.682,20.588,18.4,17.082,16.962,16.608,18.127,18.668,18.969,22.024,20.485,19.238,19.376,21.28,20.43,16.576,17.101,21.115,15.037,20.749,20.579,18.276,17.121,16.949,16.784,18.116,18.532,18.874,21.969,20.549,19.355,21.999,10.982,10.293,16.456,8.331,8.463,15.135,14.436,20.636,16.896,15.313,15.036,11.624,8.044,10.781,17.679,10.738,13.176,7.913,21.845,11.014,10.243,16.576,8.615,8.5,15.208,14.527,20.84,16.809,15.198,14.956,11.465,8.165,10.694,17.688,10.808,13.174,8.052,24.02
2026-01-01 11:38:00,19.363,21.12,20.282,16.687,16.991,21.327,14.866,20.798,20.439,18.295,16.996,16.952,16.764,18.061,18.591,19.052,21.897,20.652,19.364,19.376,21.28,20.43,16.576,17.101,21.115,15.037,20.749,20.579,18.276,17.121,16.949,16.784,18.116,18.532,18.874,21.969,20.549,,21.797,11.012,9.983,16.796,8.758,8.617,15.461,14.626,20.929,17.051,15.128,14.761,11.604,8.131,10.846,17.786,10.707,13.165,7.892,21.845,11.014,10.243,16.576,8.615,8.5,15.208,14.527,20.84,16.809,15.198,14.956,11.465,8.165,10.694,17.688,10.808,13.174,8.052,24.04
2026-01-01 11:40:00,19.371,21.54,20.17,16.494,15.535,21.076,15.008,21.2,20.619,18.488,17.274,16.895,16.84,18.313,18.551,18.898,22.027,20.368,19.257,19.376,21.28,20.43,16.576,17.101,21.115,15.037,20.749,20.579,18.276,17.121,16.949,16.784,18.116,18.532,18.874,21.969,20.549,19.355,21.853,10.991,10.363,16.853,9.843,8.46,15.227,14.516,20.775,16.846,15.035,14.835,11.503,8.306,10.771,17.65,10.974,13.222,8.308,21.845,11.014,10.243,16.576,8.615,8.5,15.208,14.527,20.84,16.809,15.198,14.956,11.465,8.165,10.694,17.688,10.808,13.174,8.052,21.05
2026-01-01 11:42:00,19.414,21.344,20.319,16.537,17.085,21.095,15.118,20.76,18.455,18.106,16.994,16.986,16.593,18.146,18.452,18.776,22.044,20.466,17.186,19.376,21.28,20.43,16.576,17.101,21.115,15.037,20.749,20.579,18.276,17.121,16.949,16.784,18.116,18.532,18.874,21.969,20.549,19.355,21.922,11.015,10.069,16.764,8.762,8.703,15.13,14.371,22.61,16.811,14.841,15.054,11.281,8.373,10.856,17.4,10.86,13.173,10.421,21.845,11.014,10.243,16.576,8.615,8.5,15.208,14.527,20.84,16.809,15.198,14.956,11.465,8.165,10.694,17.688,10.808,13.174,8.052,12.22
2026-01-01 11:44:00,19.293,21.285,20.755,16.322,17.097,21.084,15.148,20.702,20.283,18.431,16.989,16.939,16.619,17.983,18.47,18.974,22.066,20.475,19.412,19.376,21.28,20.43,16.576,17.101,21.115,15.037,20.749,20.579,18.276,17.121,16.949,16.784,18.116,18.532,18.874,21.969,20.549,19.355,21.669,10.806,10.377,16.287,8.602,8.565,15.318,14.579,21.179,16.987,15.176,14.937,11.359,8.195,11.007,17.794,10.796,12.999,7.687,21.845,11.014,10.243,16.576,8.615,8.5,15.208,14.527,20.84,16.809,15.198,14.956,11.465,8.165,10.694,17.688,10.808,13.174,8.052,24.43
2026-01-01 11:46:00,19.329,18.954,20.445,16.647,17.025,21.096,15.06,20.756,20.481,18.478,17.063,17.036,16.805,18.258,18.268,19.116,21.94,20.398,19.367,19.376,21.28,20.43,16.576,17.101,21.115,15.037,20.749,20.579,18.276,17.121,16.949,16.784,18.116,18.532,18.874,21.969,20.549,19.355,21.835,12.722,10.299,16.412,8.726,8.467,15.118,14.573,20.771,16.804,15.089,15.026,11.217,8.15,10.777,17.817,10.889,13.366,8.089,21.845,11.014,10.243,,8.615,8.5,15.208,14.527,20.84,16.809,15.198,14.956,11.465,8.165,10.694,17.688,10.808,13.174,8.052,18.75
2026-01-01 11:48:00,19.641,21.337,20.28,16.518,17.257,20.944,15.012,20.71,20.834,18.237,17.274,16.865,16.685,18.232,18.602,18.665,22.041,20.622,19.278,19.376,21.28,20.43,16.576,17.101,21.115,15.037,20.749,20.579,18.276,17.121,16.949,16.784,18.116,18.532,18.874,21.969,20.549,19.355,,10.938,9.945,16.254,8.336,8.495,14.955,14.309,20.941,16.543,15.205,15.083,11.637,8.198,10.485,17.54,11.018,13.406,7.987,21.845,11.014,10.243,16.576,8.615,8.5,15.208,14.527,20.84,16.809,15.198,14.956,11.465,8.165,10.694,17.688,10.808,13.174,8.052,24.52
2026-01-01 11:50:00,19.398,21.309,18.207,15.333,17.017,21.079,14.875,20.74,20.397,18.281,15.303,16.822,16.882,18.342,18.686,18.708,22.116,20.571,19.345,19.376,21.28,20.43,16.576,17.101,21.115,15.037,20.749,20.579,18.276,17.121,16.949,16.784,18.116,,18.874,21.969,20.549,19.355,21.972,11.124,11.671,18.499,8.481,8.585,15.296,14.503,20.755,17.037,16.596,14.823,11.256,8.13,10.664,17.566,10.973,13.191,8.138,21.845,11.014,10.243,16.576,8.615,8.5,15.208,14.527,20.84,16.809,15.198,14.956,11.465,8.165,10.694,17.688,10.808,13.174,8.052,9.98
2026-01-01 11:52:00,19.301,21.276,20.591,16.637,17.048,21.031,14.983,20.814,20.798,18.146,17.117,16.899,16.69,18.159,18.593,18.702,21.841,20.687,19.389,19.376,21.28,20.43,16.576,17.101,21.115,15.037,20.749,20.579,18.276,17.121,16.949,16.784,18.116,18.532,18.874,21.969,20.549,19.355,21.639,10.966,10.475,16.733,8.685,8.671,15.319,14.575,20.904,16.884,15.142,15.222,11.829,8.195,10.695,18.045,10.883,13.269,8.131,21.845,11.014,10.243,16.576,8.615,8.5,15.208,14.527,20.84,16.809,15.198,14.956,11.465,8.165,10.694,17.688,10.808,13.174,8.052,24.27
2026-01-01 11:54:00,19.434,21.217,20.38,16.627,17.038,20.979,15.033,20.852,18.604,18.397,14.723,16.842,16.781,18.106,17.703,18.95,21.81,20.384,19.474,19.376,21.28,20.43,16.576,17.101,21.115,15.037,20.749,20.579,18.276,17.121,16.949,16.784,18.116,18.532,18.874,21.969,20.549,19.355,21.869,10.973,10.371,16.368,8.783,8.734,15.186,14.482,23.149,16.795,17.535,15.108,11.313,7.867,12.378,17.623,10.704,13.075,7.972,21.845,11.014,10.243,16.576,8.615,8.5,15.208,14.527,20.84,16.809,15.198,14.956,11.465,8.165,10.694,17.688,10.808,13.174,8.052,8.12
2026-01-01 11:56:00,19.385,21.326,18.844,16.754,16.954,19.91,14.936,20.831,20.735,18.107,17.165,14.622,16.746,18.117,18.403,18.756,22.042,20.645,19.284,19.376,21.28,20.43,16.576,17.101,21.115,15.037,20.749,20.579,18.276,17.121,16.949,16.784,18.116,18.532,18.874,21.969,20.549,19.355,21.812,10.686,12.395,16.536,8.57,9.303,15.341,14.582,21.181,16.497,15.331,16.429,11.042,8.259,10.685,17.677,10.815,13.241,8.003,21.845,11.014,10.243,16.576,8.615,8.5,15.208,14.527,20.84,16.809,15.198,14.956,11.465,8.165,10.694,,10.808,13.174,8.052,11.18
2026-01-01 11:58:00,19.199,21.551,20.556,16.615,16.975,21.042,15.062,20.631,20.765,18.288,17.164,16.823,16.672,18.018,18.56,18.839,21.93,20.582,18.705,,21.28,20.43,16.576,17.101,21.115,15.037,20.749,20.579,18.276,17.121,16.949,16.784,18.116,18.532,18.874,21.969,20.549,19.355,21.745,11.167,10.251,16.708,9.022,8.304,15.081,14.427,20.831,17.066,15.271,15.127,11.755,7.873,10.647,17.592,10.878,13.025,9.457,21.845,11.014,10.243,16.576,8.615,8.5,15.208,14.527,20.84,16.809,15.198,14.956,11.465,8.165,10.694,17.688,10.808,13.174,8.052,21.02
2026-01-01 12:00:00,19.547,21.253,20.306,16.571,17.27,21.045,15.039,20.702,20.623,18.302,17.021,16.918,16.891,18.241,18.637,18.972,21.925,20.502,19.461,19.376,21.28,20.43,16.576,17.101,21.115,15.037,20.749,20.579,18.276,17.121,16.949,16.784,18.116,18.532,18.874,21.969,20.549,19.355,21.776,10.904,10.091,16.384,8.613,8.415,15.26,14.459,20.913,16.845,15.365,15.07,11.389,8.355,10.612,17.557,10.944,12.989,7.953,21.845,11.014,10.243,16.576,8.615,8.5,15.208,14.527,20.84,16.809,15.198,14.956,11.465,8.165,10.694,17.688,10.808,13.174,8.052,23.97
2026-01-01 12:02:00,19.233,21.27,20.207,16.528,17.014,20.969,15.101,20.658,20.532,18.241,17.03,17.113,16.722,18.135,18.374,18.815,21.926,20.509,19.282,19.376,21.28,20.43,16.576,17.101,21.115,15.037,20.749,20.579,18.276,17.121,16.949,16.784,18.116,18.532,18.874,21.969,20.549,19.355,21.62,10.793,10.289,16.439,8.868,8.719,15.263,14.429,20.839,16.772,15.368,14.673,11.441,8.178,10.755,17.793,10.75,13.266,7.876,21.845,11.014,10.243,16.576,8.615,8.5,15.208,14.527,20.84,16.809,15.198,14.956,11.465,8.165,10.694,17.688,10.808,13.174,8.052,24.78
2026-01-01 12:04:00,19.389,21.46,20.41,16.556,17.051,21.41,15.223,20.81,20.659,18.188,17.099,16.97,16.794,18.011,18.436,18.931,22.002,20.297,19.362,19.376,21.28,20.43,16.576,17.101,21.115,15.037,20.749,20.579,18.276,17.121,16.949,16.784,18.116,18.532,18.874,21.969,20.549,19.355,22.014,11.071,10.225,16.743,8.508,8.247,15.284,14.54,20.79,16.707,15.267,15.088,11.328,7.956,10.795,17.526,10.998,13.386,7.966,21.845,11.014,10.243,16.576,8.615,8.5,15.208,14.527,20.84,16.809,15.198,14.956,11.465,8.165,10.694,17.688,10.808,13.174,8.052,24.24
2026-01-01 12:06:00,19.522,21.201,20.454,16.401,17.195,20.98,14.886,20.708,20.855,18.2,16.969,15.93,16.807,17.215,18.379,18.683,21.928,20.59,19.394,19.376,21.28,20.43,16.576,17.101,21.115,15.037,20.749,20.579,18.276,17.121,16.949,16.784,18.116,18.532,18.874,21.969,20.549,19.355,22.192,10.976,10.23,16.56,8.682,8.625,15.261,14.423,20.793,16.579,15.046,17.775,11.466,9.349,10.728,17.577,10.803,13.182,8.2,21.845,11.014,10.243,16.576,8.615,8.5,15.208,14.527,20.84,16.809,15.198,14.956,11.465,8.165,10.694,17.688,10.808,13.174,8.052,14.13
2026-01-01 12:08:00,19.5,20.422,20.329,16.557,17.196,21.167,14.984,20.625,20.68,18.384,17.437,16.924,16.972,17.97,18.464,18.791,21.91,20.442,19.288,19.376,21.28,20.43,16.576,17.101,21.115,15.037,20.749,20.579,18.276,17.121,,16.784,18.116,18.532,18.874,21.969,20.549,19.355,21.998,12.993,10.185,16.313,8.913,8.182,15.197,14.294,20.847,16.84,15.287,14.862,11.569,8.06,10.551,17.567,10.691,13.422,8.183,21.845,11.014,10.243,16.576,8.615,8.5,15.208,14.527,20.84,16.809,15.198,14.956,11.465,8.165,10.694,17.688,10.808,13.174,8.052,19.82
2026-01-01 12:10:00,19.366,21.224,20.504,16.563,17.097,21.285,15.07,20.763,20.574,18.279,17.185,16.851,16.915,18.297,18.664,18.813,21.778,20.494,19.37,19.376,21.28,20.43,16.576,17.101,21.115,15.037,20.749,20.579,18.276,17.121,16.949,16.784,18.116,18.532,18.874,21.969,20.549,19.355,21.938,10.711,10.227,16.669,8.35,8.643,15.044,14.522,20.875,16.79,15.192,15.024,11.637,8.391,10.896,17.708,10.507,13.006,7.979,21.845,11.014,10.243,16.576,8.615,8.5,15.208,14.527,20.84,16.809,15.198,14.956,11.465,8.165,10.694,17.688,10.808,13.174,8.052,24.41
2026-01-01 12:12:00,19.47,21.256,20.391,16.752,17.019,21.237,15.14,20.589,20.609,18.207,17.006,16.728,16.596,18.161,18.483,18.903,21.84,20.507,19.32,19.376,21.28,20.43,16.576,17.101,21.115,15.037,20.749,20.579,18.276,17.121,16.949,16.784,18.116,18.532,18.874,21.969,20.549,19.355,21.939,11.19,10.185,16.474,8.628,8.529,15.311,14.641,20.808,16.438,15.134,14.511,11.439,8.567,10.877,17.742,11.141,13.016,8.113,21.845,11.014,10.243,16.576,8.615,8.5,15.208,14.527,20.84,16.809,15.198,14.956,11.465,8.165,10.694,17.688,10.808,13.174,8.052,24.29
2026-01-01 12:14:00,19.191,21.082,20.478,16.59,16.988,21.099,15.111,20.96,20.472,18.345,17.367,16.953,16.953,17.808,18.699,18.87,21.744,20.637,19.475,19.376,21.28,20.43,16.576,17.101,21.115,15.037,20.749,20.579,18.276,17.121,16.949,16.784,18.116,18.532,18.874,21.969,20.549,19.355,21.925,10.911,10.157,16.68,8.653,8.414,15.19,14.627,20.81,16.699,15.256,14.937,11.485,7.989,10.686,17.633,10.592,13.404,8.074,21.845,11.014,10.243,16.576,8.615,8.5,15.208,14.527,20.84,16.809,15.198,14.956,11.465,8.165,10.694,17.688,10.808,13.174,8.052,24.07
2026-01-01 12:16:00,19.514,21.418,20.423,16.485,17.043,21.107,15.081,20.688,20.582,18.375,17.156,17.215,17.034,17.977,18.462,18.717,21.828,20.609,19.235,19.376,21.28,20.43,16.576,17.101,21.115,15.037,20.749,20.579,18.276,17.121,16.949,16.784,18.116,18.532,18.874,21.969,20.549,19.355,21.883,11.145,10.452,16.729,8.514,8.534,15.12,14.494,20.9,16.989,15.039,15.073,11.524,8.012,11.131,17.674,10.99,13.167,8.11,21.845,11.014,10.243,16.576,8.615,8.5,15.208,14.527,20.84,16.809,15.198,14.956,11.465,8.165,10.694,17.688,10.808,13.174,8.052,23.95
2026-01-01 12:18:00,19.249,21.245,20.521,16.531,17.056,21.22,15.089,20.799,20.688,18.153,17.143,16.871,16.902,18.208,18.405,19.029,21.827,20.683,19.376,19.376,21.28,20.43,16.576,17.101,21.115,15.037,20.749,20.579,18.276,17.121,16.949,16.784,18.116,18.532,18.874,21.969,20.549,19.355,21.981,11.025,10.247,16.766,8.784,8.873,15.257,14.263,20.628,16.892,15.05,14.744,11.641,7.924,10.451,17.717,10.992,13.298,7.883,21.845,11.014,10.243,16.576,8.615,8.5,15.208,14.527,20.84,16.809,15.198,14.956,11.465,8.165,10.694,17.688,10.808,13.174,8.052,23.88
2026-01-01 12:20:00,19.269,21.145,20.39,16.57,17.014,21.178,14.868,20.744,20.576,18.051,17.154,16.796,16.486,18.04,18.501,18.978,21.908,20.719,19.522,19.376,21.28,20.43,16.576,17.101,21.115,15.037,20.749,20.579,18.276,17.121,16.949,16.784,18.116,18.532,18.874,21.969,20.549,19.355,21.963,10.865,10.291,16.116,8.426,8.556,15.187,14.589,20.257,17.02,15.33,15.273,11.383,8.308,10.788,17.66,10.889,13.19,8.159,21.845,11.014,10.243,16.576,8.615,8.5,15.208,14.527,20.84,16.809,15.198,14.956,11.465,8.165,10.694,17.688,10.808,13.174,8.052,23.46
2026-01-01 12:22:00,19.501,21.433,20.468,16.507,17.174,21.226,15.061,18.848,20.391,18.352,17.159,16.791,16.792,18.197,18.515,18.964,22.054,20.37,19.316,19.376,21.28,20.43,16.576,17.101,21.115,15.037,20.749,20.579,18.276,17.121,16.949,16.784,18.116,18.532,18.874,21.969,20.549,19.355,21.821,11.03,10.132,16.516,8.65,8.55,15.27,16.827,20.732,16.697,14.949,15.155,11.762,8.226,10.794,17.577,10.832,13.392,8.105,21.845,11.014,10.243,16.576,8.615,8.5,15.208,14.527,20.84,16.809,15.198,14.956,11.465,8.165,10.694,17.688,10.808,13.174,8.052,18.39
2026-01-01 12:24:00,19.429,21.385,20.593,16.346,15.647,21.196,15.178,20.945,20.465,18.228,16.993,17.042,16.624,18.252,18.639,18.929,21.708,19.361,19.44,19.376,21.28,20.43,16.576,17.101,21.115,15.037,20.749,20.579,18.276,17.121,16.949,16.784,18.116,18.532,18.874,21.969,20.549,19.355,21.636,11.064,10.248,16.713,9.79,8.513,15.29,14.682,20.716,16.783,14.953,15.001,11.581,8.226,10.769,17.581,10.69,14.351,8.16,21.845,11.014,10.243,16.576,8.615,8.5,15.208,14.527,20.84,16.809,15.198,14.956,11.465,8.165,10.694,17.688,10.808,13.174,8.052,17.86
2026-01-01 12:26:00,19.204,21.248,20.414,16.678,17.131,21.144,14.981,20.746,20.56,18.358,17.096,17.068,16.579,18.254,18.508,19.004,21.975,20.646,19.529,19.376,21.28,20.43,16.576,17.101,21.115,15.037,20.749,20.579,18.276,17.121,16.949,16.784,18.116,18.532,18.874,21.969,20.549,19.355,21.799,11.113,10.136,16.434,8.675,8.494,15.261,14.893,20.911,16.843,15.516,14.845,11.452,8.101,10.689,18.042,10.523,13.374,7.86,21.845,11.014,10.243,16.576,8.615,8.5,15.208,14.527,20.84,16.809,15.198,14.956,11.465,8.165,10.694,17.688,10.808,13.174,8.052,23.67
2026-01-01 12:28:00,19.306,21.286,20.406,16.597,16.905,21.091,15.003,20.652,20.553,18.089,17.283,16.998,17.004,18.008,18.39,18.904,21.767,20.571,19.268,19.376,21.28,20.43,16.576,17.101,21.115,15.037,20.749,20.579,18.276,17.121,16.949,16.784,18.116,18.532,18.874,21.969,20.549,19.355,21.613,10.999,10.236,16.537,8.454,8.609,15.021,14.63,21.277,16.619,15.247,14.983,11.241,8.176,10.852,17.841,10.922,13.096,8.045,21.845,11.014,10.243,16.576,8.615,8.5,15.208,14.527,20.84,16.809,15.198,14.956,11.465,8.165,10.694,17.688,10.808,13.174,8.052,23.65
2026-01-01 12:30:00,19.332,20.578,20.431,15.454,17.172,20.958,15.149,18.375,20.586,18.124,17.019,17.101,16.714,18.035,18.461,18.833,22.135,20.404,19.204,19.376,21.28,20.43,16.576,17.101,21.115,15.037,20.749,20.579,18.276,17.121,16.949,16.784,18.116,18.532,18.874,21.969,20.549,19.355,21.722,13.341,10.141,18.304,8.537,8.768,14.975,16.341,20.967,16.737,15.241,14.741,11.535,8.248,10.589,17.728,10.825,13.273,8.171,21.845,11.014,10.243,16.576,8.615,8.5,15.208,14.527,20.84,16.809,15.198,14.956,11.465,8.165,10.694,17.688,10.808,13.174,8.052,9.01
2026-01-01 12:32:00,19.44,21.087,20.382,16.706,17.097,21.053,14.948,20.635,20.505,18.287,17.264,17.059,16.712,18.024,18.609,18.654,21.911,20.505,19.218,19.376,21.28,20.43,16.576,17.101,21.115,15.037,20.749,20.579,18.276,17.121,16.949,16.784,18.116,18.532,18.874,21.969,20.549,19.355,22.021,11.011,10.345,16.724,8.882,8.529,15.151,14.441,20.839,16.56,15.048,15.073,11.786,8.388,10.614,17.889,10.876,13.11,8.27,21.845,11.014,10.243,16.576,8.615,8.5,15.208,14.527,20.84,16.809,15.198,14.956,11.465,8.165,10.694,17.688,10.808,13.174,8.052,23.86
2026-01-01 12:34:00,19.252,21.316,20.228,16.462,17.018,21.118,14.868,20.871,20.537,18.238,17.072,16.862,16.661,18.245,18.549,18.854,22.079,20.457,19.422,19.376,21.28,20.43,16.576,17.101,21.115,15.037,20.749,20.579,18.276,17.121,16.949,16.784,18.116,18.532,18.874,21.969,20.549,19.355,22.0,11.167,10.347,16.741,8.587,8.47,15.135,14.68,20.93,16.975,15.165,14.931,11.48,8.185,10.676,17.922,10.855,12.794,7.977,21.845,11.014,10.243,16.576,8.615,8.5,15.208,14.527,20.84,16.809,15.198,14.956,11.465,8.165,10.694,17.688,10.808,13.174,8.052,24.91
2026-01-01 12:36:00,19.371,21.168,20.512,16.392,17.17,21.002,15.077,20.904,20.638,16.002,17.109,14.782,16.637,17.976,18.528,18.929,21.751,20.531,19.406,19.376,21.28,20.43,16.576,17.101,21.115,15.037,20.749,20.579,18.276,17.121,16.949,16.784,18.116,18.532,18.874,21.969,20.549,19.355,21.901,11.056,10.27,16.561,8.864,8.396,15.342,14.688,21.007,19.917,15.084,16.866,11.544,8.266,10.801,17.607,10.772,13.433,8.176,21.845,11.014,10.243,16.576,8.615,8.5,15.208,14.527,20.84,16.809,15.198,14.956,11.465,8.165,10.694,17.688,10.808,13.174,8.052,10.9
2026-01-01 12:38:00,19.379,21.153,20.543,16.423,17.168,21.294,14.786,20.769,20.606,18.292,17.02,16.902,16.609,18.121,18.585,18.785,21.849,20.482,19.343,19.376,21.28,20.43,16.576,17.101,21.115,15.037,20.749,20.579,18.276,17.121,16.949,16.784,18.116,18.532,18.874,21.969,20.549,19.355,21.969,11.164,10.538,16.576,8.685,8.282,15.179,14.597,20.959,16.722,15.014,14.85,11.168,8.024,10.692,17.779,11.05,13.218,7.955,21.845,11.014,10.243,16.576,8.615,8.5,15.208,14.527,20.84,16.809,15.198,14.956,11.465,8.165,10.694,17.688,10.808,13.174,8.052,24.29
2026-01-01 12:40:00,19.372,21.257,20.427,16.411,16.768,21.176,15.193,20.57,20.49,18.3,17.222,17.014,16.923,18.098,18.569,18.911,21.906,20.679,19.417,19.376,21.28,20.43,16.576,17.101,21.115,15.037,20.749,20.579,18.276,17.121,16.949,16.784,18.116,18.532,18.874,21.969,20.549,19.355,21.896,10.977,10.42,16.755,8.382,8.476,15.54,14.728,20.827,16.36,15.319,15.032,11.459,8.304,10.753,17.792,10.787,13.163,8.126,21.845,11.014,10.243,16.576,8.615,8.5,15.208,14.527,20.84,16.809,15.198,14.956,11.465,8.165,10.694,17.688,10.808,13.174,8.052,24.05
2026-01-01 12:42:00,19.479,21.223,18.203,16.441,17.136,20.796,14.906,20.823,20.515,18.284,16.919,17.119,16.842,18.101,18.569,18.901,22.123,20.562,19.17,19.376,21.28,20.43,16.576,17.101,21.115,15.037,20.749,20.579,18.276,17.121,16.949,16.784,18.116,18.532,18.874,21.969,20.549,19.355,21.811,10.848,11.692,16.631,8.501,8.379,15.117,14.642,20.531,16.444,15.236,14.933,11.699,8.127,10.479,17.737,10.863,13.232,8.112,21.845,11.014,10.243,16.576,8.615,8.5,15.208,14.527,20.84,16.809,15.198,14.956,11.465,8.165,10.694,17.688,10.808,13.174,8.052,18.46
2026-01-01 12:44:00,19.334,21.419,20.485,16.515,17.161,21.117,15.096,20.55,20.462,18.342,17.083,16.978,17.002,18.067,18.548,18.797,21.883,20.528,19.173,19.376,21.28,20.43,16.576,17.101,21.115,15.037,20.749,20.579,18.276,17.121,16.949,16.784,18.116,18.532,18.874,21.969,20.549,19.355,22.179,10.967,10.308,16.574,8.36,8.321,15.075,14.482,20.66,17.025,15.185,14.811,11.356,8.174,10.599,17.527,10.622,13.169,8.314,21.845,11.014,10.243,16.576,8.615,8.5,15.208,14.527,20.84,16.809,15.198,14.956,11.465,8.165,10.694,17.688,10.808,13.174,8.052,23.97
2026-01-01 12:46:00,19.117,21.429,20.406,16.696,17.104,21.12,15.104,20.821,20.426,18.405,16.995,16.961,17.072,18.113,18.715,18.822,22.029,20.543,19.392,19.376,21.28,20.43,16.576,17.101,21.115,15.037,20.749,20.579,18.276,17.121,16.949,16.784,18.116,18.532,18.874,21.969,20.549,19.355,21.427,10.954,10.246,16.449,8.947,8.522,14.948,14.562,20.657,16.925,15.195,15.131,11.316,8.218,10.935,17.646,10.65,13.115,8.081,21.845,11.014,10.243,16.576,8.615,8.5,15.208,14.527,20.84,16.809,15.198,14.956,11.465,8.165,10.694,17.688,10.808,13.174,8.052,23.17
2026-01-01 12:48:00,19.264,21.161,20.457,16.381,16.99,21.178,14.953,18.561,20.438,18.281,17.067,16.955,16.75,18.321,18.469,18.633,21.97,18.167,19.362,19.376,21.28,20.43,16.576,17.101,21.115,15.037,20.749,20.579,18.276,17.121,16.949,16.784,18.116,18.532,18.874,21.969,20.549,19.355,21.784,11.077,10.41,16.444,8.376,8.358,14.96,16.653,20.794,16.544,15.194,14.937,11.213,8.087,10.432,17.762,10.747,15.986,8.242,21.845,11.014,10.243,16.576,8.615,8.5,15.208,14.527,20.84,16.809,15.198,14.956,11.465,8.165,10.694,17.688,10.808,13.174,8.052,10.78
2026-01-01 12:50:00,19.176,21.401,20.414,16.56,16.904,21.159,15.017,20.895,20.519,18.119,17.125,16.83,16.821,17.977,18.505,18.836,21.953,20.477,19.249,19.376,21.28,20.43,16.576,17.101,21.115,15.037,20.749,20.579,18.276,17.121,16.949,16.784,18.116,18.532,18.874,21.969,20.549,19.355,21.925,10.992,10.266,16.483,8.587,8.738,15.098,14.487,20.851,16.839,15.284,14.76,11.365,8.127,10.711,17.757,10.845,13.158,7.891,21.845,11.014,10.243,16.576,8.615,8.5,15.208,14.527,20.84,16.809,15.198,14.956,11.465,8.165,10.694,17.688,10.808,13.174,8.052,24.35
2026-01-01 12:52:00,19.357,21.201,20.436,16.533,16.827,21.096,15.187,20.772,20.638,18.317,17.055,16.782,16.867,18.227,17.712,18.912,22.003,20.534,19.375,19.376,21.28,20.43,16.576,17.101,21.115,15.037,20.749,20.579,18.276,17.121,16.949,16.784,18.116,18.532,18.874,21.969,20.549,19.355,21.65,10.813,10.34,16.782,8.464,8.267,15.127,14.533,20.732,16.747,15.269,14.982,11.37,7.946,13.102,17.82,10.531,13.372,8.05,21.845,11.014,10.243,16.576,8.615,8.5,15.208,14.527,20.84,16.809,15.198,14.956,11.465,8.165,10.694,17.688,10.808,13.174,8.052,19.25
2026-01-01 12:54:00,17.487,21.307,20.308,16.492,17.155,21.064,14.745,20.751,20.303,18.485,17.193,17.015,16.696,17.974,18.496,18.865,21.868,20.556,19.423,19.376,21.28,20.43,16.576,17.101,21.115,15.037,20.749,20.579,18.276,17.121,16.949,16.784,18.116,18.532,18.874,21.969,20.549,19.355,24.41,10.889,10.098,16.349,8.622,8.491,15.15,14.513,20.879,16.665,15.308,14.695,11.368,8.189,10.628,17.685,10.549,13.1,8.017,21.845,11.014,10.243,16.576,8.615,8.5,15.208,14.527,20.84,16.809,15.198,14.956,11.465,8.165,10.694,17.688,10.808,13.174,8.052,18.06
2026-01-01 12:56:00,19.434,21.149,20.169,16.566,17.014,21.155,15.215,20.927,20.602,18.392,17.3,16.943,16.805,18.203,18.517,18.806,21.872,20.539,19.273,19.376,21.28,20.43,16.576,17.101,21.115,15.037,20.749,20.579,18.276,17.121,16.949,16.784,18.116,18.532,18.874,21.969,20.549,19.355,21.608,11.07,10.03,16.423,8.394,8.498,15.063,14.584,20.933,16.727,15.247,15.186,11.189,7.881,10.924,17.528,11.203,13.272,7.683,21.845,11.014,10.243,16.576,8.615,8.5,15.208,14.527,20.84,16.809,15.198,14.956,11.465,8.165,10.694,17.688,10.808,13.174,8.052,24.56
2026-01-01 12:58:00,19.457,21.232,20.588,16.705,16.949,21.229,14.981,20.896,20.629,18.261,17.189,16.876,16.812,18.15,18.506,18.91,21.845,20.603,19.208,19.376,21.28,20.43,16.576,17.101,21.115,15.037,20.749,20.579,18.276,17.121,16.949,16.784,18.116,18.532,18.874,21.969,20.549,19.355,21.947,10.967,10.23,16.673,8.499,8.426,15.203,14.246,20.771,16.822,15.177,14.951,11.44,7.851,10.538,17.375,10.831,13.292,8.052,21.845,11.014,10.243,16.576,8.615,8.5,15.208,14.527,20.84,16.809,15.198,14.956,11.465,8.165,,17.688,10.808,13.174,8.052,23.82
2026-01-01 13:00:00,19.438,21.326,20.502,16.504,15.186,21.081,15.046,20.654,20.735,18.214,15.912,16.833,16.812,18.066,18.631,18.834,21.863,20.593,19.212,19.376,21.28,20.43,16.576,17.101,21.115,15.037,20.749,20.579,18.276,17.121,16.949,16.784,18.116,18.532,18.874,21.969,20.549,19.355,21.522,10.935,10.338,16.624,11.574,8.6,15.028,14.542,20.866,16.639,17.488,14.918,11.734,8.302,10.678,17.679,10.554,13.161,8.184,21.845,11.014,10.243,16.576,8.615,8.5,15.208,14.527,20.84,16.809,15.198,14.956,11.465,8.165,10.694,17.688,10.808,13.174,8.052,11.34
2026-01-01 13:02:00,19.26,21.361,20.21,16.656,17.049,21.004,15.058,20.814,20.507,18.249,17.206,17.029,16.773,18.022,18.419,18.801,22.04,20.609,19.385,19.376,21.28,20.43,16.576,17.101,21.115,15.037,20.749,20.579,18.276,17.121,16.949,16.784,18.116,18.532,18.874,21.969,20.549,19.355,21.768,11.077,10.431,16.514,8.371,8.468,15.17,14.911,20.81,16.776,15.331,14.83,11.399,8.126,10.65,17.727,,12.81,8.201,21.845,11.014,10.243,16.576,8.615,8.5,15.208,14.527,20.84,16.809,15.198,14.956,11.465,8.165,10.694,17.688,10.808,13.174,8.052,25.32
2026-01-01 13:04:00,19.529,21.242,20.382,16.528,17.313,20.877,15.065,20.795,20.582,18.536,17.25,17.032,16.679,18.168,18.486,18.876,21.988,20.491,19.424,19.376,21.28,20.43,16.576,17.101,21.115,15.037,20.749,20.579,18.276,17.121,16.949,16.784,18.116,18.532,18.874,21.969,20.549,19.355,21.761,11.101,10.239,16.649,8.795,8.455,15.127,14.568,20.81,17.059,15.15,14.855,11.746,8.05,10.796,17.586,10.894,13.397,8.246,21.845,11.014,10.243,16.576,8.615,8.5,15.208,14.527,20.84,16.809,15.198,14.956,11.465,8.165,10.694,17.688,10.808,13.174,8.052,24.8
2026-01-01 13:06:00,19.557,20.042,17.976,16.355,17.221,21.234,15.013,,20.652,18.182,17.209,16.825,16.678,18.115,18.366,18.873,22.027,20.398,19.458,19.376,21.28,20.43,16.576,17.101,21.115,15.037,20.749,20.579,18.276,17.121,16.949,16.784,18.116,18.532,18.874,21.969,20.549,19.355,21.775,12.676,12.895,16.585,8.882,8.723,15.455,14.523,20.893,16.622,15.059,15.036,11.352,8.165,10.528,17.578,10.621,13.213,7.937,21.845,11.014,10.243,16.576,8.615,8.5,15.208,14.527,20.84,16.809,15.198,14.956,11.465,8.165,10.694,17.688,10.808,13.174,8.052,12.71
2026-01-01 13:08:00,19.311,21.341,20.452,16.524,17.041,20.921,14.957,20.661,20.764,15.915,16.966,17.038,16.808,18.072,18.583,18.963,21.904,18.74,19.373,19.376,21.28,20.43,16.576,17.101,21.115,15.037,20.749,20.579,18.276,17.121,16.949,16.784,18.116,18.532,18.874,21.969,20.549,19.355,21.86,11.097,10.184,16.573,8.952,8.577,15.441,14.746,20.966,18.705,14.952,15.025,11.313,7.961,10.679,17.855,10.893,14.427,8.165,21.845,11.014,10.243,16.576,8.615,8.5,15.208,14.527,20.84,16.809,15.198,14.956,11.465,8.165,10.694,17.688,10.808,13.174,8.052,12.99
2026-01-01 13:10:00,19.264,21.301,20.42,16.499,17.006,21.149,15.135,20.785,20.483,18.359,17.14,17.015,16.914,18.014,18.516,18.807,21.87,20.773,19.46,19.376,21.28,20.43,16.576,17.101,21.115,15.037,20.749,20.579,18.276,17.121,16.949,16.784,18.116,18.532,18.874,21.969,20.549,19.355,21.958,10.853,,16.585,8.767,8.49,15.093,14.442,20.765,16.708,15.031,15.192,11.489,7.915,10.717,17.763,10.931,13.017,7.77,21.845,11.014,10.243,16.576,8.615,8.5,15.208,14.527,20.84,16.809,15.198,14.956,11.465,8.165,10.694,17.688,10.808,13.174,8.052,22.78
2026-01-01 13:12:00,19.177,21.328,20.367,16.705,17.11,21.095,15.053,20.791,20.583,18.251,17.106,17.006,16.657,18.115,18.518,18.82,22.051,20.404,19.314,19.376,21.28,20.43,16.576,17.101,21.115,15.037,20.749,20.579,18.276,17.121,16.949,16.784,18.116,18.532,18.874,21.969,20.549,19.355,22.184,10.816,10.027,16.598,8.777,8.644,15.081,14.526,20.725,16.804,15.091,15.326,11.639,8.132,10.668,17.892,10.7,13.129,7.977,21.845,11.014,10.243,16.576,8.615,8.5,15.208,14.527,20.84,16.809,15.198,14.956,11.465,8.165,10.694,17.688,10.808,13.174,8.052,23.8
2026-01-01 13:14:00,19.28,21.341,20.377,16.582,17.144,20.936,15.087,20.665,20.551,18.263,17.212,17.032,16.982,18.135,18.478,18.818,22.042,20.728,19.393,19.376,21.28,20.43,16.576,17.101,21.115,15.037,20.749,20.579,18.276,17.121,,16.784,18.116,18.532,18.874,21.969,20.549,19.355,21.844,11.265,10.141,16.384,8.44,8.401,14.994,14.335,20.708,16.878,15.23,14.897,11.515,8.165,10.671,17.549,10.922,13.163,8.015,21.845,11.014,10.243,16.576,8.615,8.5,15.208,14.527,20.84,16.809,15.198,14.956,11.465,8.165,10.694,17.688,10.808,13.174,8.052,24.34
2026-01-01 13:16:00,19.311,21.311,20.458,16.58,17.018,20.83,14.977,20.867,20.603,18.028,17.122,16.742,17.007,18.137,18.397,18.964,21.881,20.612,19.358,19.376,21.28,20.43,16.576,17.101,21.115,15.037,20.749,20.579,18.276,17.121,16.949,16.784,18.116,18.532,18.874,21.969,20.549,19.355,21.785,11.03,10.223,16.385,8.519,8.314,14.763,14.325,21.219,16.536,15.174,15.063,11.432,8.142,10.533,17.572,10.694,12.99,8.023,21.845,11.014,10.243,16.576,8.615,8.5,15.208,,20.84,16.809,15.198,14.956,11.465,8.165,10.694,17.688,10.808,13.174,8.052,23.84
2026-01-01 13:18:00,19.243,21.355,20.28,16.727,17.108,21.0,14.834,20.93,20.742,18.135,14.999,16.968,16.759,18.106,18.502,19.035,21.985,20.342,19.59,19.376,21.28,20.43,16.576,17.101,21.115,15.037,20.749,20.579,18.276,17.121,16.949,16.784,18.116,18.532,18.874,21.969,20.549,19.355,21.933,11.144,10.494,16.659,9.103,8.522,15.038,14.306,20.876,16.934,16.265,14.96,11.665,8.173,10.634,17.664,10.822,13.267,7.867,21.845,11.014,10.243,16.576,8.615,8.5,15.208,14.527,20.84,16.809,15.198,14.956,11.465,8.165,10.694,17.688,10.808,13.174,8.052,19.76
2026-01-01 13:20:00,19.474,21.158,20.39,16.475,17.106,21.159,15.064,20.682,20.49,18.37,17.11,17.201,16.694,18.204,18.537,18.789,22.121,20.562,19.255,19.376,21.28,20.43,16.576,17.101,21.115,15.037,20.749,20.579,18.276,17.121,16.949,16.784,18.116,18.532,18.874,21.969,20.549,19.355,21.686,11.191,10.188,16.754,8.714,8.547,15.392,14.505,20.941,16.934,15.358,14.814,11.463,8.396,10.805,17.897,11.045,13.088,8.053,21.845,11.014,10.243,16.576,8.615,8.5,15.208,14.527,20.84,16.809,15.198,14.956,11.465,8.165,10.694,17.688,10.808,13.174,8.052,24.33
2026-01-01 13:22:00,19.34,21.395,20.293,16.731,17.178,21.084,15.189,20.945,19.285,18.295,17.328,17.117,16.68,15.789,18.508,18.828,20.928,20.65,19.365,19.376,21.28,20.43,16.576,17.101,21.115,15.037,20.749,20.579,18.276,17.121,16.949,16.784,18.116,18.532,18.874,21.969,20.549,19.355,22.068,11.1,10.114,16.648,8.68,8.424,15.154,14.67,23.026,16.647,15.063,14.913,11.471,9.372,10.57,17.74,13.425,13.047,8.057,21.845,11.014,10.243,16.576,8.615,8.5,15.208,14.527,20.84,16.809,15.198,14.956,11.465,8.165,10.694,17.688,10.808,13.174,8.052,8.69
2026-01-01 13:24:00,19.387,21.439,20.366,16.57,17.132,21.066,15.024,20.835,20.579,18.425,17.037,16.972,16.623,18.102,18.453,19.028,22.052,20.606,19.563,19.376,21.28,20.43,16.576,17.101,21.115,15.037,20.749,20.579,18.276,17.121,16.949,16.784,18.116,18.532,18.874,21.969,20.549,19.355,21.846,10.998,10.298,16.603,8.568,8.741,15.194,14.923,20.588,16.944,15.007,14.699,11.317,7.725,10.615,17.674,10.654,13.102,8.12,21.845,11.014,10.243,16.576,8.615,8.5,15.208,14.527,20.84,16.809,15.198,14.956,11.465,8.165,10.694,17.688,10.808,13.174,8.052,24.72
2026-01-01 13:26:00,19.538,21.362,20.352,16.413,17.098,21.075,14.964,20.716,20.393,18.444,16.992,16.873,16.848,17.932,18.636,18.981,21.933,20.427,19.302,19.376,21.28,20.43,16.576,17.101,21.115,15.037,20.749,20.579,18.276,17.121,16.949,16.784,18.116,18.532,18.874,21.969,20.549,19.355,21.749,11.155,10.131,16.857,8.611,8.296,15.316,14.562,20.613,17.104,15.131,15.042,11.875,8.061,10.585,17.759,10.448,13.34,7.92,21.845,11.014,10.243,16.576,8.615,8.5,15.208,14.527,20.84,16.809,15.198,14.956,11.465,8.165,10.694,17.688,10.808,13.174,8.052,24.25
2026-01-01 13:28:00,19.166,20.583,20.436,16.493,16.998,21.18,13.861,20.604,20.514,18.076,17.198,16.967,15.636,18.102,18.482,18.794,22.065,20.364,19.44,19.376,21.28,20.43,16.576,17.101,21.115,15.037,20.749,20.579,18.276,17.121,16.949,16.784,18.116,18.532,18.874,21.969,20.549,19.355,22.063,12.784,10.074,16.376,8.808,8.314,17.561,14.6,20.975,16.818,15.077,15.086,13.781,8.335,10.538,17.928,10.891,13.128,8.149,21.845,11.014,10.243,16.576,8.615,8.5,15.208,14.527,20.84,16.809,15.198,14.956,11.465,8.165,10.694,17.688,10.808,13.174,8.052,9.32
2026-01-01 13:30:00,19.404,21.223,20.327,16.696,17.313,21.064,15.097,20.947,20.509,18.247,16.982,16.932,16.775,18.068,18.448,18.694,21.815,20.437,19.428,19.376,21.28,20.43,16.576,17.101,21.115,15.037,20.749,20.579,18.276,17.121,16.949,16.784,18.116,18.532,18.874,21.969,20.549,19.355,21.834,10.735,10.145,16.63,8.66,8.536,15.093,14.37,20.775,16.838,15.182,15.008,11.362,8.076,10.601,17.644,10.716,13.164,7.981,21.845,11.014,10.243,16.576,8.615,8.5,15.208,14.527,20.84,16.809,15.198,14.956,11.465,8.165,10.694,17.688,10.808,13.174,8.052,23.93
2026-01-01 13:32:00,19.318,21.183,20.505,16.641,17.015,21.043,15.112,20.79,20.484,18.303,17.118,17.076,16.685,18.216,18.581,18.759,22.089,20.653,19.204,19.376,21.28,20.43,16.576,17.101,21.115,15.037,20.749,20.579,18.276,17.121,16.949,16.784,18.116,18.532,18.874,21.969,20.549,19.355,22.048,10.905,10.098,16.639,8.867,8.475,15.024,14.642,20.679,16.799,15.155,14.775,11.587,8.215,10.668,17.729,10.627,13.125,8.1,21.845,11.014,10.243,16.576,8.615,8.5,15.208,14.527,20.84,16.809,15.198,14.956,11.465,8.165,10.694,17.688,10.808,13.174,8.052,23.66
2026-01-01 13:34:00,19.602,21.149,20.325,16.54,17.189,21.182,15.026,20.905,20.626,18.436,17.444,16.971,16.489,18.064,18.408,18.885,21.98,20.408,19.223,19.376,21.28,20.43,16.576,17.101,21.115,15.037,20.749,20.579,18.276,17.121,16.949,16.784,18.116,18.532,18.874,21.969,20.549,19.355,21.95,10.731,10.311,16.412,8.29,8.62,15.373,14.367,20.961,16.816,15.316,15.242,11.652,8.189,10.517,17.578,10.758,13.078,8.106,21.845,11.014,10.243,16.576,8.615,8.5,15.208,14.527,20.84,16.809,15.198,14.956,11.465,8.165,10.694,17.688,10.808,13.174,8.052,25.49
2026-01-01 13:36:00,17.4,21.258,20.13,16.689,17.105,21.114,15.071,20.63,20.574,18.396,17.246,17.002,16.752,18.02,18.685,16.744,21.919,20.296,19.254,19.376,21.28,20.43,16.576,17.101,21.115,15.037,20.749,20.579,18.276,17.121,16.949,16.784,18.116,18.532,18.874,21.969,20.549,19.355,24.284,11.295,10.419,16.379,8.994,8.498,15.144,14.256,20.861,17.161,15.197,15.042,11.532,8.327,10.584,18.568,10.91,13.324,7.953,21.845,11.014,10.243,16.576,8.615,8.5,15.208,14.527,20.84,16.809,15.198,14.956,11.465,8.165,10.694,17.688,10.808,13.174,8.052,13.81
2026-01-01 13:38:00,17.308,21.426,20.452,16.49,15.655,21.418,15.179,20.592,20.564,18.132,16.919,16.969,17.067,18.299,16.534,18.83,21.992,20.67,19.184,19.376,21.28,20.43,16.576,17.101,21.115,15.037,20.749,20.579,18.276,17.121,16.949,16.784,18.116,18.532,18.874,21.969,20.549,19.355,22.956,11.171,10.303,16.514,9.808,8.728,15.311,14.508,20.65,16.744,15.207,14.811,11.627,7.977,13.132,17.63,10.692,13.133,8.133,21.845,11.014,10.243,16.576,8.615,8.5,15.208,14.527,20.84,16.809,15.198,14.956,11.465,8.165,10.694,17.688,10.808,13.174,8.052,11.07
2026-01-01 13:40:00,19.156,21.502,20.463,16.766,17.129,21.289,14.965,20.807,20.763,18.396,17.067,17.055,16.705,17.947,18.594,19.04,22.069,20.4,19.458,19.376,21.28,20.43,16.576,17.101,21.115,15.037,20.749,20.579,18.276,17.121,16.949,16.784,18.116,18.532,18.874,21.969,20.549,19.355,22.009,10.849,10.346,16.509,8.411,8.324,15.395,14.319,20.744,16.815,15.43,14.628,11.488,8.19,10.437,17.619,10.757,13.258,8.002,21.845,11.014,10.243,16.576,8.615,8.5,15.208,14.527,20.84,16.809,15.198,14.956,11.465,8.165,10.694,17.688,10.808,13.174,8.052,23.39
2026-01-01 13:42:00,19.456,21.226,20.135,16.697,17.206,21.174,14.831,20.572,20.7,18.371,17.18,16.92,16.831,18.051,18.495,18.771,21.999,20.499,18.713,19.376,21.28,20.43,16.576,17.101,21.115,15.037,20.749,20.579,18.276,17.121,16.949,16.784,18.116,18.532,18.874,21.969,20.549,19.355,21.76,11.044,10.408,16.371,8.621,8.462,15.197,14.667,20.744,16.576,15.161,14.755,11.714,,10.525,17.685,10.554,13.142,10.523,21.845,11.014,10.243,16.576,8.615,8.5,15.208,14.527,20.84,16.809,15.198,14.956,11.465,8.165,10.694,17.688,10.808,13.174,8.052,18.39
2026-01-01 13:44:00,19.462,21.184,20.649,16.442,17.155,21.244,15.19,19.372,20.699,18.421,17.293,16.683,16.703,16.084,17.281,19.035,21.887,20.696,19.422,19.376,21.28,20.43,16.576,17.101,21.115,15.037,20.749,20.579,18.276,17.121,16.949,16.784,18.116,18.532,18.874,21.969,20.549,19.355,22.135,11.086,10.276,16.746,8.551,8.602,15.1,17.3,21.137,16.371,15.29,14.838,11.608,11.007,12.318,17.477,10.976,13.056,7.826,21.845,11.014,10.243,16.576,8.615,8.5,15.208,14.527,20.84,16.809,15.198,14.956,11.465,8.165,10.694,17.688,10.808,13.174,8.052,6.66
2026-01-01 13:46:00,19.202,21.162,20.374,16.588,15.964,21.093,15.146,20.56,20.214,18.235,17.176,14.622,16.663,18.166,18.764,18.862,21.881,20.447,19.591,19.376,21.28,20.43,16.576,17.101,21.115,15.037,20.749,20.579,18.276,17.121,16.949,16.784,18.116,18.532,18.874,21.969,20.549,19.355,21.344,10.728,10.35,16.374,9.752,8.498,15.178,14.541,20.789,17.089,15.012,15.716,11.42,8.245,10.92,17.689,10.93,13.233,8.512,21.845,11.014,10.243,16.576,8.615,8.5,15.208,14.527,20.84,16.809,15.198,14.956,11.465,8.165,10.694,17.688,10.808,13.174,8.052,16.24
2026-01-01 13:48:00,19.371,21.354,20.576,16.706,16.991,21.23,15.138,20.807,18.366,18.208,16.506,16.886,16.875,18.037,18.579,18.062,21.954,20.505,19.342,19.376,21.28,20.43,16.576,17.101,21.115,15.037,20.749,20.579,18.276,17.121,16.949,16.784,18.116,18.532,18.874,21.969,20.549,19.355,21.739,11.227,10.235,16.611,8.719,8.692,15.101,14.502,23.551,16.385,17.849,14.977,11.452,8.034,10.652,19.279,10.995,13.215,8.07,21.845,11.014,10.243,16.576,8.615,8.5,15.208,14.527,20.84,16.809,15.198,14.956,11.465,8.165,10.694,17.688,10.808,13.174,8.052,8.94
2026-01-01 13:50:00,19.392,21.258,20.403,16.328,17.234,21.04,15.007,20.649,20.699,18.167,17.182,17.09,16.982,18.258,18.606,18.731,22.123,20.691,19.456,19.376,21.28,20.43,16.576,17.101,21.115,15.037,20.749,20.579,18.276,17.121,16.949,16.784,18.116,18.532,18.874,21.969,20.549,19.355,21.673,10.914,10.241,16.279,8.531,8.501,15.454,14.253,20.624,16.928,14.812,15.299,11.494,8.302,10.782,17.422,10.897,13.02,8.015,21.845,11.014,10.243,16.576,8.615,8.5,15.208,14.527,20.84,16.809,15.198,14.956,11.465,8.165,10.694,17.688,10.808,13.174,8.052,24.81
2026-01-01 13:52:00,19.472,20.206,20.368,16.706,17.254,20.991,15.147,20.779,20.687,18.309,16.121,17.073,16.891,17.952,18.632,18.882,21.835,20.635,19.193,19.376,21.28,20.43,16.576,17.101,21.115,15.037,20.749,20.579,18.276,17.121,16.949,16.784,18.116,18.532,18.874,21.969,20.549,19.355,21.842,12.728,10.362,16.578,8.787,8.544,15.119,14.593,20.769,16.931,16.304,14.9,11.613,7.879,10.762,17.607,10.913,13.267,7.902,21.845,11.014,10.243,16.576,8.615,8.5,15.208,14.527,20.84,16.809,15.198,14.956,11.465,8.165,10.694,17.688,10.808,13.174,8.052,16.92
2026-01-01 13:54:00,19.484,21.485,20.372,15.799,17.157,21.195,14.878,20.824,18.623,18.366,17.125,17.082,16.819,18.199,18.698,18.899,22.09,20.579,19.42,19.376,21.28,20.43,16.576,17.101,21.115,15.037,20.749,20.579,18.276,17.121,16.949,16.784,18.116,18.532,18.874,21.969,20.549,19.355,21.914,11.261,10.179,19.17,8.986,8.2,15.17,14.811,22.626,16.784,15.033,14.527,11.579,8.261,10.889,17.774,10.647,12.872,8.087,21.845,11.014,10.243,16.576,8.615,8.5,15.208,14.527,20.84,16.809,15.198,14.956,11.465,8.165,10.694,17.688,10.808,13.174,8.052,13.37
2026-01-01 13:56:00,19.316,21.376,20.579,16.57,17.199,21.169,14.909,20.794,20.74,18.222,15.284,16.977,16.712,18.344,18.531,18.878,21.898,20.582,19.293,19.376,21.28,20.43,16.576,17.101,21.115,15.037,20.749,20.579,18.276,17.121,16.949,16.784,18.116,18.532,18.874,21.969,20.549,19.355,22.067,11.073,10.322,16.842,8.532,8.468,15.351,14.457,20.721,16.739,16.337,14.832,11.407,8.206,10.554,17.597,10.834,13.206,7.926,21.845,11.014,10.243,16.576,8.615,8.5,15.208,14.527,20.84,16.809,15.198,14.956,11.465,8.165,10.694,17.688,10.808,13.174,8.052,20.23
2026-01-01 13:58:00,19.273,21.277,20.338,16.736,16.968,21.11,14.96,20.59,20.78,18.032,17.297,16.787,16.799,18.386,18.285,18.717,22.127,20.573,19.295,19.376,21.28,20.43,16.576,17.101,21.115,15.037,20.749,20.579,18.276,17.121,16.949,16.784,18.116,18.532,18.874,21.969,20.549,19.355,21.753,11.15,10.165,16.566,8.589,8.392,15.312,14.477,20.566,17.055,15.153,14.972,11.506,8.091,10.518,17.536,10.709,13.27,7.994,21.845,11.014,10.243,16.576,8.615,8.5,15.208,14.527,20.84,16.809,15.198,14.956,11.465,8.165,10.694,17.688,10.808,13.174,8.052,24.47
2026-01-01 14:00:00,19.376,21.171,20.448,16.757,17.06,21.135,15.183,20.987,20.515,18.315,17.059,16.877,16.741,18.045,18.333,18.645,21.887,20.568,19.502,19.376,21.28,20.43,16.576,17.101,21.115,15.037,20.749,20.579,18.276,17.121,16.949,16.784,18.116,18.532,18.874,21.969,20.549,19.355,21.911,10.646,10.081,16.583,8.433,8.604,15.166,14.472,20.676,16.771,14.959,15.087,11.503,8.108,10.516,17.745,10.668,13.321,8.146,21.845,11.014,10.243,16.576,8.615,8.5,15.208,14.527,20.84,16.809,15.198,14.956,11.465,8.165,10.694,17.688,10.808,13.174,8.052,24.68
2026-01-01 14:02:00,19.318,21.265,20.512,16.668,17.092,21.113,15.261,20.714,20.526,18.089,17.176,16.922,17.013,18.08,18.632,18.988,22.166,20.399,19.543,19.376,21.28,20.43,16.576,17.101,21.115,15.037,20.749,20.579,18.276,17.121,16.949,16.784,18.116,18.532,18.874,21.969,20.549,19.355,21.725,10.972,10.505,16.662,8.755,8.409,15.316,14.318,20.93,16.946,15.153,15.014,11.398,8.113,10.721,17.746,10.822,13.235,7.887,21.845,11.014,10.243,16.576,8.615,8.5,15.208,14.527,20.84,16.809,15.198,14.956,11.465,8.165,10.694,17.688,10.808,13.174,8.052,24.76
2026-01-01 14:04:00,19.381,21.272,20.398,16.534,17.065,20.845,15.101,20.76,20.472,18.272,17.395,16.998,16.743,18.32,18.443,18.861,21.908,20.525,19.445,19.376,21.28,20.43,16.576,17.101,21.115,,20.749,20.579,18.276,17.121,16.949,16.784,18.116,18.532,18.874,21.969,20.549,19.355,21.612,11.073,9.866,16.313,8.399,8.603,15.299,14.985,20.784,16.747,15.168,14.735,11.607,8.015,10.562,17.707,10.72,13.239,8.154,21.845,11.014,10.243,16.576,8.615,8.5,15.208,14.527,20.84,16.809,15.198,14.956,11.465,8.165,10.694,17.688,10.808,13.174,8.052,24.41
2026-01-01 14:06:00,19.448,21.199,20.419,16.591,17.057,21.115,14.956,20.667,20.589,18.159,17.174,16.93,16.68,18.048,18.48,18.86,21.986,20.528,19.258,19.376,21.28,20.43,16.576,17.101,21.115,15.037,20.749,20.579,18.276,17.121,16.949,16.784,18.116,18.532,18.874,21.969,20.549,19.355,21.954,11.0,10.101,16.563,8.437,8.257,14.957,14.669,20.615,16.974,15.176,14.891,11.463,8.399,10.465,17.746,10.725,13.001,7.721,21.845,11.014,10.243,16.576,8.615,8.5,15.208,14.527,20.84,16.809,15.198,14.956,11.465,8.165,10.694,17.688,10.808,13.174,8.052,25.16
2026-01-01 14:08:00,19.547,21.39,20.446,16.691,17.143,21.088,15.05,21.063,20.699,18.401,17.079,17.023,17.051,18.169,18.661,19.025,22.047,20.736,19.386,19.376,21.28,20.43,16.576,17.101,21.115,15.037,20.749,20.579,18.276,17.121,16.949,16.784,18.116,18.532,18.874,21.969,20.549,19.355,21.686,10.855,10.234,16.696,8.666,8.448,15.459,14.422,20.837,16.748,15.29,15.02,11.453,8.25,10.729,17.579,10.945,13.09,7.948,21.845,11.014,10.243,16.576,8.615,8.5,15.208,14.527,20.84,16.809,15.198,14.956,11.465,8.165,10.694,17.688,10.808,13.174,8.052,23.83
2026-01-01 14:10:00,19.437,21.211,20.741,16.615,17.118,21.28,14.984,20.751,20.492,18.282,17.079,17.015,16.773,17.443,18.501,18.864,21.912,20.661,19.437,19.376,21.28,20.43,16.576,17.101,21.115,15.037,20.749,20.579,18.276,17.121,16.949,16.784,18.116,18.532,18.874,21.969,20.549,19.355,21.948,10.933,10.241,16.961,8.742,8.415,15.122,14.672,20.89,16.665,15.293,14.707,11.658,11.337,10.94,17.487,10.899,13.472,8.116,21.845,11.014,10.243,16.576,8.615,8.5,15.208,14.527,20.84,16.809,15.198,14.956,11.465,8.165,10.694,17.688,10.808,13.174,8.052,18.7
2026-01-01 14:12:00,19.396,21.146,18.465,16.431,17.126,21.124,14.972,20.656,20.502,18.517,17.094,16.928,16.899,,18.658,18.735,21.846,20.938,19.354,19.376,21.28,20.43,16.576,17.101,21.115,15.037,20.749,20.579,18.276,17.121,16.949,16.784,18.116,18.532,18.874,21.969,20.549,19.355,21.817,11.214,12.101,16.56,8.68,8.428,15.216,14.665,20.964,16.799,15.014,14.723,11.324,9.484,10.576,18.114,10.776,13.15,8.146,,11.014,10.243,16.576,8.615,8.5,15.208,14.527,20.84,16.809,15.198,14.956,11.465,8.165,10.694,17.688,10.808,13.174,8.052,12.98
2026-01-01 14:14:00,19.345,21.302,20.548,16.442,17.137,21.115,15.118,20.772,20.521,18.178,16.842,17.065,16.617,18.072,18.727,18.829,22.042,20.527,19.439,19.376,21.28,20.43,16.576,17.101,21.115,15.037,20.749,20.579,18.276,17.121,16.949,16.784,18.116,18.532,18.874,21.969,20.549,19.355,21.645,10.924,10.331,16.465,8.765,8.401,15.241,14.745,21.005,16.829,15.217,15.066,11.402,,10.843,17.859,10.85,13.138,7.881,21.845,11.014,10.243,16.576,8.615,8.5,15.208,14.527,20.84,16.809,15.198,14.956,11.465,8.165,10.694,17.688,10.808,13.174,8.052,23.95
2026-01-01 14:16:00,19.382,21.225,20.589,16.549,16.95,21.08,15.102,20.623,20.673,18.367,17.369,16.878,16.864,17.926,18.487,18.89,22.019,20.545,19.348,19.376,21.28,20.43,16.576,17.101,21.115,15.037,20.749,20.579,18.276,17.121,16.949,16.784,18.116,18.532,18.874,21.969,20.549,19.355,21.751,10.961,10.282,16.702,8.623,8.559,15.014,14.544,21.015,16.707,14.912,15.058,11.689,8.274,10.619,17.778,10.494,13.183,7.939,21.845,11.014,10.243,16.576,8.615,8.5,15.208,14.527,20.84,16.809,15.198,14.956,11.465,8.165,10.694,17.688,10.808,13.174,8.052,24.97
2026-01-01 14:18:00,19.308,21.232,20.468,16.644,17.178,21.233,15.177,20.544,20.522,18.26,17.05,17.073,16.873,18.106,18.549,19.023,21.932,20.516,19.463,19.376,21.28,20.43,16.576,17.101,21.115,15.037,20.749,20.579,18.276,17.121,16.949,16.784,18.116,18.532,18.874,21.969,20.549,19.355,22.014,10.864,10.549,16.937,8.907,8.647,15.097,14.482,20.987,16.866,15.102,14.921,11.341,8.223,10.682,17.881,10.916,13.119,8.259,21.845,11.014,10.243,16.576,8.615,8.5,15.208,14.527,20.84,16.809,15.198,14.956,11.465,8.165,10.694,17.688,10.808,13.174,8.052,23.46
2026-01-01 14:20:00,19.433,21.447,20.475,16.666,17.042,21.01,15.039,20.446,20.63,18.39,17.133,16.927,16.912,18.114,18.648,19.13,22.055,20.66,19.415,19.376,21.28,20.43,16.576,17.101,21.115,15.037,20.749,20.579,18.276,17.121,16.949,16.784,18.116,18.532,18.874,21.969,20.549,19.355,21.499,10.797,10.152,16.655,8.899,8.618,15.252,14.524,20.573,16.719,15.359,15.004,11.375,8.159,10.594,17.399,10.773,13.076,7.864,21.845,11.014,10.243,16.576,8.615,8.5,15.208,14.527,20.84,16.809,15.198,14.956,11.465,8.165,10.694,17.688,10.808,13.174,8.052,24.01
2026-01-01 14:22:00,19.408,21.315,20.441,16.704,16.919,21.087,13.624,20.655,20.571,18.199,17.175,15.834,16.954,18.176,17.794,18.907,22.037,20.714,19.112,19.376,21.28,20.43,16.576,17.101,21.115,15.037,20.749,20.579,18.276,17.121,16.949,16.784,18.116,18.532,18.874,21.969,20.549,19.355,21.814,10.965,10.265,16.576,8.639,8.462,16.172,14.508,20.836,16.95,15.201,15.755,11.584,8.157,12.894,18.008,10.926,12.979,7.91,21.845,11.014,10.243,16.576,8.615,8.5,15.208,14.527,20.84,16.809,15.198,14.956,11.465,8.165,10.694,17.688,10.808,13.174,8.052,13.09
2026-01-01 14:24:00,19.421,21.074,20.515,16.631,17.162,21.22,15.084,20.678,20.623,18.416,17.111,16.955,16.648,18.252,18.477,18.793,21.92,20.453,19.33,19.376,21.28,20.43,16.576,17.101,21.115,15.037,20.749,20.579,18.276,17.121,16.949,16.784,18.116,18.532,18.874,21.969,20.549,19.355,21.919,10.762,10.168,16.604,8.536,8.366,15.196,14.464,20.757,16.881,15.093,14.915,11.647,8.29,10.693,17.654,10.843,13.203,7.854,21.845,11.014,10.243,16.576,8.615,8.5,15.208,14.527,20.84,16.809,15.198,14.956,11.465,8.165,10.694,17.688,10.808,13.174,8.052,24.16
2026-01-01 14:26:00,19.525,21.375,20.596,16.75,17.002,21.173,15.212,21.015,20.421,18.115,17.178,16.914,16.673,18.162,18.445,18.618,21.969,20.566,19.431,19.376,21.28,20.43,16.576,17.101,21.115,15.037,20.749,20.579,18.276,17.121,16.949,16.784,18.116,18.532,18.874,21.969,20.549,19.355,21.725,11.176,10.095,16.819,8.715,8.492,15.134,14.542,20.957,16.876,15.396,15.026,11.367,8.248,10.806,17.673,10.673,13.057,8.137,21.845,11.014,10.243,16.576,8.615,8.5,15.208,14.527,20.84,16.809,15.198,14.956,11.465,8.165,10.694,17.688,10.808,13.174,8.052,24.38
2026-01-01 14:28:00,19.486,21.304,20.406,16.503,16.915,21.067,15.154,20.826,20.817,18.261,16.92,17.046,16.906,17.984,18.35,18.895,22.053,20.423,19.319,19.376,21.28,20.43,16.576,17.101,21.115,15.037,20.749,20.579,18.276,17.121,16.949,16.784,18.116,18.532,18.874,21.969,20.549,19.355,21.713,11.28,10.356,16.305,8.453,8.51,15.02,14.504,20.974,16.905,15.034,15.069,11.614,8.058,10.788,17.595,10.609,13.351,8.223,21.845,11.014,10.243,16.576,8.615,8.5,15.208,14.527,20.84,16.809,15.198,14.956,11.465,8.165,10.694,17.688,10.808,13.174,8.052,23.66
2026-01-01 14:30:00,19.289,19.22,20.281,16.595,17.061,21.04,14.74,18.659,20.474,18.262,16.993,16.994,15.303,18.128,18.512,18.982,21.845,20.476,19.33,19.376,21.28,20.43,16.576,17.101,21.115,15.037,20.749,20.579,18.276,17.121,16.949,16.784,18.116,18.532,18.874,21.969,20.549,19.355,21.705,11.9,10.394,16.483,8.669,,15.282,16.122,20.86,16.928,15.243,15.1,13.293,8.078,10.397,17.619,10.76,12.999,8.202,21.845,11.014,10.243,16.576,8.615,8.5,15.208,14.527,20.84,16.809,15.198,14.956,11.465,8.165,10.694,17.688,10.808,13.174,8.052,9.2
2026-01-01 14:32:00,19.617,21.113,20.465,16.503,17.138,21.191,15.055,20.78,20.613,18.21,17.098,16.761,16.745,18.029,18.504,18.96,22.013,20.604,19.483,19.376,21.28,20.43,16.576,17.101,21.115,15.037,20.749,20.579,18.276,17.121,16.949,16.784,18.116,18.532,18.874,21.969,20.549,19.355,21.802,11.46,10.33,16.45,8.611,8.607,15.368,14.75,20.77,16.957,15.189,15.097,11.445,8.157,10.743,17.59,10.807,13.23,7.777,21.845,11.014,10.243,16.576,8.615,8.5,15.208,14.527,20.84,16.809,15.198,14.956,11.465,8.165,10.694,17.688,10.808,13.174,8.052,23.72
2026-01-01 14:34:00,19.104,21.331,20.428,16.566,16.952,21.179,15.169,20.867,20.571,18.35,17.228,17.159,16.925,18.133,18.543,18.894,21.995,20.492,19.444,19.376,21.28,20.43,16.576,17.101,21.115,15.037,20.749,20.579,18.276,17.121,16.949,16.784,18.116,18.532,18.874,21.969,20.549,19.355,21.766,10.941,10.393,16.596,8.611,8.388,15.273,14.48,20.985,16.766,15.189,15.045,11.533,7.931,10.722,17.679,10.528,12.988,8.193,21.845,11.014,10.243,16.576,8.615,8.5,15.208,14.527,20.84,16.809,15.198,14.956,11.465,8.165,10.694,17.688,10.808,13.174,8.052,23.52
2026-01-01 14:36:00,19.297,21.189,20.471,16.511,17.074,20.878,15.128,20.748,20.565,18.329,17.146,16.869,17.014,18.064,18.644,19.084,21.898,20.56,19.262,19.376,21.28,20.43,16.576,17.101,21.115,15.037,20.749,20.579,18.276,17.121,16.949,16.784,18.116,18.532,18.874,21.969,20.549,19.355,21.895,10.942,10.382,16.313,8.82,8.412,15.431,14.465,20.762,16.852,15.158,15.109,11.585,8.113,10.665,17.688,11.067,13.168,8.207,21.845,11.014,10.243,16.576,8.615,8.5,15.208,14.527,20.84,16.809,15.198,14.956,11.465,8.165,10.694,17.688,10.808,13.174,8.052,23.99
2026-01-01 14:38:00,19.496,21.243,20.304,16.728,17.207,21.013,15.173,20.771,20.891,18.472,17.058,16.918,16.684,18.131,18.537,18.959,21.979,20.38,19.263,19.376,21.28,20.43,16.576,17.101,21.115,15.037,20.749,20.579,18.276,17.121,16.949,16.784,18.116,18.532,18.874,21.969,20.549,19.355,21.84,10.889,9.996,16.61,8.687,8.536,15.4,14.635,21.115,16.903,15.061,15.125,11.305,8.144,10.499,17.826,11.021,12.967,7.916,21.845,11.014,10.243,16.576,8.615,8.5,15.208,14.527,20.84,16.809,15.198,14.956,11.465,8.165,10.694,17.688,10.808,13.174,8.052,23.74
2026-01-01 14:40:00,19.538,21.413,20.411,16.561,17.082,21.118,14.845,20.851,20.504,18.292,16.832,16.976,16.937,17.86,18.706,18.929,20.525,20.367,19.488,19.376,21.28,20.43,16.576,17.101,21.115,15.037,20.749,20.579,18.276,17.121,16.949,16.784,18.116,18.532,18.874,21.969,20.549,19.355,21.737,10.726,10.22,16.529,8.399,8.149,14.976,14.555,20.599,16.798,15.221,15.05,11.442,8.186,10.904,17.587,11.602,13.353,7.865,21.845,11.014,10.243,16.576,8.615,8.5,15.208,14.527,20.84,16.809,15.198,14.956,11.465,8.165,10.694,17.688,10.808,13.174,8.052,20.73
2026-01-01 14:42:00,19.406,21.348,20.399,16.485,17.201,21.005,15.14,20.557,20.473,18.109,17.271,16.748,16.653,18.191,18.558,19.126,22.18,20.619,19.434,19.376,21.28,20.43,16.576,17.101,21.115,15.037,20.749,20.579,18.276,17.121,16.949,16.784,18.116,18.532,18.874,21.969,20.549,19.355,21.929,10.612,9.989,16.324,8.574,8.486,14.85,14.795,,16.99,15.159,15.02,11.352,8.073,10.572,17.727,10.723,13.098,8.314,21.845,11.014,10.243,16.576,8.615,8.5,15.208,14.527,20.84,16.809,15.198,14.956,11.465,8.165,10.694,17.688,10.808,13.174,8.052,23.52
2026-01-01 14:44:00,19.166,21.179,20.392,16.556,16.943,21.008,14.94,20.87,20.628,17.226,17.09,16.982,16.704,18.085,18.334,18.951,22.079,18.387,19.41,19.376,21.28,20.43,16.576,17.101,21.115,15.037,20.749,20.579,18.276,17.121,16.949,16.784,18.116,18.532,18.874,21.969,20.549,19.355,21.789,11.1,10.297,16.503,8.547,8.667,15.125,14.624,20.772,18.988,15.417,14.691,11.355,8.07,10.752,17.581,10.82,14.369,8.343,21.845,11.014,10.243,16.576,8.615,8.5,15.208,14.527,20.84,16.809,15.198,14.956,11.465,8.165,10.694,17.688,10.808,13.174,8.052,13.84
2026-01-01 14:46:00,19.418,21.515,20.453,16.425,16.981,21.197,15.159,20.837,20.676,18.297,16.95,16.867,16.576,18.071,18.375,18.885,21.949,20.324,19.439,19.376,21.28,20.43,16.576,17.101,21.115,15.037,20.749,20.579,18.276,17.121,16.949,,18.116,18.532,18.874,21.969,20.549,19.355,21.986,10.799,10.498,16.57,8.463,8.528,15.055,14.462,20.698,16.729,14.817,15.141,11.467,8.283,10.745,17.667,11.004,13.362,7.99,21.845,11.014,10.243,16.576,8.615,8.5,15.208,14.527,20.84,16.809,15.198,14.956,11.465,8.165,10.694,,10.808,13.174,8.052,23.44
2026-01-01 14:48:00,19.463,21.12,20.446,16.658,17.067,21.213,15.058,20.872,20.6,18.256,17.179,17.038,16.812,18.063,18.44,18.83,21.901,20.571,19.374,19.376,21.28,20.43,16.576,17.101,21.115,15.037,20.749,20.579,18.276,17.121,16.949,16.784,18.116,18.532,18.874,21.969,20.549,19.355,21.96,10.953,10.161,16.634,8.619,8.474,14.895,14.39,20.847,16.905,15.287,14.864,11.527,7.969,10.751,17.959,10.765,13.011,8.202,21.845,11.014,10.243,16.576,8.615,8.5,15.208,14.527,20.84,16.809,15.198,14.956,11.465,8.165,10.694,17.688,10.808,13.174,8.052,23.44
2026-01-01 14:50:00,19.365,21.279,20.448,14.88,17.239,21.047,15.084,20.709,20.567,18.246,17.047,16.79,16.498,18.137,18.667,18.768,22.025,20.502,19.386,19.376,21.28,20.43,16.576,17.101,21.115,15.037,20.749,20.579,18.276,17.121,16.949,16.784,18.116,18.532,18.874,21.969,20.549,19.355,21.818,11.006,10.316,18.95,8.714,8.384,15.086,14.561,20.898,16.834,15.289,14.939,11.359,8.227,10.449,17.68,10.944,13.249,8.215,21.845,11.014,10.243,16.576,8.615,8.5,15.208,14.527,20.84,16.809,15.198,14.956,11.465,8.165,10.694,17.688,10.808,13.174,8.052,17.21
2026-01-01 14:52:00,19.28,21.252,20.415,16.299,17.124,21.097,14.748,20.822,20.573,18.297,17.161,16.898,16.657,18.061,18.48,19.129,22.18,20.489,19.305,19.376,21.28,20.43,16.576,17.101,21.115,15.037,20.749,20.579,18.276,17.121,16.949,16.784,18.116,18.532,18.874,21.969,20.549,19.355,21.801,10.97,10.163,16.493,8.639,8.639,15.196,14.755,20.904,16.497,15.29,14.88,11.474,8.05,10.608,17.992,10.96,13.116,7.935,21.845,11.014,10.243,16.576,8.615,8.5,15.208,14.527,20.84,16.809,15.198,14.956,11.465,8.165,10.694,17.688,10.808,13.174,8.052,23.32
2026-01-01 14:54:00,19.41,21.343,20.347,16.457,17.323,21.235,14.853,20.541,20.48,18.298,17.182,16.906,16.593,18.138,18.599,18.871,21.908,20.612,19.345,,21.28,20.43,16.576,17.101,21.115,15.037,20.749,20.579,18.276,17.121,16.949,16.784,18.116,18.532,18.874,21.969,20.549,19.355,21.785,10.917,10.332,16.743,8.38,8.564,15.195,14.484,20.956,16.694,15.069,14.94,11.354,8.085,10.814,17.493,10.995,13.377,8.003,21.845,11.014,10.243,16.576,8.615,8.5,15.208,14.527,20.84,16.809,15.198,14.956,11.465,8.165,10.694,17.688,10.808,13.174,8.052,23.46
2026-01-01 14:56:00,19.242,21.288,20.276,16.685,17.152,20.995,15.058,20.891,20.326,18.256,17.31,16.764,16.761,17.946,18.52,18.59,21.775,20.482,19.368,19.376,21.28,20.43,16.576,17.101,21.115,15.037,20.749,20.579,18.276,17.121,16.949,16.784,18.116,18.532,18.874,21.969,20.549,19.355,21.944,10.857,10.204,16.511,8.494,8.646,15.267,14.675,20.612,16.797,15.138,14.732,11.633,8.185,10.756,17.923,10.736,13.42,7.786,21.845,11.014,10.243,16.576,8.615,8.5,15.208,14.527,20.84,16.809,15.198,14.956,11.465,8.165,10.694,17.688,10.808,13.174,8.052,24.88
2026-01-01 14:58:00,19.416,21.327,20.561,16.655,17.184,20.997,15.015,21.118,20.842,16.438,17.204,17.061,16.733,18.342,18.484,18.861,20.72,20.3,19.394,19.376,21.28,20.43,16.576,17.101,21.115,15.037,20.749,20.579,18.276,17.121,16.949,16.784,18.116,18.532,18.874,21.969,20.549,19.355,22.063,11.144,10.076,16.394,9.01,8.42,15.4,14.599,20.871,18.001,15.022,14.793,11.354,8.315,10.415,17.537,12.668,13.166,7.987,21.845,11.014,10.243,16.576,8.615,8.5,15.208,14.527,20.84,16.809,15.198,14.956,11.465,8.165,10.694,17.688,10.808,13.174,8.052,14.16
2026-01-01 15:00:00,19.169,21.2,20.415,16.531,17.118,21.021,15.021,20.605,20.53,18.108,17.195,16.793,16.862,18.063,18.492,19.01,21.978,20.321,19.411,19.376,21.28,20.43,16.576,17.101,21.115,15.037,20.749,20.579,18.276,17.121,16.949,16.784,18.116,18.532,18.874,21.969,20.549,19.355,21.704,10.758,10.133,16.406,8.542,8.359,14.981,14.732,20.528,16.929,15.133,14.868,11.28,8.02,10.625,17.373,10.958,13.194,8.044,21.845,11.014,10.243,16.576,8.615,8.5,15.208,14.527,20.84,16.809,15.198,14.956,11.465,8.165,10.694,17.688,10.808,13.174,8.052,24.31
2026-01-01 15:02:00,19.029,21.308,20.379,16.407,17.107,21.075,15.271,20.693,20.806,18.436,17.045,16.849,16.937,18.096,18.547,18.841,21.821,20.501,19.238,19.376,21.28,20.43,16.576,17.101,21.115,15.037,20.749,20.579,18.276,17.121,16.949,16.784,18.116,18.532,18.874,21.969,20.549,19.355,21.833,11.176,10.236,16.686,8.512,8.757,15.103,14.362,20.734,16.942,15.431,15.007,11.782,8.005,10.577,17.611,11.001,13.027,8.046,21.845,11.014,10.243,16.576,8.615,8.5,15.208,14.527,20.84,16.809,15.198,14.956,11.465,8.165,10.694,17.688,10.808,13.174,8.052,25.46
2026-01-01 15:04:00,19.19,21.242,20.638,16.765,17.09,21.127,15.094,20.907,20.614,18.215,17.071,17.08,17.091,18.037,18.284,18.968,21.956,20.562,19.499,19.376,21.28,20.43,16.576,17.101,21.115,15.037,20.749,20.579,18.276,17.121,16.949,16.784,18.116,18.532,18.874,21.969,20.549,19.355,21.662,11.038,10.108,17.024,8.728,8.416,15.33,14.512,20.74,16.881,14.968,15.176,11.648,7.99,10.667,17.395,10.886,13.214,8.081,21.845,11.014,10.243,16.576,8.615,8.5,15.208,14.527,20.84,16.809,15.198,14.956,11.465,8.165,10.694,17.688,10.808,13.174,8.052,24.66
2026-01-01 15:06:00,19.38,21.119,20.192,16.567,16.959,21.146,14.881,20.703,20.4,18.229,17.064,17.017,16.941,18.09,18.425,19.105,22.009,20.618,19.425,19.376,21.28,20.43,16.576,17.101,21.115,15.037,20.749,20.579,18.276,17.121,16.949,16.784,18.116,18.532,18.874,21.969,20.549,19.355,21.758,11.0,10.133,16.534,8.506,8.395,15.098,14.133,20.712,16.934,15.409,14.862,11.466,8.353,10.442,17.74,10.543,13.226,8.011,21.845,11.014,10.243,16.576,8.615,8.5,15.208,14.527,20.84,16.809,15.198,14.956,11.465,8.165,10.694,17.688,10.808,13.174,8.052,24.34
2026-01-01 15:08:00,19.546,21.398,20.508,16.665,16.995,21.039,15.021,20.757,20.579,18.309,17.121,16.895,16.587,18.212,18.599,18.766,22.025,20.593,19.361,19.376,21.28,20.43,16.576,17.101,21.115,15.037,20.749,20.579,18.276,17.121,16.949,16.784,18.116,18.532,18.874,21.969,20.549,19.355,21.821,10.97,10.528,16.165,8.39,8.526,15.238,14.407,20.885,16.8,15.206,15.123,11.325,8.19,10.826,17.597,10.99,13.035,7.791,21.845,11.014,10.243,16.576,8.615,8.5,15.208,14.527,20.84,16.809,15.198,14.956,11.465,8.165,10.694,17.688,10.808,13.174,8.052,23.89
2026-01-01 15:10:00,19.152,21.133,20.355,16.767,16.995,21.07,14.901,20.687,20.617,18.024,16.778,17.025,16.785,18.04,18.645,18.988,21.714,20.525,19.485,19.376,21.28,20.43,16.576,17.101,21.115,15.037,20.749,20.579,18.276,17.121,16.949,16.784,18.116,18.532,18.874,21.969,20.549,19.355,21.67,11.019,10.39,16.509,8.598,8.486,15.295,14.367,20.812,16.659,15.258,15.075,11.109,8.188,10.654,17.789,10.686,13.168,7.856,21.845,11.014,10.243,16.576,8.615,8.5,15.208,14.527,20.84,16.809,15.198,14.956,11.465,8.165,10.694,17.688,10.808,13.174,8.052,25.11
2026-01-01 15:12:00,19.292,21.24,20.541,16.541,16.955,21.029,14.875,20.812,20.37,18.392,16.921,16.951,16.605,18.074,18.651,19.006,22.122,20.535,19.365,19.376,21.28,20.43,16.576,17.101,21.115,15.037,20.749,20.579,18.276,17.121,16.949,16.784,18.116,18.532,18.874,21.969,20.549,19.355,21.956,11.355,10.272,16.803,8.844,8.451,15.214,14.544,20.992,16.698,15.302,14.818,11.557,8.153,10.424,17.62,10.875,13.141,8.082,21.845,11.014,10.243,16.576,8.615,8.5,15.208,14.527,20.84,16.809,15.198,14.956,11.465,8.165,10.694,17.688,10.808,13.174,8.052,24.01
2026-01-01 15:14:00,19.4,21.351,20.379,14.729,17.137,19.067,15.091,20.827,20.489,18.222,16.963,15.049,16.76,18.213,18.378,19.259,21.951,20.696,19.477,19.376,21.28,20.43,16.576,17.101,21.115,15.037,20.749,20.579,18.276,17.121,16.949,16.784,18.116,18.532,18.874,21.969,20.549,19.355,22.181,10.809,10.124,18.371,8.609,9.87,15.167,14.393,20.717,17.094,15.575,15.99,11.471,7.902,10.625,17.796,10.865,13.134,8.324,21.845,11.014,10.243,16.576,8.615,8.5,15.208,14.527,20.84,16.809,15.198,14.956,11.465,8.165,10.694,17.688,10.808,13.174,8.052,9.17
2026-01-01 15:16:00,19.07,21.246,20.603,16.282,17.19,21.002,14.978,20.772,20.352,18.296,17.04,16.856,16.865,18.533,18.57,18.938,21.959,20.459,19.383,19.376,21.28,20.43,16.576,17.101,21.115,15.037,20.749,20.579,18.276,17.121,16.949,16.784,18.116,18.532,18.874,21.969,20.549,19.355,22.292,10.979,10.078,16.663,8.742,8.362,15.193,14.688,20.895,16.672,15.329,14.824,11.695,8.159,10.4,17.55,10.925,13.446,8.103,21.845,11.014,10.243,16.576,8.615,8.5,15.208,14.527,20.84,16.809,15.198,14.956,11.465,8.165,10.694,17.688,10.808,13.174,8.052,23.2
2026-01-01 15:18:00,19.555,19.162,20.533,16.546,16.273,20.914,15.104,20.81,20.608,18.138,16.981,16.917,16.792,17.966,18.4,18.938,22.088,20.477,19.267,19.376,21.28,20.43,16.576,17.101,21.115,15.037,20.749,20.579,18.276,17.121,16.949,16.784,18.116,18.532,18.874,21.969,20.549,19.355,21.796,12.642,10.036,16.729,9.201,8.226,15.037,14.647,20.874,16.774,15.257,14.842,11.693,8.176,10.771,17.483,10.792,12.982,8.152,21.845,11.014,10.243,16.576,8.615,8.5,15.208,14.527,20.84,16.809,15.198,14.956,11.465,8.165,10.694,17.688,10.808,13.174,8.052,16.55
2026-01-01 15:20:00,19.284,21.574,20.484,16.564,17.218,21.386,15.173,20.573,20.565,18.223,17.076,16.798,16.733,17.981,18.568,18.23,20.65,20.339,19.293,19.376,21.28,20.43,16.576,17.101,21.115,15.037,20.749,20.579,18.276,17.121,16.949,16.784,18.116,18.532,18.874,21.969,20.549,19.355,21.59,11.122,10.398,16.657,8.805,8.73,15.158,14.448,20.763,16.803,15.16,14.916,11.723,8.171,10.621,18.793,13.427,13.157,8.131,21.845,11.014,10.243,16.576,8.615,8.5,15.208,14.527,20.84,16.809,15.198,14.956,11.465,8.165,10.694,17.688,10.808,13.174,8.052,16.08
2026-01-01 15:22:00,19.449,21.335,20.417,16.175,17.037,21.021,14.992,20.597,20.523,18.191,17.443,17.029,16.756,18.105,18.513,18.892,21.915,20.542,19.474,19.376,21.28,20.43,16.576,17.101,21.115,15.037,20.749,20.579,18.276,17.121,16.949,16.784,18.116,18.532,18.874,21.969,20.549,19.355,21.94,10.815,10.027,16.383,8.481,8.672,15.188,14.572,20.704,16.721,15.288,,11.414,8.306,10.596,17.596,10.734,13.074,8.168,21.845,11.014,10.243,16.576,8.615,8.5,15.208,14.527,20.84,16.809,15.198,14.956,11.465,8.165,10.694,17.688,10.808,13.174,8.052,23.17
2026-01-01 15:24:00,19.471,21.313,20.585,16.599,15.855,20.9,14.948,20.736,20.623,18.4,17.047,16.847,16.872,18.252,18.47,17.896,22.129,19.553,19.344,19.376,21.28,20.43,16.576,17.101,21.115,15.037,20.749,20.579,18.276,17.121,16.949,16.784,18.116,18.532,18.874,21.969,20.549,19.355,21.613,11.072,9.952,16.302,11.231,8.535,15.178,14.207,21.011,16.967,15.06,15.147,11.365,8.163,10.567,19.014,10.568,14.22,8.145,21.845,11.014,10.243,16.576,8.615,8.5,15.208,14.527,20.84,16.809,15.198,14.956,11.465,8.165,10.694,17.688,10.808,13.174,8.052,11.71
2026-01-01 15:26:00,19.121,21.435,20.502,16.587,17.04,20.96,15.02,20.731,20.707,18.125,17.29,16.948,16.922,17.994,18.569,19.017,21.977,20.367,19.311,19.376,21.28,20.43,16.576,17.101,21.115,15.037,20.749,20.579,18.276,17.121,16.949,16.784,18.116,18.532,18.874,21.969,20.549,19.355,21.781,11.1,10.365,16.796,8.763,8.499,15.241,14.5,20.706,16.62,15.449,14.815,11.544,8.382,10.72,17.599,10.862,13.404,7.904,21.845,11.014,10.243,16.576,8.615,8.5,15.208,14.527,20.84,16.809,15.198,14.956,11.465,,10.694,17.688,10.808,13.174,8.052,24.27
2026-01-01 15:28:00,19.435,21.107,20.251,16.6,16.982,21.192,14.891,20.523,20.481,18.45,17.013,15.087,,17.997,18.658,18.891,22.017,20.342,19.14,19.376,21.28,20.43,16.576,17.101,21.115,15.037,20.749,20.579,18.276,17.121,16.949,16.784,18.116,18.532,18.874,21.969,20.549,19.355,21.705,10.933,10.355,16.693,8.525,8.506,15.339,14.343,20.815,16.869,15.298,17.388,11.247,8.15,10.602,17.719,10.869,13.153,8.084,21.845,11.014,10.243,16.576,8.615,8.5,15.208,14.527,20.84,16.809,15.198,14.956,11.465,8.165,10.694,17.688,10.808,13.174,8.052,18.06
2026-01-01 15:30:00,19.04,20.526,20.398,16.659,17.275,20.02,15.0,20.798,20.759,18.172,17.192,16.915,16.739,18.209,18.432,18.742,20.324,20.541,19.319,19.376,21.28,20.43,16.576,17.101,21.115,15.037,20.749,20.579,18.276,17.121,16.949,16.784,18.116,18.532,18.874,21.969,20.549,19.355,22.17,12.935,10.382,16.58,8.92,11.349,14.937,14.494,20.695,16.454,15.028,14.889,11.391,8.215,10.781,17.774,12.845,13.278,8.289,21.845,11.014,10.243,16.576,8.615,8.5,15.208,14.527,20.84,16.809,15.198,14.956,11.465,8.165,10.694,17.688,10.808,13.174,8.052,7.95
2026-01-01 15:32:00,19.355,21.336,20.381,16.664,17.147,21.289,15.185,20.847,20.551,18.285,17.046,17.287,16.753,18.178,18.691,18.707,21.865,20.497,19.232,19.376,21.28,20.43,16.576,17.101,21.115,15.037,20.749,20.579,18.276,17.121,16.949,16.784,18.116,18.532,18.874,21.969,20.549,19.355,21.802,10.974,10.308,16.661,8.613,8.555,15.059,14.251,20.743,16.74,15.178,14.866,11.315,8.187,10.759,17.639,10.741,13.175,7.96,21.845,11.014,10.243,16.576,8.615,8.5,15.208,14.527,20.84,,15.198,14.956,11.465,8.165,10.694,17.688,10.808,13.174,8.052,23.83
2026-01-01 15:34:00,19.219,21.214,20.581,16.659,17.101,21.114,14.833,20.828,20.627,18.142,17.142,16.922,16.718,17.993,18.447,18.758,22.02,20.589,19.39,19.376,21.28,20.43,16.576,17.101,21.115,15.037,20.749,20.579,18.276,17.121,16.949,16.784,18.116,18.532,18.874,21.969,20.549,19.355,21.909,10.924,9.941,16.841,8.666,8.627,15.172,14.497,20.845,16.822,15.171,14.822,11.55,8.168,10.981,17.562,10.747,13.16,7.758,21.845,11.014,10.243,16.576,8.615,8.5,15.208,14.527,20.84,16.809,15.198,14.956,11.465,8.165,10.694,17.688,10.808,13.174,8.052,24.69
2026-01-01 15:36:00,18.088,19.975,20.671,16.349,17.241,21.154,15.042,20.684,20.55,15.778,16.951,16.932,16.582,18.213,18.662,18.458,21.779,20.578,19.377,19.376,21.28,20.43,16.576,17.101,21.115,15.037,20.749,20.579,18.276,17.121,16.949,16.784,18.116,18.532,18.874,21.969,20.549,19.355,,12.447,10.139,16.591,8.628,8.651,15.237,14.673,20.915,18.029,15.215,14.721,11.558,8.352,10.894,17.735,10.807,12.963,8.16,21.845,11.014,10.243,16.576,8.615,8.5,15.208,14.527,20.84,16.809,15.198,14.956,11.465,8.165,10.694,17.688,10.808,13.174,8.052,9.82
2026-01-01 15:38:00,19.386,21.328,20.516,16.677,17.313,21.115,15.137,20.551,20.56,18.126,17.285,17.226,16.846,16.147,18.515,18.875,21.989,20.676,19.467,19.376,21.28,20.43,16.576,17.101,21.115,15.037,20.749,20.579,18.276,17.121,16.949,16.784,18.116,18.532,18.874,21.969,20.549,19.355,21.876,10.969,10.041,16.366,8.537,8.618,15.2,14.39,20.954,16.966,15.229,14.916,11.501,10.16,10.773,17.519,10.989,13.176,8.395,21.845,11.014,10.243,16.576,8.615,8.5,15.208,14.527,20.84,16.809,15.198,14.956,11.465,8.165,10.694,17.688,10.808,13.174,8.052,17.79
2026-01-01 15:40:00,19.055,21.441,20.367,16.506,17.268,21.08,14.869,20.587,20.584,18.382,17.298,16.111,16.725,18.307,18.474,19.047,21.994,20.574,19.324,19.376,21.28,20.43,16.576,17.101,21.115,15.037,20.749,20.579,18.276,17.121,16.949,16.784,18.116,18.532,18.874,21.969,20.549,19.355,21.526,10.879,10.012,16.576,8.67,8.406,15.231,14.552,20.716,16.798,15.017,16.744,11.372,8.053,10.524,17.732,10.796,13.436,7.727,21.845,11.014,10.243,16.576,8.615,8.5,15.208,14.527,20.84,16.809,15.198,14.956,11.465,8.165,10.694,17.688,10.808,13.174,8.052,20.13
2026-01-01 15:42:00,19.409,21.222,20.346,16.557,17.02,21.149,15.044,20.714,20.553,18.245,17.327,16.945,16.71,18.077,18.609,18.848,21.948,20.515,19.372,19.376,21.28,20.43,16.576,17.101,21.115,15.037,20.749,20.579,18.276,17.121,16.949,16.784,18.116,18.532,18.874,21.969,20.549,19.355,21.822,11.019,10.318,16.606,8.958,8.379,14.955,14.604,20.707,16.824,15.145,15.261,11.309,8.398,10.754,17.71,10.819,13.012,8.052,21.845,11.014,10.243,16.576,8.615,8.5,15.208,14.527,20.84,16.809,15.198,14.956,11.465,8.165,10.694,17.688,10.808,13.174,8.052,23.11
2026-01-01 15:44:00,19.42,21.331,20.231,16.446,16.783,21.208,15.167,20.902,20.594,18.41,17.114,16.932,16.596,18.019,18.458,,22.165,20.49,19.397,19.376,21.28,20.43,16.576,17.101,21.115,15.037,20.749,20.579,18.276,17.121,16.949,16.784,18.116,18.532,18.874,21.969,20.549,19.355,21.859,10.954,10.049,16.488,8.573,8.466,14.987,14.543,21.005,16.779,15.408,14.992,11.392,8.007,10.504,17.574,10.774,13.006,8.005,21.845,11.014,10.243,16.576,8.615,8.5,15.208,14.527,20.84,16.809,15.198,14.956,11.465,8.165,10.694,17.688,10.808,13.174,8.052,24.32
2026-01-01 15:46:00,,21.185,20.22,16.483,16.926,21.074,15.017,20.724,20.556,18.33,17.007,17.052,16.581,18.12,18.575,18.776,21.774,20.622,19.271,19.376,21.28,20.43,16.576,17.101,21.115,15.037,20.749,20.579,18.276,17.121,16.949,16.784,18.116,18.532,18.874,21.969,20.549,19.355,22.101,10.715,10.276,16.591,8.665,8.542,15.2,14.469,20.801,16.668,15.086,14.964,11.471,8.185,10.58,17.502,11.12,13.243,8.181,21.845,11.014,10.243,16.576,8.615,8.5,15.208,14.527,20.84,16.809,15.198,14.956,11.465,8.165,10.694,17.688,10.808,13.174,8.052,24.67
2026-01-01 15:48:00,19.466,21.369,20.426,16.573,17.216,21.157,14.922,20.765,20.643,18.297,17.141,16.928,16.767,18.0,18.357,19.006,21.889,20.572,19.173,19.376,21.28,20.43,16.576,17.101,21.115,15.037,20.749,20.579,18.276,17.121,16.949,16.784,18.116,18.532,18.874,21.969,20.549,19.355,21.877,11.121,10.39,16.778,8.603,8.577,15.334,14.292,20.839,16.862,15.059,14.864,11.633,8.228,10.683,17.607,10.833,13.674,8.07,21.845,11.014,10.243,16.576,8.615,8.5,15.208,14.527,20.84,16.809,15.198,14.956,11.465,8.165,10.694,17.688,10.808,13.174,8.052,25.18
2026-01-01 15:50:00,18.144,21.178,20.781,16.451,16.983,21.224,15.169,19.661,20.607,18.377,16.972,17.027,16.718,17.993,18.487,17.186,21.799,20.812,19.298,19.376,21.28,20.43,16.576,17.101,21.115,15.037,20.749,20.579,18.276,17.121,16.949,16.784,18.116,18.532,18.874,21.969,20.549,19.355,23.672,10.766,10.403,16.65,8.474,8.708,15.4,15.988,20.731,16.87,15.193,15.03,11.627,8.076,10.735,20.132,10.903,13.333,7.635,21.845,11.014,10.243,16.576,8.615,8.5,15.208,14.527,20.84,16.809,15.198,14.956,11.465,8.165,10.694,17.688,10.808,13.174,8.052,9.05
2026-01-01 15:52:00,19.283,21.379,20.418,16.732,17.066,21.153,15.045,20.765,20.551,18.26,17.318,16.864,16.716,18.071,18.596,18.919,22.076,20.386,19.383,19.376,21.28,20.43,16.576,17.101,21.115,15.037,20.749,20.579,18.276,17.121,16.949,16.784,18.116,18.532,18.874,21.969,20.549,19.355,21.663,11.064,10.0,16.579,8.701,8.516,15.311,14.512,21.0,16.762,15.123,14.814,11.196,8.142,10.695,17.655,10.658,13.106,8.195,21.845,11.014,10.243,16.576,8.615,8.5,15.208,14.527,20.84,16.809,15.198,14.956,11.465,8.165,10.694,17.688,10.808,13.174,8.052,24.01
2026-01-01 15:54:00,19.351,21.243,20.446,16.339,17.13,21.129,14.863,20.734,20.76,16.412,17.188,16.919,16.684,18.003,18.481,19.026,21.152,20.461,18.036,19.376,21.28,20.43,16.576,17.101,21.115,15.037,20.749,20.579,18.276,17.121,16.949,16.784,18.116,18.532,18.874,21.969,20.549,19.355,21.871,11.193,10.305,16.507,8.945,8.359,14.956,14.429,20.873,19.878,15.234,14.87,11.675,8.219,10.722,17.615,13.783,13.364,9.954,21.845,11.014,10.243,16.576,8.615,8.5,15.208,14.527,20.84,16.809,15.198,14.956,11.465,8.165,10.694,17.688,10.808,13.174,8.052,6.23
2026-01-01 15:56:00,19.357,19.709,20.478,16.465,16.911,21.265,14.816,20.81,18.261,18.269,17.094,16.893,16.521,18.099,18.524,18.765,21.957,20.663,19.267,19.376,21.28,20.43,16.576,17.101,21.115,15.037,20.749,20.579,18.276,17.121,16.949,16.784,18.116,18.532,18.874,21.969,20.549,19.355,22.028,13.356,10.206,16.752,8.523,8.517,15.399,14.56,21.476,16.714,15.236,14.852,11.471,8.273,10.612,17.504,10.863,13.427,8.037,21.845,11.014,10.243,16.576,8.615,8.5,15.208,14.527,20.84,16.809,15.198,14.956,11.465,8.165,10.694,17.688,10.808,13.174,8.052,13.86
2026-01-01 15:58:00,17.085,21.141,20.472,16.649,17.392,21.219,15.085,20.912,20.459,18.399,16.21,16.873,16.911,,18.686,18.7,21.998,20.484,19.32,,21.28,20.43,16.576,17.101,21.115,15.037,20.749,20.579,18.276,17.121,16.949,16.784,18.116,18.532,18.874,21.969,20.549,19.355,23.06,11.102,10.299,16.395,8.691,8.589,15.097,14.597,20.727,16.654,17.347,15.128,11.607,8.195,10.948,17.583,10.949,13.111,7.746,21.845,11.014,10.243,16.576,8.615,8.5,15.208,14.527,20.84,16.809,15.198,14.956,11.465,8.165,10.694,17.688,10.808,13.174,8.052,13.99
2026-01-01 16:00:00,19.147,21.389,20.452,16.457,16.939,21.01,15.2,20.734,20.538,18.331,17.12,16.974,16.87,18.153,18.634,18.732,21.974,20.505,19.366,19.376,21.28,20.43,16.576,17.101,21.115,15.037,20.749,20.579,18.276,17.121,16.949,16.784,18.116,18.532,18.874,21.969,20.549,19.355,21.974,11.063,10.033,16.523,8.692,8.45,15.329,14.3,21.171,16.792,15.09,14.879,11.367,7.925,10.526,17.717,10.931,12.994,8.111,21.845,11.014,10.243,16.576,8.615,8.5,15.208,14.527,20.84,16.809,15.198,14.956,11.465,8.165,10.694,17.688,10.808,13.174,8.052,24.28
2026-01-01 16:02:00,19.369,21.204,20.387,16.687,17.035,20.967,15.106,20.862,20.547,18.289,17.022,16.924,16.914,18.209,16.164,17.648,21.776,20.585,19.409,19.376,21.28,20.43,16.576,17.101,21.115,15.037,20.749,20.579,18.276,17.121,16.949,16.784,18.116,18.532,18.874,21.969,20.549,19.355,21.784,11.35,10.339,16.692,8.669,8.574,15.178,14.411,21.09,17.024,15.364,14.802,11.467,8.273,13.225,18.757,10.806,12.974,7.886,21.845,11.014,10.243,16.576,8.615,8.5,15.208,14.527,20.84,16.809,15.198,14.956,11.465,8.165,10.694,17.688,10.808,13.174,8.052,12.92
2026-01-01 16:04:00,19.499,21.517,20.474,16.689,16.97,21.256,15.139,20.909,20.659,18.329,17.295,16.871,16.86,18.243,18.44,16.881,22.02,20.564,19.427,19.376,21.28,20.43,16.576,17.101,21.115,15.037,20.749,20.579,18.276,17.121,16.949,16.784,18.116,18.532,18.874,21.969,20.549,19.355,21.929,10.541,10.415,16.419,8.542,8.473,15.148,14.488,20.725,16.828,15.034,14.942,11.465,8.125,10.874,19.448,10.724,13.497,8.27,21.845,11.014,10.243,16.576,8.615,8.5,15.208,14.527,20.84,16.809,15.198,14.956,11.465,8.165,10.694,17.688,10.808,13.174,8.052,18.7
2026-01-01 16:06:00,19.452,21.191,20.47,16.709,17.06,21.083,14.906,20.845,20.809,18.117,17.212,17.056,16.72,18.073,18.411,18.784,21.989,20.627,19.371,19.376,21.28,20.43,16.576,17.101,21.115,15.037,20.749,20.579,18.276,17.121,16.949,16.784,18.116,18.532,18.874,21.969,20.549,19.355,21.933,10.973,10.474,16.627,8.595,8.48,15.35,14.573,20.752,16.488,15.313,14.968,11.593,8.202,10.844,17.768,10.806,13.149,7.769,21.845,11.014,10.243,16.576,8.615,8.5,15.208,14.527,20.84,16.809,15.198,14.956,11.465,8.165,10.694,17.688,10.808,13.174,8.052,23.76
2026-01-01 16:08:00,19.477,21.306,20.295,16.748,17.242,21.034,15.246,20.806,20.597,18.502,16.831,16.763,16.87,18.089,18.424,19.053,22.028,20.402,19.281,19.376,21.28,20.43,16.576,17.101,21.115,15.037,20.749,20.579,18.276,17.121,16.949,16.784,18.116,18.532,18.874,21.969,20.549,19.355,21.616,11.326,10.113,16.474,8.924,8.542,14.909,14.143,20.582,16.744,15.321,15.02,11.383,8.288,10.478,17.632,10.974,13.587,7.948,21.845,11.014,10.243,16.576,8.615,8.5,15.208,14.527,20.84,16.809,15.198,14.956,11.465,8.165,10.694,17.688,10.808,13.174,8.052,23.73
2026-01-01 16:10:00,19.477,21.492,20.198,16.609,17.06,20.914,15.021,20.564,20.52,18.468,17.185,17.044,16.858,18.16,18.649,18.742,21.93,20.652,19.274,19.376,21.28,20.43,16.576,17.101,21.115,15.037,20.749,20.579,18.276,17.121,16.949,16.784,18.116,18.532,18.874,21.969,20.549,19.355,21.686,11.045,10.28,16.691,8.701,8.747,15.499,14.632,20.695,16.773,15.228,14.927,11.651,8.272,10.741,17.699,10.957,13.065,7.875,21.845,11.014,10.243,16.576,8.615,8.5,15.208,14.527,20.84,16.809,15.198,14.956,11.465,8.165,10.694,17.688,10.808,13.174,8.052,23.5
2026-01-01 16:12:00,19.328,19.115,20.613,16.51,17.01,21.187,15.073,20.674,20.654,18.345,17.135,17.298,14.982,18.216,18.656,19.226,22.102,20.469,19.398,19.376,21.28,20.43,16.576,17.101,21.115,15.037,20.749,20.579,18.276,17.121,16.949,16.784,18.116,18.532,18.874,21.969,20.549,19.355,21.783,11.707,10.168,16.208,8.608,8.399,15.323,14.678,20.933,16.573,15.23,15.003,14.049,8.24,10.571,17.462,10.875,13.099,8.374,21.845,11.014,10.243,16.576,8.615,8.5,15.208,14.527,20.84,16.809,15.198,14.956,11.465,8.165,10.694,17.688,10.808,13.174,8.052,12.49
2026-01-01 16:14:00,19.389,21.219,20.465,16.611,17.099,21.063,15.139,20.566,20.681,18.282,17.158,14.887,16.986,17.918,18.435,18.955,21.902,20.506,19.098,19.376,21.28,20.43,16.576,17.101,21.115,15.037,20.749,20.579,18.276,17.121,16.949,16.784,18.116,18.532,18.874,21.969,20.549,19.355,21.88,10.938,10.268,16.58,8.595,8.365,15.092,14.763,20.723,17.06,15.08,16.737,11.468,8.377,10.714,17.699,10.734,13.213,8.148,21.845,11.014,10.243,16.576,8.615,8.5,15.208,14.527,20.84,16.809,15.198,14.956,11.465,8.165,10.694,17.688,10.808,13.174,8.052,19.53
2026-01-01 16:16:00,19.33,21.31,20.515,16.548,17.132,21.171,14.963,20.666,20.815,18.181,17.271,16.963,16.962,18.046,18.598,18.919,21.947,20.59,19.27,19.376,21.28,20.43,16.576,17.101,21.115,15.037,20.749,20.579,18.276,17.121,16.949,16.784,18.116,18.532,18.874,21.969,20.549,19.355,21.984,10.989,10.241,16.557,8.307,8.536,15.029,14.534,20.757,16.736,15.189,14.77,11.468,8.404,10.936,17.963,10.989,13.245,8.35,21.845,11.014,10.243,16.576,8.615,8.5,15.208,14.527,20.84,16.809,15.198,14.956,11.465,8.165,10.694,17.688,10.808,13.174,8.052,24.7
2026-01-01 16:18:00,19.372,21.239,20.525,16.571,16.943,21.077,15.031,20.648,20.741,18.329,17.226,16.865,16.743,18.24,18.369,18.923,21.984,20.495,19.371,19.376,21.28,20.43,16.576,17.101,21.115,15.037,20.749,20.579,18.276,17.121,16.949,16.784,18.116,18.532,18.874,21.969,20.549,19.355,21.848,11.158,10.337,16.611,8.495,8.554,15.498,14.588,20.801,16.85,15.152,14.955,11.351,8.286,10.65,17.673,10.807,12.941,8.279,21.845,11.014,10.243,16.576,8.615,8.5,15.208,14.527,20.84,16.809,15.198,14.956,11.465,8.165,10.694,17.688,10.808,13.174,8.052,25.01
2026-01-01 16:20:00,19.254,21.312,20.292,16.432,17.271,21.038,14.793,20.869,20.494,17.866,17.12,17.064,16.831,18.324,16.106,18.951,21.855,20.573,19.541,19.376,21.28,20.43,16.576,17.101,21.115,15.037,20.749,20.579,18.276,17.121,16.949,16.784,18.116,18.532,18.874,21.969,20.549,19.355,22.112,10.924,10.637,16.595,8.558,8.552,15.283,14.453,20.91,16.623,15.319,14.868,11.249,8.165,12.835,17.834,11.046,13.007,7.981,21.845,11.014,10.243,16.576,8.615,8.5,15.208,14.527,20.84,16.809,15.198,14.956,11.465,8.165,10.694,17.688,10.808,13.174,8.052,16.35
2026-01-01 16:22:00,19.441,21.305,20.202,16.538,16.955,21.212,14.955,20.797,20.467,18.504,16.988,16.971,17.1,18.147,18.434,18.953,22.091,20.657,19.128,19.376,21.28,20.43,16.576,17.101,21.115,15.037,20.749,20.579,18.276,17.121,16.949,16.784,18.116,,18.874,21.969,20.549,19.355,21.672,10.839,10.111,16.563,8.401,8.62,15.549,14.38,20.846,16.729,14.816,14.662,11.736,8.159,10.938,17.703,10.944,13.345,7.981,21.845,11.014,10.243,16.576,8.615,8.5,15.208,14.527,20.84,16.809,15.198,14.956,11.465,8.165,10.694,17.688,10.808,13.174,8.052,23.4
2026-01-01 16:24:00,19.407,21.035,20.66,16.591,17.052,21.2,15.1,20.614,20.777,18.253,16.919,17.12,16.971,18.27,18.603,18.775,22.085,20.775,19.458,19.376,21.28,20.43,16.576,17.101,21.115,15.037,20.749,20.579,18.276,17.121,16.949,16.784,18.116,18.532,18.874,21.969,20.549,19.355,22.061,11.219,10.208,16.592,8.446,8.748,15.073,14.542,20.763,16.751,15.345,14.991,11.645,8.172,10.871,17.535,10.704,12.661,8.241,21.845,11.014,10.243,16.576,8.615,8.5,15.208,14.527,20.84,16.809,15.198,14.956,11.465,8.165,10.694,17.688,10.808,13.174,8.052,24.44
2026-01-01 16:26:00,19.571,21.194,20.557,16.694,16.93,20.928,14.957,20.764,20.639,18.255,17.12,16.942,15.409,18.191,18.597,18.874,22.006,20.501,19.456,19.376,21.28,20.43,16.576,17.101,21.115,15.037,20.749,20.579,18.276,17.121,16.949,16.784,18.116,18.532,18.874,21.969,20.549,19.355,22.006,10.816,10.102,16.566,8.462,8.702,15.479,14.571,20.892,16.779,15.001,14.728,12.49,8.151,10.876,17.586,10.874,13.471,8.341,21.845,11.014,10.243,16.576,8.615,8.5,15.208,14.527,20.84,16.809,15.198,14.956,11.465,8.165,10.694,17.688,10.808,13.174,8.052,20.7
2026-01-01 16:28:00,19.322,21.482,20.433,16.615,17.017,21.08,15.063,20.757,20.512,18.144,17.132,16.974,16.856,18.27,18.501,18.643,21.958,20.335,19.208,19.376,21.28,20.43,16.576,17.101,21.115,15.037,20.749,20.579,18.276,17.121,16.949,16.784,18.116,18.532,18.874,21.969,20.549,19.355,22.004,11.163,9.885,16.511,8.661,8.505,15.332,14.686,20.928,16.657,15.131,14.819,11.635,8.229,10.892,17.718,10.653,13.158,7.906,21.845,11.014,10.243,16.576,8.615,8.5,15.208,14.527,20.84,16.809,15.198,14.956,11.465,8.165,10.694,17.688,10.808,13.174,8.052,23.68
2026-01-01 16:30:00,19.505,21.354,20.359,16.507,17.097,20.912,15.101,20.714,20.805,18.156,17.247,16.874,16.912,18.005,18.626,18.829,21.877,20.537,19.419,19.376,21.28,20.43,16.576,17.101,21.115,15.037,20.749,20.579,18.276,17.121,16.949,16.784,18.116,18.532,18.874,21.969,20.549,19.355,21.63,10.771,10.388,16.531,8.454,8.407,15.204,14.502,20.795,16.723,15.315,14.898,11.738,8.032,10.274,17.555,10.891,13.22,8.155,21.845,11.014,10.243,16.576,8.615,8.5,15.208,14.527,20.84,16.809,15.198,14.956,11.465,8.165,10.694,17.688,10.808,13.174,8.052,24.35
2026-01-01 16:32:00,19.431,21.476,20.535,16.268,17.06,20.884,14.998,20.83,20.426,18.141,17.145,16.921,16.98,18.161,18.602,19.09,21.915,20.555,19.243,19.376,21.28,20.43,16.576,17.101,21.115,15.037,20.749,20.579,18.276,17.121,16.949,16.784,18.116,18.532,18.874,21.969,20.549,19.355,21.964,11.282,10.165,16.749,8.65,8.473,15.454,14.755,20.61,16.959,15.332,14.775,11.36,8.136,10.67,17.848,10.994,12.978,7.649,21.845,11.014,10.243,16.576,8.615,8.5,15.208,14.527,20.84,16.809,15.198,14.956,11.465,8.165,10.694,17.688,10.808,13.174,8.052,24.05
2026-01-01 16:34:00,19.413,21.411,20.6,16.579,17.023,21.03,14.877,20.77,20.749,17.999,16.868,17.124,16.599,18.162,18.388,18.975,22.069,20.576,19.461,19.376,21.28,20.43,16.576,17.101,21.115,15.037,20.749,20.579,18.276,17.121,16.949,16.784,18.116,18.532,18.874,21.969,20.549,19.355,21.724,11.076,10.299,16.791,8.818,8.685,15.05,14.744,20.711,17.07,15.357,15.053,11.591,8.266,10.682,17.496,10.954,,8.155,21.845,11.014,10.243,16.576,8.615,8.5,15.208,14.527,20.84,16.809,15.198,14.956,11.465,8.165,10.694,17.688,10.808,13.174,8.052,23.27
2026-01-01 16:36:00,17.168,21.355,20.656,15.868,17.03,21.026,15.016,20.729,20.596,18.211,17.207,16.961,16.835,18.124,18.614,18.739,22.166,18.126,19.417,19.376,21.28,20.43,16.576,17.101,21.115,15.037,20.749,20.579,18.276,17.121,16.949,16.784,18.116,18.532,18.874,21.969,20.549,19.355,22.643,11.172,10.162,18.54,8.792,8.472,15.123,14.47,21.085,16.872,15.139,14.813,11.345,8.154,10.478,17.644,10.768,15.758,7.998,21.845,11.014,10.243,16.576,8.615,8.5,15.208,14.527,20.84,16.809,15.198,14.956,11.465,8.165,10.694,17.688,10.808,13.174,8.052,7.87
2026-01-01 16:38:00,19.457,21.419,20.526,16.613,17.088,20.926,15.071,20.72,20.551,18.573,16.907,16.964,16.938,18.24,18.689,18.731,21.862,20.632,19.329,19.376,21.28,20.43,16.576,17.101,21.115,15.037,20.749,20.579,18.276,17.121,16.949,16.784,18.116,18.532,18.874,21.969,20.549,19.355,21.715,11.033,10.484,16.855,8.466,8.485,15.299,14.479,20.619,16.706,15.058,14.791,11.493,8.159,10.565,17.928,10.775,13.431,8.003,21.845,11.014,10.243,16.576,8.615,8.5,15.208,14.527,20.84,16.809,15.198,14.956,11.465,8.165,10.694,17.688,10.808,13.174,8.052,24.14
2026-01-01 16:40:00,19.59,21.317,20.463,16.639,17.078,21.139,14.965,20.754,20.531,18.316,16.961,16.78,16.849,18.153,18.426,18.857,21.853,20.804,19.178,19.376,21.28,20.43,16.576,17.101,21.115,15.037,20.749,20.579,18.276,17.121,16.949,16.784,18.116,18.532,18.874,21.969,20.549,19.355,21.881,10.959,10.207,16.425,8.42,8.353,15.315,14.649,20.966,16.611,15.416,15.02,11.318,8.123,10.674,17.719,10.503,12.943,8.143,21.845,11.014,10.243,16.576,8.615,8.5,15.208,14.527,20.84,16.809,15.198,14.956,11.465,8.165,10.694,17.688,10.808,13.174,8.052,24.04
2026-01-01 16:42:00,19.591,21.192,20.491,16.555,17.066,21.238,15.145,20.724,20.481,18.535,17.3,16.976,16.759,18.161,18.552,19.029,21.863,20.562,19.272,19.376,21.28,20.43,16.576,17.101,21.115,15.037,20.749,20.579,18.276,17.121,16.949,16.784,18.116,18.532,18.874,21.969,20.549,19.355,21.922,10.869,10.228,16.709,8.619,8.451,14.947,14.356,20.905,16.811,15.255,14.79,11.098,8.066,10.621,17.638,11.014,13.369,8.098,21.845,11.014,10.243,16.576,8.615,8.5,15.208,14.527,20.84,16.809,15.198,14.956,11.465,8.165,10.694,17.688,10.808,13.174,8.052,24.17
2026-01-01 16:44:00,19.543,21.508,20.43,16.652,17.281,21.09,14.936,20.884,20.651,18.261,17.307,16.988,16.581,18.168,18.536,19.111,21.977,20.535,19.419,19.376,21.28,20.43,16.576,17.101,21.115,15.037,20.749,20.579,18.276,17.121,16.949,16.784,18.116,18.532,18.874,21.969,20.549,19.355,21.852,11.057,10.212,16.736,,8.616,15.257,14.48,20.602,16.852,15.027,14.771,11.439,8.126,10.683,17.569,10.792,13.423,8.044,21.845,11.014,10.243,16.576,8.615,8.5,15.208,14.527,20.84,16.809,15.198,14.956,11.465,8.165,10.694,17.688,10.808,13.174,8.052,23.19
2026-01-01 16:46:00,19.416,21.122,20.455,16.548,17.281,21.414,12.912,20.644,20.489,18.208,17.049,16.967,16.926,17.97,18.358,18.664,22.112,20.719,19.182,19.376,21.28,20.43,16.576,17.101,21.115,15.037,20.749,20.579,18.276,17.121,16.949,16.784,18.116,18.532,18.874,21.969,20.549,19.355,21.699,10.884,10.142,16.789,8.685,8.71,16.771,14.773,20.565,16.565,15.223,15.026,11.285,8.101,10.616,17.781,10.674,13.004,7.956,21.845,11.014,10.243,16.576,8.615,8.5,15.208,14.527,20.84,16.809,15.198,14.956,11.465,8.165,10.694,17.688,10.808,13.174,8.052,19.44
2026-01-01 16:48:00,19.191,21.307,20.572,16.709,17.136,21.208,15.087,20.693,20.82,18.287,16.999,16.904,16.61,18.129,18.675,18.734,22.115,20.811,19.412,19.376,21.28,20.43,16.576,17.101,21.115,15.037,20.749,20.579,18.276,17.121,16.949,16.784,18.116,18.532,18.874,21.969,20.549,19.355,21.712,11.024,10.225,16.692,8.521,8.433,15.071,14.836,20.716,16.895,15.273,14.798,11.576,8.224,10.575,17.452,10.743,13.09,7.892,21.845,11.014,10.243,16.576,8.615,8.5,15.208,14.527,20.84,16.809,15.198,14.956,11.465,8.165,10.694,17.688,10.808,13.174,8.052,24.05
2026-01-01 16:50:00,19.248,21.189,20.401,16.434,16.962,21.095,15.027,20.833,20.447,18.512,17.26,17.067,16.717,18.336,18.502,19.104,22.109,20.452,19.312,19.376,,20.43,16.576,17.101,21.115,15.037,20.749,20.579,18.276,17.121,16.949,16.784,18.116,18.532,18.874,21.969,20.549,19.355,21.704,11.076,10.118,16.406,8.626,8.694,15.043,14.344,21.035,16.488,15.143,15.142,11.439,8.065,10.69,17.781,10.693,13.16,7.969,21.845,11.014,10.243,16.576,8.615,8.5,15.208,14.527,20.84,16.809,15.198,14.956,11.465,8.165,10.694,17.688,10.808,13.174,8.052,24.69
2026-01-01 16:52:00,19.612,21.412,20.423,16.612,17.136,19.962,15.024,20.681,19.208,18.343,17.018,17.048,16.068,18.219,18.65,19.036,22.055,20.645,19.345,19.376,21.28,20.43,16.576,17.101,21.115,15.037,20.749,20.579,18.276,17.121,16.949,16.784,18.116,18.532,18.874,21.969,20.549,19.355,21.905,11.049,10.134,16.553,8.636,10.925,15.197,14.399,23.674,17.108,15.387,15.16,13.829,,10.766,17.732,10.818,13.252,7.752,21.845,11.014,10.243,16.576,8.615,8.5,15.208,14.527,20.84,16.809,15.198,14.956,11.465,8.165,10.694,17.688,10.808,13.174,8.052,7.84
2026-01-01 16:54:00,19.456,21.184,20.412,16.678,17.106,21.18,14.921,20.924,20.522,18.335,17.13,17.073,16.75,18.007,18.315,18.849,21.836,20.624,19.54,19.376,21.28,20.43,16.576,17.101,21.115,15.037,20.749,20.579,18.276,17.121,16.949,16.784,18.116,18.532,18.874,21.969,20.549,19.355,21.992,10.805,10.495,16.619,8.513,8.346,15.168,14.754,20.835,16.823,15.072,15.187,11.42,8.062,10.743,17.592,10.769,12.918,7.804,21.845,11.014,10.243,16.576,8.615,8.5,15.208,14.527,20.84,16.809,15.198,14.956,11.465,8.165,10.694,17.688,10.808,13.174,8.052,24.18
2026-01-01 16:56:00,19.119,21.137,20.478,16.736,17.149,21.165,15.109,20.829,20.789,18.361,16.983,16.903,16.821,18.029,18.512,18.823,21.895,20.644,19.32,19.376,21.28,20.43,16.576,17.101,21.115,15.037,20.749,20.579,18.276,17.121,16.949,16.784,18.116,18.532,18.874,,20.549,19.355,21.921,10.888,10.316,16.636,8.714,8.593,15.366,14.499,20.783,16.964,15.022,14.811,11.269,8.04,10.874,17.887,10.736,12.95,7.932,21.845,11.014,10.243,16.576,8.615,8.5,15.208,14.527,20.84,16.809,15.198,14.956,11.465,8.165,10.694,17.688,10.808,13.174,8.052,23.65
2026-01-01 16:58:00,19.255,21.206,20.446,16.842,17.144,21.305,15.108,20.501,20.636,18.184,16.969,16.83,17.011,17.936,18.468,19.026,22.06,20.353,19.353,19.376,21.28,20.43,16.576,17.101,21.115,15.037,20.749,20.579,18.276,17.121,16.949,16.784,18.116,18.532,18.874,21.969,20.549,19.355,21.869,11.245,10.206,16.713,8.73,8.278,15.378,14.719,20.923,16.793,15.377,15.04,11.49,8.231,10.912,17.542,10.777,13.101,8.09,21.845,11.014,10.243,16.576,8.615,8.5,15.208,14.527,20.84,16.809,15.198,14.956,11.465,8.165,10.694,17.688,10.808,13.174,8.052,23.41
2026-01-01 17:00:00,19.325,21.268,20.532,16.518,17.074,21.302,14.825,20.715,20.647,18.136,17.056,16.801,16.814,18.051,18.638,19.009,21.985,20.514,19.398,19.376,21.28,20.43,16.576,17.101,21.115,15.037,20.749,20.579,18.276,17.121,16.949,16.784,18.116,18.532,18.874,21.969,20.549,19.355,21.868,10.957,10.281,16.556,8.806,8.665,15.201,14.541,20.792,16.682,15.263,15.103,11.181,8.015,10.856,17.898,10.669,13.004,7.835,21.845,11.014,10.243,16.576,8.615,8.5,15.208,14.527,20.84,16.809,15.198,14.956,11.465,8.165,10.694,17.688,10.808,13.174,8.052,24.2
2026-01-01 17:02:00,19.394,21.144,20.57,16.615,17.207,20.961,15.154,21.014,20.665,18.111,17.137,16.953,16.821,18.098,17.74,18.829,22.007,20.476,19.378,19.376,21.28,20.43,16.576,17.101,21.115,15.037,20.749,20.579,18.276,17.121,16.949,16.784,18.116,18.532,18.874,21.969,20.549,19.355,22.001,11.036,10.223,16.449,8.723,8.429,15.412,14.493,20.962,16.886,15.216,14.908,11.721,8.354,11.6,17.939,10.613,13.257,8.156,21.845,11.014,10.243,16.576,8.615,8.5,15.208,14.527,20.84,16.809,15.198,14.956,11.465,8.165,10.694,17.688,10.808,13.174,8.052,20.74
2026-01-01 17:04:00,18.378,21.232,20.521,16.48,15.986,21.097,15.198,20.666,20.737,18.109,17.113,17.07,16.879,18.004,18.394,18.991,21.826,18.536,19.302,19.376,21.28,20.43,16.576,17.101,21.115,15.037,20.749,20.579,18.276,17.121,16.949,16.784,18.116,18.532,18.874,21.969,20.549,19.355,23.269,10.863,10.104,16.708,9.382,8.5,15.239,14.429,20.679,16.619,15.135,15.11,11.446,8.122,10.95,17.895,10.936,16.036,8.138,21.845,11.014,10.243,16.576,8.615,8.5,15.208,14.527,20.84,16.809,15.198,14.956,11.465,8.165,10.694,17.688,10.808,13.174,8.052,10.46
2026-01-01 17:06:00,19.385,21.571,20.628,16.688,16.944,21.164,15.053,20.747,20.752,18.077,15.114,16.974,16.703,18.335,18.388,18.888,21.988,20.293,19.192,19.376,21.28,20.43,16.576,17.101,21.115,15.037,20.749,20.579,18.276,17.121,16.949,,18.116,18.532,18.874,21.969,20.549,19.355,21.994,11.058,10.387,16.611,8.766,8.296,15.049,14.749,21.037,16.685,16.499,15.114,11.429,8.177,10.897,17.774,10.822,13.369,7.802,21.845,11.014,10.243,16.576,8.615,8.5,15.208,14.527,20.84,16.809,15.198,14.956,11.465,8.165,10.694,17.688,10.808,13.174,8.052,18.94
2026-01-01 17:08:00,19.268,21.386,20.554,16.658,17.14,20.858,15.073,20.696,20.731,18.449,17.403,17.045,16.893,18.0,18.551,18.734,22.087,20.413,19.339,19.376,21.28,20.43,16.576,17.101,21.115,15.037,20.749,20.579,18.276,17.121,16.949,16.784,18.116,18.532,18.874,21.969,20.549,19.355,21.753,11.468,10.356,16.814,8.49,8.798,15.018,14.616,20.891,16.673,15.286,14.497,11.584,8.161,10.595,17.469,10.608,12.999,7.892,21.845,11.014,10.243,16.576,8.615,,15.208,14.527,20.84,16.809,15.198,14.956,11.465,8.165,10.694,17.688,10.808,13.174,8.052,22.95
2026-01-01 17:10:00,19.285,21.233,20.495,16.517,17.137,21.002,15.216,20.68,20.712,18.545,16.834,16.837,16.768,18.267,18.482,18.93,21.889,20.626,19.216,19.376,21.28,20.43,16.576,17.101,21.115,15.037,20.749,20.579,18.276,17.121,16.949,16.784,18.116,18.532,18.874,21.969,20.549,19.355,21.839,10.786,10.13,16.301,8.917,8.567,14.809,14.621,21.237,16.847,15.267,15.032,11.748,8.491,10.735,17.386,10.792,12.918,7.832,21.845,11.014,10.243,16.576,8.615,8.5,15.208,14.527,20.84,16.809,15.198,14.956,11.465,8.165,10.694,17.688,10.808,13.174,8.052,24.21
2026-01-01 17:12:00,19.487,20.925,20.208,16.807,17.131,21.015,15.314,20.886,20.726,18.233,17.206,17.02,16.59,18.197,18.518,19.04,22.137,20.479,19.29,19.376,21.28,20.43,16.576,17.101,21.115,15.037,20.749,20.579,18.276,17.121,16.949,16.784,18.116,18.532,18.874,21.969,20.549,19.355,21.995,10.982,10.183,16.65,8.736,8.37,15.433,14.395,20.941,16.765,15.173,14.906,11.619,8.295,10.695,17.865,10.602,13.239,7.847,21.845,11.014,10.243,16.576,8.615,8.5,15.208,14.527,20.84,16.809,15.198,14.956,11.465,8.165,10.694,17.688,10.808,13.174,8.052,24.46
2026-01-01 17:14:00,19.408,21.369,20.388,16.571,17.184,21.175,15.188,20.786,20.479,18.068,17.229,16.916,16.75,18.088,18.347,18.835,21.658,20.507,19.254,19.376,21.28,20.43,16.576,17.101,21.115,15.037,20.749,20.579,18.276,17.121,16.949,16.784,18.116,18.532,18.874,21.969,20.549,19.355,21.426,10.767,10.365,16.554,8.63,8.364,15.095,14.344,20.817,16.833,15.192,14.943,11.43,8.176,10.793,17.558,10.882,13.337,7.844,21.845,11.014,10.243,16.576,8.615,8.5,15.208,14.527,20.84,16.809,15.198,14.956,11.465,8.165,10.694,17.688,10.808,13.174,8.052,23.6
2026-01-01 17:16:00,19.609,21.344,20.412,16.605,17.199,21.03,15.017,20.713,20.893,18.293,16.888,17.055,17.11,18.006,18.968,18.875,22.1,20.487,19.33,19.376,21.28,20.43,16.576,17.101,21.115,15.037,20.749,20.579,18.276,17.121,16.949,16.784,18.116,18.532,18.874,21.969,20.549,19.355,21.726,10.957,10.081,16.5,8.519,8.741,15.251,14.757,20.814,16.807,15.174,14.921,11.866,8.352,10.717,17.373,10.74,13.317,8.1,21.845,11.014,10.243,16.576,8.615,8.5,15.208,14.527,20.84,16.809,15.198,14.956,11.465,8.165,10.694,17.688,10.808,13.174,8.052,23.52
2026-01-01 17:18:00,19.232,21.158,20.174,16.725,16.967,21.168,15.085,20.676,20.593,18.271,17.068,16.963,16.798,17.997,18.379,18.777,21.991,20.727,19.544,19.376,21.28,20.43,16.576,17.101,21.115,15.037,20.749,20.579,18.276,17.121,16.949,16.784,18.116,18.532,18.874,21.969,20.549,19.355,21.801,11.138,10.286,16.462,8.644,8.612,15.323,14.501,20.753,16.798,15.288,15.001,11.637,8.112,10.686,17.661,10.868,13.009,8.246,21.845,11.014,10.243,16.576,8.615,8.5,15.208,14.527,20.84,16.809,15.198,14.956,11.465,8.165,10.694,17.688,10.808,13.174,8.052,24.13
2026-01-01 17:20:00,19.422,21.405,20.452,16.72,17.124,21.171,15.009,18.546,20.822,18.134,17.129,15.116,16.91,18.347,18.5,17.593,22.052,20.632,19.153,19.376,21.28,20.43,16.576,17.101,21.115,15.037,20.749,20.579,18.276,17.121,16.949,16.784,18.116,18.532,18.874,21.969,20.549,19.355,21.804,11.227,10.463,16.37,8.654,8.586,15.204,16.858,20.712,16.956,15.238,17.569,11.089,8.286,10.479,19.289,10.968,12.974,7.828,21.845,11.014,10.243,16.576,8.615,8.5,15.208,14.527,20.84,16.809,15.198,14.956,11.465,8.165,10.694,17.688,10.808,13.174,8.052,7.33
2026-01-01 17:22:00,19.353,21.279,20.15,16.667,17.163,21.151,14.912,20.667,20.507,18.342,17.006,17.137,16.838,17.851,18.748,18.901,21.906,20.568,19.134,19.376,21.28,20.43,16.576,17.101,21.115,15.037,20.749,20.579,18.276,17.121,16.949,16.784,18.116,18.532,18.874,21.969,20.549,19.355,21.91,11.209,10.279,16.619,8.64,8.755,15.29,14.342,21.05,16.966,15.197,14.933,11.688,8.261,10.663,17.877,10.76,13.146,7.792,21.845,11.014,10.243,16.576,8.615,8.5,15.208,14.527,20.84,16.809,15.198,14.956,11.465,8.165,10.694,17.688,10.808,13.174,8.052,23.97
2026-01-01 17:24:00,19.406,20.981,20.309,16.751,17.264,21.078,14.922,20.871,20.579,18.308,17.205,16.821,16.889,17.858,18.72,18.684,21.896,20.471,19.452,19.376,21.28,20.43,16.576,17.101,21.115,15.037,20.749,20.579,18.276,17.121,16.949,16.784,18.116,18.532,18.874,21.969,20.549,19.355,21.792,11.424,10.001,16.377,8.765,8.385,15.35,14.785,20.791,16.725,15.365,15.046,,8.14,10.768,17.595,10.641,13.021,,21.845,11.014,10.243,16.576,8.615,8.5,15.208,14.527,20.84,16.809,15.198,14.956,11.465,8.165,10.694,17.688,10.808,13.174,8.052,23.38
2026-01-01 17:26:00,19.474,21.331,20.503,16.64,17.097,20.881,14.754,20.466,20.579,18.252,17.109,16.982,15.88,15.866,18.349,18.642,22.125,20.667,18.209,19.376,21.28,20.43,16.576,17.101,21.115,15.037,20.749,20.579,18.276,17.121,16.949,16.784,18.116,18.532,18.874,21.969,20.549,19.355,22.091,11.155,10.262,16.56,8.594,8.691,15.208,14.272,20.821,16.532,15.124,14.831,13.937,9.749,10.69,17.764,10.877,13.037,10.677,21.845,11.014,10.243,16.576,8.615,8.5,15.208,14.527,20.84,16.809,15.198,14.956,11.465,8.165,10.694,17.688,10.808,13.174,8.052,6.77
2026-01-01 17:28:00,19.346,21.34,20.634,16.505,17.127,21.264,14.824,20.661,20.579,18.189,17.39,17.062,16.813,17.999,16.732,18.958,21.908,20.498,19.176,19.376,21.28,20.43,16.576,17.101,21.115,15.037,20.749,20.579,18.276,17.121,16.949,16.784,18.116,18.532,18.874,21.969,20.549,19.355,21.864,11.157,10.387,16.584,8.468,8.598,15.254,14.441,20.676,16.726,15.37,15.152,11.414,8.193,12.739,17.478,10.731,13.137,8.103,21.845,11.014,10.243,16.576,8.615,8.5,15.208,14.527,20.84,16.809,15.198,14.956,11.465,8.165,10.694,17.688,10.808,13.174,8.052,18.43
2026-01-01 17:30:00,19.37,21.393,20.559,16.653,15.281,21.045,14.982,19.436,20.64,18.18,17.188,17.057,16.876,18.132,18.471,18.928,22.184,20.57,19.275,19.376,21.28,20.43,16.576,17.101,21.115,15.037,20.749,20.579,18.276,17.121,16.949,16.784,18.116,18.532,18.874,21.969,20.549,19.355,21.591,11.077,10.016,16.708,10.63,8.422,15.335,17.091,20.695,16.943,15.152,14.997,11.66,7.945,10.797,17.819,11.139,12.89,,21.845,11.014,10.243,16.576,8.615,8.5,15.208,14.527,20.84,16.809,15.198,14.956,11.465,8.165,10.694,17.688,10.808,13.174,8.052,12.03
2026-01-01 17:32:00,19.421,21.129,20.462,16.542,17.224,21.131,15.171,19.983,19.357,18.174,17.182,16.941,16.805,18.043,18.604,18.886,21.701,20.522,19.4,19.376,21.28,20.43,16.576,17.101,21.115,15.037,20.749,20.579,18.276,17.121,16.949,16.784,18.116,18.532,18.874,21.969,20.549,19.355,22.177,11.068,10.247,16.52,8.355,8.697,15.014,15.524,23.679,16.962,15.325,15.079,11.316,8.15,10.635,17.552,10.859,13.009,8.022,21.845,11.014,10.243,16.576,8.615,8.5,15.208,14.527,20.84,16.809,15.198,14.956,11.465,8.165,10.694,17.688,10.808,13.174,8.052,15.32
2026-01-01 17:34:00,19.526,21.211,20.332,16.723,16.062,21.131,15.099,20.843,20.583,18.139,17.25,16.897,14.462,16.223,18.644,18.745,21.911,20.521,19.264,19.376,21.28,20.43,16.576,17.101,21.115,15.037,20.749,20.579,18.276,17.121,16.949,16.784,18.116,18.532,18.874,21.969,20.549,19.355,22.06,10.994,10.213,16.69,10.819,8.544,15.38,14.612,20.72,16.933,15.128,15.071,13.339,10.791,10.923,17.653,10.774,12.972,7.968,21.845,11.014,10.243,16.576,8.615,8.5,15.208,14.527,20.84,16.809,15.198,14.956,,8.165,10.694,17.688,10.808,13.174,8.052,5.07
2026-01-01 17:36:00,19.139,21.383,20.529,16.609,17.054,21.144,15.119,20.621,20.541,18.208,17.21,16.984,16.625,18.041,18.754,18.756,20.176,20.473,19.513,19.376,21.28,20.43,16.576,17.101,21.115,15.037,20.749,20.579,18.276,17.121,16.949,16.784,18.116,18.532,18.874,21.969,20.549,19.355,22.061,11.084,10.232,16.284,8.732,8.557,15.377,14.454,20.915,16.712,14.969,14.657,11.566,8.103,10.67,17.433,13.558,13.075,7.77,21.845,11.014,10.243,16.576,8.615,8.5,15.208,14.527,20.84,16.809,15.198,14.956,11.465,8.165,10.694,17.688,10.808,13.174,8.052,16.82
2026-01-01 17:38:00,19.37,21.228,20.286,16.548,17.206,21.201,14.874,20.945,20.551,18.146,17.139,16.874,16.714,18.039,18.522,18.814,21.758,20.615,19.292,19.376,21.28,20.43,16.576,17.101,21.115,15.037,20.749,20.579,18.276,17.121,16.949,16.784,18.116,18.532,18.874,21.969,20.549,19.355,21.631,10.911,10.378,16.632,8.679,8.383,15.324,14.51,20.988,16.676,15.089,14.812,11.356,8.025,10.759,17.608,10.56,13.091,7.934,21.845,11.014,10.243,16.576,8.615,8.5,15.208,14.527,20.84,16.809,15.198,14.956,11.465,8.165,10.694,17.688,10.808,13.174,8.052,23.41
2026-01-01 17:40:00,19.526,21.349,20.508,16.601,17.264,21.076,14.915,20.793,20.243,18.231,17.149,16.899,16.941,18.204,18.547,18.826,22.106,20.466,19.305,19.376,21.28,20.43,16.576,17.101,21.115,15.037,20.749,20.579,18.276,17.121,16.949,16.784,18.116,18.532,18.874,21.969,20.549,19.355,21.575,11.025,10.251,16.558,8.824,8.253,15.292,14.553,20.677,16.991,15.004,14.969,11.542,8.1,10.577,17.813,10.972,13.084,8.237,21.845,11.014,10.243,16.576,8.615,8.5,15.208,14.527,20.84,16.809,15.198,14.956,11.465,8.165,10.694,17.688,10.808,13.174,8.052,23.55
2026-01-01 17:42:00,19.469,21.356,20.683,16.551,16.869,21.198,15.194,20.729,20.774,18.497,17.04,16.89,16.63,18.184,18.622,18.95,21.816,20.455,19.179,19.376,21.28,20.43,16.576,17.101,21.115,15.037,20.749,20.579,18.276,17.121,16.949,16.784,18.116,18.532,18.874,21.969,20.549,19.355,21.883,10.825,10.352,16.548,8.538,8.548,15.254,14.4,20.748,16.898,15.302,15.214,11.451,8.182,10.567,17.982,10.84,13.238,8.243,21.845,11.014,10.243,16.576,8.615,8.5,15.208,14.527,20.84,16.809,15.198,14.956,11.465,8.165,10.694,17.688,10.808,13.174,8.052,24.22
2026-01-01 17:44:00,19.177,21.114,20.235,16.554,17.154,21.193,15.035,20.666,20.579,18.347,17.085,16.956,16.747,18.051,18.536,18.737,22.099,20.356,19.412,19.376,21.28,20.43,16.576,17.101,21.115,15.037,20.749,20.579,18.276,17.121,16.949,16.784,18.116,18.532,18.874,21.969,20.549,19.355,21.952,10.894,10.19,16.745,8.661,8.42,15.17,14.685,20.655,16.782,15.364,15.11,11.304,8.144,10.744,17.724,10.769,13.083,8.007,21.845,11.014,10.243,16.576,8.615,8.5,15.208,14.527,20.84,16.809,15.198,14.956,11.465,8.165,10.694,17.688,10.808,13.174,8.052,24.68
2026-01-01 17:46:00,19.207,21.467,20.537,16.476,15.031,20.976,15.03,20.8,20.895,18.107,17.275,15.513,16.818,18.224,16.682,18.927,21.944,20.548,19.374,19.376,21.28,20.43,16.576,17.101,21.115,15.037,20.749,20.579,18.276,17.121,16.949,16.784,18.116,18.532,18.874,21.969,20.549,19.355,21.864,11.014,10.491,16.628,10.835,8.589,15.159,14.653,20.752,16.966,15.295,16.904,11.589,8.097,13.302,17.533,10.839,13.372,7.966,21.845,11.014,10.243,16.576,8.615,8.5,15.208,14.527,20.84,16.809,15.198,14.956,11.465,8.165,10.694,17.688,10.808,13.174,8.052,6.53
2026-01-01 17:48:00,19.524,21.099,20.369,16.423,16.982,21.016,15.172,21.013,20.747,18.129,17.13,16.809,16.839,18.272,18.604,18.982,21.95,20.306,19.111,19.376,21.28,20.43,16.576,17.101,21.115,15.037,20.749,20.579,18.276,17.121,16.949,16.784,18.116,18.532,18.874,21.969,20.549,19.355,21.548,10.892,10.315,16.558,8.372,8.415,15.132,14.22,20.767,16.779,15.121,14.878,11.654,7.944,10.602,17.851,10.824,12.958,8.109,21.845,11.014,10.243,16.576,8.615,8.5,15.208,14.527,20.84,16.809,15.198,14.956,11.465,8.165,10.694,17.688,10.808,13.174,8.052,24.54
2026-01-01 17:50:00,19.363,21.351,20.587,16.533,17.11,21.146,15.168,20.74,20.444,18.409,17.172,16.996,16.627,18.115,18.32,18.627,21.939,20.495,19.425,19.376,21.28,20.43,16.576,17.101,21.115,15.037,20.749,20.579,18.276,17.121,16.949,16.784,18.116,18.532,18.874,21.969,20.549,19.355,21.464,10.931,10.318,16.365,8.71,8.502,15.196,14.91,20.951,16.823,14.937,14.715,11.396,8.166,10.78,17.535,10.731,13.242,7.817,21.845,11.014,10.243,16.576,8.615,8.5,15.208,14.527,20.84,16.809,15.198,14.956,11.465,8.165,10.694,,10.808,13.174,8.052,23.6
2026-01-01 17:52:00,19.553,21.276,20.65,16.504,17.195,20.959,15.052,20.71,20.554,18.348,16.889,16.963,16.684,18.13,18.58,18.829,21.923,20.407,19.423,19.376,21.28,20.43,16.576,17.101,21.115,15.037,20.749,20.579,18.276,17.121,16.949,16.784,18.116,18.532,18.874,21.969,20.549,19.355,21.823,11.15,10.179,16.598,8.624,8.562,15.267,14.496,20.775,16.756,15.278,14.817,11.66,7.776,10.772,17.938,10.821,13.265,8.105,21.845,11.014,10.243,16.576,8.615,8.5,15.208,14.527,20.84,16.809,15.198,14.956,11.465,8.165,10.694,17.688,10.808,13.174,8.052,24.44
2026-01-01 17:54:00,19.293,21.335,20.254,16.745,16.975,21.257,14.982,20.816,20.562,18.359,17.122,17.105,16.867,18.199,18.737,18.789,22.129,20.557,19.173,19.376,21.28,20.43,16.576,17.101,21.115,15.037,20.749,20.579,18.276,17.121,16.949,16.784,18.116,18.532,18.874,21.969,20.549,19.355,22.258,11.155,10.466,16.49,8.626,8.43,15.155,14.427,20.858,16.672,15.319,14.974,11.565,8.061,10.757,,10.949,13.269,8.186,21.845,11.014,10.243,16.576,8.615,8.5,15.208,14.527,20.84,16.809,15.198,14.956,11.465,8.165,10.694,17.688,10.808,13.174,8.052,23.97
2026-01-01 17:56:00,19.434,21.255,20.638,16.516,17.107,21.144,14.802,20.811,20.457,18.449,17.326,16.948,16.589,18.138,18.554,18.963,21.932,20.402,19.338,19.376,21.28,20.43,16.576,17.101,21.115,15.037,20.749,20.579,18.276,17.121,16.949,16.784,18.116,18.532,18.874,21.969,20.549,19.355,22.041,11.224,10.169,16.52,8.664,8.731,15.351,14.466,20.936,16.897,15.144,14.869,11.196,7.951,10.551,17.945,10.84,13.335,8.095,21.845,11.014,10.243,16.576,8.615,8.5,15.208,14.527,20.84,16.809,15.198,14.956,11.465,8.165,10.694,17.688,10.808,13.174,8.052,23.96
2026-01-01 17:58:00,19.262,21.499,20.343,16.496,17.095,20.962,14.982,20.732,20.519,18.245,17.274,17.002,16.619,18.063,18.624,18.794,21.979,20.545,19.42,19.376,21.28,20.43,16.576,17.101,21.115,15.037,20.749,20.579,18.276,17.121,16.949,16.784,18.116,18.532,18.874,21.969,20.549,19.355,21.824,11.255,10.229,16.703,8.661,8.406,15.139,14.622,20.787,17.002,15.148,15.058,11.477,8.153,10.767,17.645,10.714,13.083,8.086,21.845,11.014,10.243,16.576,8.615,8.5,15.208,14.527,20.84,16.809,15.198,14.956,11.465,8.165,10.694,17.688,10.808,13.174,8.052,23.74
2026-01-01 18:00:00,19.354,21.263,20.324,16.621,16.987,21.328,15.034,20.721,20.676,18.265,17.132,16.943,16.695,18.002,18.446,19.014,21.891,19.192,19.3,19.376,21.28,20.43,16.576,17.101,21.115,15.037,20.749,20.579,18.276,17.121,16.949,16.784,18.116,18.532,18.874,21.969,20.549,19.355,21.876,11.194,10.297,16.704,8.756,8.48,15.374,14.447,20.568,16.363,15.171,15.122,11.401,7.49,10.902,17.893,10.687,14.442,8.259,21.845,11.014,10.243,16.576,8.615,8.5,15.208,14.527,20.84,16.809,15.198,14.956,11.465,8.165,10.694,17.688,10.808,13.174,8.052,20.28
2026-01-01 18:02:00,19.461,20.763,20.316,16.644,17.116,21.078,15.099,20.592,20.682,18.303,16.999,17.145,16.889,18.258,18.353,18.841,21.904,20.626,19.522,19.376,21.28,20.43,16.576,17.101,21.115,15.037,20.749,20.579,18.276,17.121,16.949,16.784,18.116,18.532,18.874,21.969,20.549,19.355,21.741,13.876,10.288,16.7,8.607,8.561,15.262,14.595,20.904,16.674,14.912,14.884,11.346,7.853,10.898,17.58,10.945,13.054,8.093,21.845,11.014,10.243,16.576,8.615,8.5,15.208,14.527,20.84,16.809,15.198,14.956,11.465,8.165,10.694,17.688,10.808,13.174,8.052,18.78
2026-01-01 18:04:00,19.142,19.219,20.414,16.699,17.096,20.959,15.013,20.621,20.484,18.281,17.062,16.983,14.957,18.4,18.687,18.963,21.81,20.284,19.249,19.376,21.28,20.43,16.576,17.101,21.115,15.037,20.749,20.579,18.276,17.121,16.949,16.784,18.116,18.532,18.874,21.969,20.549,19.355,21.891,12.963,10.214,16.534,8.605,8.912,15.411,14.412,20.814,16.629,15.447,15.078,12.33,7.995,10.543,17.625,10.738,13.12,8.019,21.845,11.014,10.243,16.576,8.615,8.5,15.208,14.527,20.84,16.809,15.198,14.956,11.465,8.165,10.694,17.688,10.808,13.174,,14.51
2026-01-01 18:06:00,18.726,21.554,20.59,16.512,17.249,21.265,15.039,20.898,20.62,18.195,15.806,16.934,16.907,17.949,18.334,18.942,21.635,20.772,19.301,19.376,21.28,20.43,16.576,17.101,21.115,15.037,20.749,20.579,18.276,17.121,16.949,16.784,18.116,18.532,18.874,21.969,20.549,19.355,24.19,11.043,10.231,16.669,8.411,8.609,15.364,14.577,20.714,16.682,16.638,15.001,11.536,8.171,10.442,17.64,10.8,13.089,8.108,21.845,11.014,10.243,16.576,8.615,8.5,15.208,14.527,20.84,16.809,15.198,14.956,11.465,8.165,10.694,17.688,10.808,13.174,8.052,15.51
2026-01-01 18:08:00,19.466,21.509,20.252,16.448,17.376,21.08,15.021,20.776,20.709,18.438,17.135,16.908,14.325,18.153,18.693,18.891,22.192,20.443,19.421,19.376,21.28,20.43,16.576,17.101,21.115,15.037,20.749,20.579,18.276,17.121,16.949,16.784,18.116,18.532,18.874,21.969,20.549,19.355,22.007,10.834,10.314,16.447,8.472,8.453,15.485,14.61,20.803,16.979,15.207,15.02,14.002,8.008,10.466,17.82,10.592,13.378,7.839,21.845,11.014,10.243,16.576,8.615,8.5,15.208,14.527,20.84,16.809,15.198,14.956,11.465,8.165,10.694,17.688,10.808,13.174,8.052,16.37
2026-01-01 18:10:00,19.591,21.439,20.471,16.468,17.014,21.096,15.075,20.718,20.401,18.185,17.185,17.051,16.612,18.071,18.326,18.805,22.403,20.556,19.313,19.376,21.28,20.43,16.576,17.101,21.115,15.037,20.749,20.579,18.276,17.121,16.949,16.784,18.116,18.532,18.874,21.969,20.549,19.355,21.836,11.039,10.06,16.266,8.527,8.732,15.415,14.323,20.839,16.768,15.362,15.005,11.325,8.5,10.808,17.561,10.984,13.296,8.235,21.845,11.014,10.243,16.576,8.615,8.5,15.208,14.527,20.84,16.809,15.198,14.956,11.465,8.165,10.694,17.688,10.808,13.174,8.052,23.79
2026-01-01 18:12:00,19.303,21.132,20.202,16.571,17.067,21.296,14.836,20.802,20.744,18.035,17.202,16.751,16.848,18.297,18.531,18.91,21.883,20.584,19.494,19.376,21.28,20.43,16.576,17.101,21.115,15.037,20.749,20.579,18.276,17.121,16.949,16.784,18.116,18.532,18.874,21.969,20.549,19.355,21.667,11.037,10.137,16.547,8.581,8.558,15.054,14.679,20.772,16.867,15.179,14.998,11.576,8.108,10.824,17.621,10.865,13.154,7.946,21.845,11.014,10.243,16.576,8.615,8.5,15.208,14.527,20.84,16.809,15.198,14.956,11.465,8.165,10.694,17.688,10.808,13.174,8.052,24.0
2026-01-01 18:14:00,19.353,21.263,20.478,16.677,16.9,21.122,14.953,20.81,20.707,18.314,17.28,16.827,16.734,17.994,18.539,18.886,21.944,20.4,19.346,19.376,21.28,20.43,16.576,17.101,21.115,15.037,20.749,20.579,18.276,17.121,16.949,16.784,18.116,18.532,18.874,21.969,20.549,19.355,21.502,10.887,10.138,16.497,8.803,8.346,15.295,14.92,20.699,16.871,15.306,14.959,11.488,8.265,11.059,17.582,10.884,13.201,8.37,21.845,11.014,10.243,16.576,8.615,8.5,15.208,14.527,20.84,16.809,15.198,14.956,11.465,8.165,10.694,17.688,10.808,13.174,8.052,22.98
2026-01-01 18:16:00,19.322,21.355,18.488,16.719,17.13,20.887,15.016,20.573,20.698,18.452,17.118,17.004,16.607,17.84,16.362,18.843,21.783,20.56,19.394,19.376,21.28,20.43,16.576,17.101,21.115,15.037,20.749,20.579,18.276,17.121,16.949,16.784,18.116,18.532,18.874,21.969,20.549,19.355,22.077,11.309,11.893,16.636,8.623,8.446,15.092,14.582,20.957,16.858,14.965,15.037,11.881,8.155,12.539,17.885,10.659,13.194,8.097,21.845,11.014,10.243,16.576,8.615,8.5,15.208,14.527,20.84,16.809,15.198,14.956,11.465,8.165,10.694,17.688,10.808,13.174,8.052,13.2
2026-01-01 18:18:00,19.455,21.471,20.529,16.532,17.114,21.189,14.909,20.912,20.69,18.248,16.044,17.416,16.888,18.231,18.753,18.995,21.995,20.635,19.244,19.376,21.28,20.43,16.576,17.101,21.115,15.037,20.749,20.579,18.276,17.121,16.949,16.784,18.116,18.532,18.874,21.969,20.549,19.355,21.766,10.876,10.287,16.404,8.673,8.573,15.04,14.636,20.651,16.845,17.163,14.775,11.389,8.189,10.801,17.78,10.679,13.157,7.657,21.845,11.014,10.243,16.576,8.615,8.5,15.208,14.527,20.84,16.809,15.198,14.956,11.465,8.165,10.694,17.688,10.808,13.174,8.052,19.54
2026-01-01 18:20:00,19.464,21.092,18.772,16.645,16.91,21.351,14.896,20.878,20.515,18.315,17.041,17.256,16.912,18.339,16.9,18.961,21.989,20.521,19.432,19.376,21.28,20.43,16.576,17.101,21.115,15.037,20.749,20.579,18.276,17.121,16.949,16.784,18.116,18.532,18.874,21.969,20.549,19.355,21.967,11.013,12.295,16.533,8.329,8.545,15.229,14.514,20.994,16.786,15.118,15.126,11.429,8.036,11.728,17.619,10.744,13.008,8.119,21.845,11.014,10.243,16.576,8.615,8.5,15.208,14.527,20.84,16.809,15.198,14.956,11.465,8.165,10.694,17.688,10.808,13.174,8.052,13.39
2026-01-01 18:22:00,19.397,21.264,20.263,16.541,17.178,21.059,15.082,20.734,20.455,18.167,17.033,16.916,16.755,18.256,18.401,18.626,22.056,20.495,19.343,19.376,21.28,20.43,16.576,17.101,21.115,15.037,20.749,20.579,18.276,17.121,16.949,16.784,18.116,18.532,18.874,21.969,20.549,19.355,21.596,10.997,10.248,16.723,8.611,8.456,15.359,14.733,20.876,16.679,15.27,14.782,11.657,8.202,10.556,17.966,10.595,13.328,8.0,21.845,11.014,10.243,16.576,8.615,8.5,15.208,14.527,20.84,16.809,15.198,14.956,11.465,8.165,10.694,17.688,10.808,13.174,8.052,23.9
2026-01-01 18:24:00,19.692,19.263,20.505,16.696,17.119,21.236,13.399,20.664,20.525,18.473,17.316,16.878,16.93,18.099,18.668,18.839,22.09,20.539,19.324,19.376,21.28,20.43,16.576,17.101,21.115,15.037,20.749,20.579,18.276,17.121,16.949,16.784,18.116,18.532,18.874,21.969,20.549,19.355,21.768,11.872,9.953,16.609,8.466,8.654,16.486,14.577,21.125,16.556,15.215,14.89,11.565,8.138,10.612,17.565,10.773,12.955,8.145,21.845,11.014,10.243,16.576,8.615,8.5,15.208,14.527,20.84,16.809,15.198,14.956,11.465,8.165,10.694,17.688,10.808,13.174,8.052,15.37
2026-01-01 18:26:00,19.377,21.304,20.362,16.412,17.314,21.07,14.817,20.473,20.238,18.204,17.293,16.752,16.749,17.893,18.672,18.924,22.013,20.72,19.563,19.376,21.28,20.43,16.576,17.101,21.115,15.037,20.749,20.579,18.276,17.121,16.949,16.784,18.116,18.532,18.874,21.969,20.549,19.355,21.424,11.089,10.316,16.583,8.564,8.637,15.319,14.644,20.775,16.872,15.18,14.879,11.624,7.96,10.651,17.492,10.528,13.356,8.151,21.845,11.014,10.243,16.576,8.615,8.5,15.208,14.527,20.84,16.809,15.198,14.956,11.465,8.165,10.694,17.688,10.808,13.174,8.052,23.44
2026-01-01 18:28:00,19.507,21.214,20.271,16.452,16.89,21.342,15.018,20.769,20.608,18.529,17.057,17.1,16.826,18.102,18.3,18.993,21.882,20.497,19.388,19.376,21.28,20.43,16.576,17.101,21.115,15.037,20.749,20.579,18.276,17.121,16.949,16.784,18.116,18.532,18.874,21.969,20.549,19.355,21.886,10.835,10.237,16.679,8.318,8.599,15.265,14.795,20.697,17.082,15.208,15.009,11.591,8.508,10.843,17.966,10.817,13.279,8.184,21.845,11.014,10.243,16.576,8.615,8.5,15.208,14.527,20.84,16.809,15.198,14.956,11.465,8.165,10.694,17.688,10.808,13.174,8.052,24.01
2026-01-01 18:30:00,19.392,21.424,20.352,16.602,17.141,21.123,15.126,20.722,20.733,18.193,16.949,16.949,16.935,18.057,18.459,18.837,21.994,20.532,19.399,19.376,21.28,20.43,16.576,17.101,21.115,15.037,20.749,20.579,18.276,17.121,16.949,16.784,18.116,18.532,18.874,21.969,20.549,19.355,21.646,11.049,10.275,16.663,8.858,8.601,15.253,14.544,20.852,16.605,15.166,14.824,11.262,8.316,10.554,17.534,10.56,13.345,8.263,21.845,11.014,10.243,16.576,8.615,8.5,15.208,14.527,20.84,16.809,15.198,14.956,11.465,8.165,10.694,17.688,10.808,13.174,8.052,24.38
2026-01-01 18:32:00,19.168,21.471,20.507,16.475,17.276,21.176,15.224,20.608,,18.286,16.872,15.943,16.752,17.995,18.51,17.8,22.046,20.527,19.327,19.376,21.28,20.43,16.576,17.101,21.115,15.037,20.749,20.579,18.276,17.121,16.949,16.784,18.116,18.532,18.874,21.969,20.549,19.355,21.904,10.966,10.32,16.653,8.628,8.539,14.957,14.548,20.775,16.777,15.18,17.303,11.502,8.258,10.368,18.793,11.023,12.948,8.158,21.845,11.014,10.243,16.576,8.615,8.5,15.208,14.527,20.84,16.809,15.198,14.956,11.465,8.165,10.694,17.688,10.808,13.174,8.052,15.61
2026-01-01 18:34:00,19.556,21.29,20.353,16.464,17.099,21.252,14.97,20.625,20.699,18.288,17.123,17.212,16.639,18.145,18.318,18.842,22.046,20.693,19.203,19.376,21.28,20.43,16.576,17.101,21.115,15.037,20.749,20.579,18.276,17.121,16.949,16.784,18.116,18.532,18.874,21.969,20.549,19.355,21.974,11.291,10.195,16.46,8.506,8.386,14.957,14.356,20.756,16.736,15.304,15.061,11.468,7.891,10.775,17.641,10.523,13.088,7.929,21.845,11.014,10.243,16.576,8.615,8.5,15.208,14.527,20.84,16.809,15.198,14.956,11.465,8.165,10.694,17.688,10.808,13.174,8.052,24.04
2026-01-01 18:36:00,19.484,21.382,20.42,16.886,17.106,21.011,15.094,20.524,20.777,18.403,17.077,17.03,16.855,18.36,18.461,18.72,21.722,20.517,19.166,19.376,21.28,20.43,16.576,17.101,21.115,15.037,20.749,20.579,18.276,17.121,16.949,16.784,18.116,18.532,18.874,21.969,20.549,19.355,21.839,11.059,10.48,16.468,8.631,8.336,15.117,14.321,20.823,16.884,15.142,15.159,11.449,8.288,10.643,17.678,11.058,13.028,8.148,21.845,11.014,10.243,16.576,8.615,8.5,15.208,14.527,20.84,16.809,15.198,14.956,11.465,8.165,10.694,17.688,10.808,13.174,8.052,24.82
2026-01-01 18:38:00,19.359,21.336,20.38,16.465,17.253,21.095,15.071,20.871,20.423,18.167,17.435,16.934,16.66,18.089,18.466,18.728,21.923,20.551,19.358,19.376,21.28,20.43,16.576,17.101,21.115,15.037,20.749,20.579,18.276,17.121,16.949,16.784,18.116,18.532,18.874,21.969,20.549,19.355,21.595,10.973,10.373,16.898,8.737,8.526,15.164,14.472,20.847,16.818,15.383,14.826,11.328,8.324,10.787,17.622,10.776,13.252,8.009,21.845,11.014,10.243,16.576,8.615,8.5,15.208,14.527,20.84,16.809,15.198,14.956,11.465,8.165,10.694,17.688,10.808,13.174,8.052,24.47
2026-01-01 18:40:00,19.447,21.071,20.25,14.953,17.051,21.27,15.079,20.579,20.651,18.155,17.158,17.106,14.924,18.112,18.623,17.498,22.071,20.239,19.312,19.376,21.28,20.43,16.576,17.101,21.115,15.037,20.749,20.579,18.276,17.121,16.949,16.784,18.116,18.532,18.874,21.969,20.549,19.355,21.737,11.032,10.347,17.908,8.547,8.581,14.941,14.482,20.971,16.675,15.287,15.307,14.505,8.021,11.032,18.928,10.963,13.227,7.936,21.845,11.014,10.243,16.576,8.615,8.5,15.208,14.527,20.84,16.809,15.198,14.956,11.465,8.165,10.694,17.688,10.808,13.174,8.052,7.98
2026-01-01 18:42:00,19.417,21.343,20.342,16.683,17.242,21.128,15.014,20.71,20.602,18.426,17.311,16.896,16.674,18.023,18.658,18.907,22.01,20.613,19.407,19.376,21.28,20.43,16.576,17.101,21.115,15.037,20.749,20.579,18.276,17.121,16.949,16.784,18.116,18.532,18.874,21.969,20.549,19.355,21.827,10.981,10.51,16.759,8.57,8.537,15.294,14.717,20.974,16.638,15.375,14.779,11.395,7.938,10.637,17.797,10.815,13.331,8.201,21.845,11.014,10.243,16.576,8.615,8.5,15.208,14.527,20.84,16.809,15.198,14.956,11.465,8.165,10.694,17.688,10.808,13.174,8.052,24.06
2026-01-01 18:44:00,17.805,19.629,20.359,16.596,17.155,21.074,14.991,20.922,20.527,18.308,17.087,16.848,16.602,18.054,18.436,18.984,21.832,20.503,17.034,19.376,21.28,20.43,16.576,17.101,21.115,15.037,20.749,20.579,18.276,17.121,16.949,16.784,18.116,18.532,18.874,21.969,20.549,19.355,23.51,13.438,10.437,16.68,8.767,8.684,15.164,14.425,20.87,16.733,15.098,14.822,11.446,8.116,10.757,17.775,10.993,13.219,10.755,21.845,11.014,10.243,16.576,8.615,8.5,15.208,14.527,20.84,16.809,15.198,14.956,11.465,8.165,10.694,17.688,10.808,13.174,8.052,6.66
2026-01-01 18:46:00,19.367,21.346,20.537,16.378,17.056,21.002,15.208,20.739,20.645,18.489,17.083,16.963,16.839,18.088,18.691,18.98,22.096,20.56,19.318,19.376,21.28,20.43,16.576,17.101,21.115,15.037,20.749,20.579,18.276,17.121,16.949,16.784,18.116,18.532,18.874,21.969,20.549,19.355,21.917,11.038,10.298,16.49,8.634,8.305,15.368,14.555,20.911,16.602,15.053,14.863,11.162,8.314,10.783,17.69,10.965,12.901,7.895,21.845,11.014,10.243,16.576,8.615,8.5,15.208,14.527,20.84,16.809,15.198,14.956,11.465,8.165,10.694,17.688,10.808,13.174,8.052,24.3
2026-01-01 18:48:00,19.337,21.241,20.234,16.626,17.206,21.119,14.981,20.758,20.612,18.32,17.346,16.849,16.833,18.205,18.546,18.851,21.848,20.481,19.446,19.376,21.28,20.43,16.576,17.101,21.115,15.037,20.749,20.579,18.276,17.121,16.949,16.784,18.116,18.532,18.874,21.969,20.549,19.355,22.002,11.121,10.223,16.638,8.63,8.428,15.127,14.379,20.83,16.774,15.325,14.71,11.454,8.095,10.58,17.635,11.028,13.433,7.728,21.845,11.014,10.243,16.576,8.615,8.5,,14.527,20.84,16.809,15.198,14.956,11.465,8.165,10.694,17.688,10.808,13.174,8.052,23.94
2026-01-01 18:50:00,19.558,21.205,20.492,16.645,17.229,21.149,15.095,20.862,20.442,18.286,16.911,16.714,16.689,17.933,18.598,19.0,21.936,20.536,19.331,19.376,21.28,20.43,16.576,17.101,21.115,15.037,20.749,20.579,18.276,17.121,16.949,16.784,18.116,18.532,18.874,21.969,20.549,19.355,21.988,10.767,10.069,16.427,8.41,8.661,15.442,14.256,20.924,16.863,15.121,14.889,11.423,8.105,10.54,17.653,10.818,13.185,7.877,21.845,11.014,10.243,16.576,8.615,8.5,15.208,14.527,20.84,16.809,15.198,14.956,11.465,8.165,10.694,17.688,10.808,13.174,8.052,24.44
2026-01-01 18:52:00,19.348,21.301,20.477,16.525,17.01,21.056,15.138,20.702,20.76,18.251,17.291,16.809,16.704,18.178,18.595,18.86,22.22,20.562,19.394,19.376,21.28,20.43,16.576,17.101,21.115,15.037,20.749,20.579,18.276,17.121,16.949,16.784,18.116,18.532,18.874,21.969,20.549,19.355,21.941,10.804,10.13,16.387,8.323,8.51,15.075,14.704,20.787,16.928,15.056,14.852,11.527,8.081,10.545,17.682,10.969,13.224,8.119,21.845,11.014,10.243,16.576,8.615,8.5,15.208,14.527,20.84,16.809,15.198,14.956,11.465,8.165,10.694,17.688,10.808,13.174,8.052,24.09
2026-01-01 18:54:00,17.813,21.485,20.538,16.631,16.907,21.163,14.985,20.8,20.694,18.189,17.152,17.059,16.808,18.08,18.408,18.798,21.819,19.409,19.372,19.376,21.28,20.43,16.576,17.101,21.115,15.037,20.749,20.579,18.276,17.121,16.949,16.784,18.116,18.532,18.874,21.969,20.549,19.355,24.695,11.118,10.161,16.593,8.429,8.443,15.42,14.593,20.66,16.695,14.969,15.287,11.39,7.976,10.917,17.694,10.651,16.004,7.874,21.845,11.014,10.243,16.576,8.615,8.5,15.208,14.527,20.84,16.809,15.198,14.956,11.465,8.165,10.694,17.688,10.808,13.174,8.052,11.35
2026-01-01 18:56:00,19.233,21.284,20.278,16.184,17.251,21.26,14.863,20.666,20.608,18.233,17.022,16.891,16.759,18.053,18.561,18.85,21.881,20.555,19.159,19.376,21.28,20.43,16.576,17.101,21.115,15.037,20.749,20.579,18.276,17.121,16.949,16.784,18.116,18.532,18.874,21.969,20.549,19.355,21.807,10.979,10.296,16.434,8.522,8.55,15.388,14.818,21.008,16.618,15.139,15.047,11.322,7.963,10.443,17.671,10.694,13.104,7.857,21.845,11.014,10.243,16.576,8.615,8.5,15.208,14.527,20.84,16.809,15.198,14.956,11.465,8.165,10.694,17.688,10.808,13.174,8.052,23.71
2026-01-01 18:58:00,19.553,21.075,20.423,16.621,17.155,21.15,15.192,20.617,20.575,18.297,17.065,16.881,16.942,18.033,18.478,18.845,21.946,20.571,19.334,19.376,21.28,20.43,16.576,17.101,21.115,15.037,20.749,20.579,18.276,17.121,16.949,16.784,,18.532,18.874,21.969,20.549,19.355,21.89,10.885,10.049,16.398,8.41,8.567,15.307,14.41,20.712,17.107,15.309,15.163,11.537,8.174,10.72,17.914,11.129,13.227,8.067,21.845,11.014,10.243,16.576,8.615,8.5,15.208,14.527,20.84,16.809,15.198,14.956,11.465,8.165,10.694,17.688,10.808,13.174,8.052,23.83
2026-01-01 19:00:00,19.424,21.3,20.491,16.744,17.003,21.316,14.986,20.832,20.602,18.243,16.889,17.145,16.696,18.024,18.662,18.886,22.199,20.753,19.443,19.376,21.28,20.43,16.576,17.101,21.115,15.037,20.749,20.579,18.276,17.121,16.949,16.784,18.116,18.532,18.874,21.969,20.549,19.355,21.989,11.126,10.223,16.481,8.511,8.734,15.15,14.479,20.787,16.627,15.273,14.949,11.531,8.376,10.664,17.703,10.705,13.308,8.118,21.845,11.014,10.243,16.576,8.615,8.5,15.208,14.527,20.84,16.809,15.198,14.956,11.465,8.165,10.694,17.688,10.808,13.174,8.052,23.04
2026-01-01 19:02:00,19.409,21.375,20.275,16.6,17.122,21.061,15.07,20.577,20.69,18.432,16.969,16.969,16.972,18.168,18.411,18.759,22.073,20.77,19.228,19.376,21.28,20.43,16.576,17.101,21.115,15.037,20.749,20.579,18.276,17.121,16.949,16.784,18.116,18.532,18.874,21.969,20.549,19.355,22.006,11.254,10.047,16.813,8.428,8.344,14.914,14.759,20.763,16.897,15.101,15.208,11.277,8.159,10.523,17.646,11.016,13.215,8.098,21.845,11.014,10.243,16.576,8.615,8.5,15.208,14.527,20.84,16.809,15.198,14.956,11.465,8.165,10.694,17.688,10.808,13.174,8.052,23.81
2026-01-01 19:04:00,19.383,21.19,20.398,16.616,17.099,21.036,15.29,20.732,20.56,18.41,17.125,16.927,16.9,17.995,18.623,19.0,22.05,20.53,19.357,19.376,21.28,20.43,16.576,17.101,21.115,15.037,20.749,20.579,18.276,17.121,16.949,16.784,18.116,18.532,18.874,21.969,20.549,19.355,21.96,10.936,10.054,16.406,8.539,8.676,15.207,14.452,20.85,16.699,15.325,15.071,11.345,8.418,10.508,17.753,10.76,13.296,8.18,21.845,11.014,10.243,16.576,8.615,8.5,15.208,14.527,20.84,16.809,15.198,14.956,11.465,8.165,10.694,17.688,10.808,13.174,8.052,23.56
2026-01-01 19:06:00,19.174,21.267,20.467,16.682,17.12,21.071,14.939,20.745,20.598,18.422,17.125,16.892,16.774,18.06,18.506,18.614,21.781,20.409,19.413,19.376,21.28,20.43,16.576,17.101,21.115,15.037,20.749,20.579,18.276,17.121,16.949,16.784,18.116,18.532,18.874,21.969,20.549,19.355,21.855,11.055,10.031,16.349,8.614,8.542,15.127,14.618,21.002,16.547,15.251,15.241,11.452,8.159,10.696,17.762,10.436,13.24,7.994,21.845,11.014,10.243,16.576,8.615,8.5,15.208,14.527,20.84,16.809,15.198,14.956,11.465,8.165,10.694,17.688,10.808,13.174,8.052,23.82
2026-01-01 19:08:00,19.369,21.3,20.57,16.455,17.239,21.163,14.954,20.928,20.412,18.144,17.099,16.999,16.763,17.864,18.499,18.867,22.272,20.714,19.372,19.376,21.28,20.43,16.576,17.101,21.115,15.037,20.749,20.579,18.276,17.121,16.949,16.784,18.116,18.532,18.874,21.969,20.549,19.355,21.938,10.922,10.229,16.625,8.763,8.475,15.263,14.374,20.829,16.864,15.483,14.828,11.485,8.087,10.781,17.566,10.932,13.014,8.303,21.845,11.014,10.243,16.576,8.615,8.5,15.208,14.527,20.84,16.809,15.198,14.956,11.465,8.165,10.694,17.688,10.808,13.174,8.052,23.8
2026-01-01 19:10:00,19.248,21.323,20.294,16.603,17.147,21.069,15.068,20.711,20.514,18.459,17.192,16.915,16.695,18.139,18.601,18.977,22.145,20.605,19.225,19.376,21.28,20.43,16.576,17.101,21.115,15.037,20.749,20.579,18.276,17.121,16.949,,18.116,18.532,18.874,21.969,20.549,19.355,21.856,10.979,10.258,16.616,8.67,8.657,15.216,14.434,20.633,16.734,15.051,15.097,11.297,8.092,10.732,17.91,10.576,13.155,8.195,21.845,11.014,10.243,16.576,8.615,8.5,15.208,14.527,20.84,16.809,15.198,14.956,11.465,8.165,10.694,17.688,10.808,13.174,8.052,24.18
2026-01-01 19:12:00,19.618,21.42,20.53,16.737,16.927,21.073,14.978,20.891,20.442,18.239,17.303,17.027,16.74,18.34,18.376,18.93,21.943,20.611,19.324,19.376,21.28,20.43,16.576,17.101,21.115,15.037,20.749,20.579,18.276,17.121,16.949,16.784,18.116,18.532,18.874,21.969,20.549,19.355,21.606,11.122,9.919,16.561,8.472,8.434,15.261,14.755,20.717,17.051,15.448,14.738,11.474,8.254,10.92,17.798,10.749,13.104,8.163,21.845,11.014,10.243,16.576,8.615,8.5,15.208,14.527,20.84,16.809,15.198,14.956,11.465,8.165,10.694,17.688,10.808,13.174,8.052,23.94
2026-01-01 19:14:00,19.278,21.307,20.276,16.641,17.065,21.226,14.985,20.671,20.628,18.423,16.878,16.965,16.86,17.949,18.429,18.952,21.872,20.475,19.56,19.376,21.28,20.43,16.576,17.101,21.115,15.037,20.749,20.579,18.276,17.121,16.949,16.784,18.116,18.532,18.874,21.969,20.549,19.355,21.732,11.056,10.251,16.454,8.961,8.525,15.531,14.691,20.999,16.717,15.117,14.97,11.448,7.986,11.03,18.044,10.9,13.201,8.014,21.845,11.014,10.243,16.576,8.615,8.5,15.208,14.527,20.84,16.809,15.198,14.956,11.465,8.165,10.694,17.688,10.808,13.174,8.052,23.86
2026-01-01 19:16:00,17.787,21.18,20.157,16.448,14.872,21.319,15.182,20.6,20.813,18.368,17.101,17.046,16.83,18.026,18.325,18.768,19.949,20.508,19.269,19.376,21.28,20.43,16.576,17.101,21.115,15.037,20.749,20.579,18.276,17.121,16.949,16.784,18.116,18.532,18.874,21.969,20.549,19.355,22.886,11.078,10.239,16.665,9.767,8.823,15.205,14.562,20.803,16.861,15.047,15.199,11.545,7.972,10.696,17.868,12.165,13.084,8.149,21.845,11.014,10.243,16.576,8.615,8.5,15.208,14.527,20.84,16.809,15.198,14.956,11.465,8.165,10.694,17.688,10.808,13.174,8.052,11.25
2026-01-01 19:18:00,19.492,21.156,20.536,16.52,17.115,20.983,13.392,20.657,20.374,16.643,17.116,17.048,16.819,17.997,18.46,18.581,21.837,18.274,19.535,19.376,21.28,20.43,16.576,17.101,21.115,15.037,20.749,20.579,18.276,17.121,16.949,16.784,18.116,18.532,18.874,21.969,20.549,19.355,21.897,10.925,10.295,16.403,8.558,8.312,16.697,14.682,20.775,18.874,15.418,14.723,11.457,8.248,10.781,17.619,10.513,15.124,8.205,21.845,11.014,10.243,16.576,8.615,8.5,15.208,14.527,20.84,16.809,15.198,14.956,11.465,8.165,10.694,17.688,10.808,13.174,8.052,8.01
2026-01-01 19:20:00,19.467,21.317,20.5,16.635,16.897,21.012,15.178,20.889,20.609,18.24,17.076,16.885,16.675,17.888,18.55,18.822,21.944,20.752,19.426,19.376,21.28,20.43,16.576,17.101,21.115,15.037,20.749,20.579,18.276,17.121,16.949,16.784,18.116,18.532,18.874,,20.549,19.355,21.754,11.043,10.215,16.71,8.515,8.548,15.242,14.368,20.887,16.954,15.253,14.852,11.371,7.964,10.522,17.375,10.857,13.173,8.044,21.845,11.014,10.243,16.576,8.615,8.5,15.208,14.527,20.84,16.809,15.198,14.956,11.465,8.165,10.694,17.688,10.808,13.174,8.052,23.71
2026-01-01 19:22:00,18.562,21.35,20.252,16.702,17.133,21.093,15.105,18.923,20.525,18.159,17.373,16.951,16.962,18.036,18.577,18.799,22.044,20.516,19.276,19.376,21.28,20.43,16.576,17.101,21.115,15.037,20.749,20.579,18.276,17.121,16.949,16.784,18.116,18.532,18.874,21.969,20.549,19.355,23.768,11.019,10.354,16.378,8.559,8.4,15.228,16.945,20.733,16.701,15.231,14.761,11.486,8.234,10.706,17.86,10.817,13.199,8.083,21.845,11.014,10.243,16.576,8.615,8.5,15.208,14.527,20.84,16.809,15.198,14.956,11.465,8.165,10.694,17.688,10.808,13.174,8.052,13.56
2026-01-01 19:24:00,19.56,21.321,20.189,16.549,16.993,20.971,14.968,20.692,20.584,18.182,16.9,16.886,16.889,17.954,18.606,18.929,21.916,20.586,19.266,19.376,21.28,20.43,16.576,17.101,21.115,15.037,20.749,20.579,18.276,17.121,16.949,16.784,18.116,18.532,18.874,21.969,20.549,19.355,21.977,11.08,10.246,16.677,8.496,8.619,15.028,14.723,20.748,16.772,15.159,15.03,11.178,8.094,10.787,17.739,10.631,13.356,8.33,21.845,11.014,10.243,16.576,8.615,8.5,15.208,14.527,20.84,16.809,15.198,14.956,11.465,8.165,10.694,17.688,10.808,13.174,8.052,23.95
2026-01-01 19:26:00,19.328,21.159,20.485,16.74,17.021,21.258,14.783,20.643,20.459,18.481,17.051,17.042,16.54,18.129,18.599,18.87,21.644,20.57,19.452,19.376,21.28,20.43,16.576,17.101,21.115,15.037,20.749,20.579,18.276,17.121,16.949,16.784,18.116,18.532,18.874,21.969,20.549,19.355,21.713,10.948,10.058,16.478,8.581,8.811,15.008,14.801,20.833,16.751,15.122,15.044,11.406,8.13,10.664,17.691,10.845,13.127,7.93,21.845,11.014,10.243,16.576,8.615,8.5,15.208,14.527,20.84,16.809,15.198,14.956,11.465,8.165,10.694,17.688,10.808,13.174,8.052,24.14
2026-01-01 19:28:00,19.533,21.328,20.228,16.552,15.829,21.017,15.104,20.691,20.591,18.366,17.037,17.291,16.802,18.157,18.443,18.882,21.936,20.374,19.172,19.376,21.28,20.43,16.576,17.101,21.115,15.037,20.749,20.579,18.276,17.121,16.949,16.784,18.116,18.532,18.874,21.969,20.549,19.355,21.937,11.031,10.245,16.28,9.821,8.381,15.048,14.45,20.696,16.511,15.009,15.084,11.428,8.03,10.681,17.384,11.016,13.33,8.025,21.845,11.014,10.243,16.576,8.615,8.5,15.208,14.527,20.84,16.809,15.198,14.956,11.465,8.165,10.694,17.688,10.808,13.174,8.052,20.44
2026-01-01 19:30:00,19.41,18.91,20.115,16.32,17.064,21.107,15.11,20.6,20.65,15.88,17.06,16.932,16.902,18.182,18.639,18.792,21.934,20.409,19.289,19.376,21.28,20.43,16.576,17.101,21.115,15.037,20.749,20.579,18.276,17.121,16.949,16.784,18.116,18.532,18.874,21.969,20.549,19.355,21.889,13.409,10.164,16.528,8.528,8.57,15.029,14.6,20.689,18.93,15.377,15.21,11.241,8.254,10.904,17.686,11.008,13.048,8.049,21.845,11.014,10.243,16.576,8.615,8.5,15.208,14.527,20.84,16.809,15.198,14.956,11.465,8.165,10.694,17.688,10.808,13.174,8.052,9.67
2026-01-01 19:32:00,19.328,21.225,20.515,14.869,17.192,21.13,15.166,19.601,20.695,18.336,16.223,16.941,16.635,17.942,18.767,18.921,22.022,20.529,19.3,19.376,21.28,20.43,16.576,17.101,21.115,15.037,20.749,20.579,18.276,17.121,16.949,16.784,18.116,18.532,18.874,21.969,20.549,19.355,22.177,11.122,10.378,18.487,8.581,8.631,15.217,16.58,20.723,16.674,16.646,14.735,11.553,8.374,10.962,17.505,10.749,13.294,7.985,21.845,11.014,10.243,16.576,8.615,8.5,15.208,14.527,20.84,16.809,15.198,14.956,11.465,8.165,10.694,17.688,10.808,13.174,8.052,10.35
2026-01-01 19:34:00,19.72,21.146,20.422,16.57,16.965,20.962,14.952,20.092,20.521,18.373,16.98,16.998,16.96,18.223,18.395,18.52,22.07,20.608,19.285,19.376,21.28,20.43,16.576,17.101,21.115,15.037,20.749,20.579,18.276,17.121,16.949,16.784,18.116,18.532,18.874,21.969,20.549,19.355,21.911,10.766,10.225,16.664,,8.567,15.22,15.366,20.695,16.778,15.245,14.918,11.561,8.235,10.521,17.693,10.963,13.262,8.006,21.845,11.014,10.243,16.576,8.615,8.5,15.208,14.527,20.84,16.809,15.198,14.956,11.465,8.165,10.694,17.688,10.808,13.174,8.052,21.56
2026-01-01 19:36:00,19.529,21.232,20.443,16.452,17.139,21.063,14.976,20.878,20.605,18.096,17.204,17.049,16.684,18.068,18.538,18.845,21.983,20.627,19.296,19.376,21.28,20.43,16.576,17.101,21.115,15.037,20.749,20.579,18.276,17.121,16.949,16.784,18.116,18.532,18.874,21.969,20.549,19.355,21.645,11.031,10.273,16.745,8.602,8.502,15.259,14.729,20.983,17.094,15.123,15.11,11.5,8.39,10.623,17.798,10.91,13.044,8.054,21.845,11.014,10.243,16.576,8.615,8.5,15.208,14.527,20.84,16.809,15.198,14.956,11.465,8.165,10.694,17.688,10.808,13.174,8.052,23.18
2026-01-01 19:38:00,19.625,21.195,20.365,16.813,17.387,21.119,15.014,20.62,20.717,18.296,17.02,16.998,16.949,18.198,18.797,19.014,22.021,20.545,19.421,19.376,21.28,20.43,,17.101,21.115,15.037,20.749,20.579,18.276,17.121,16.949,16.784,18.116,18.532,18.874,21.969,20.549,19.355,21.815,10.944,10.14,16.368,8.674,8.511,15.229,14.509,20.888,16.711,15.059,15.014,11.516,8.242,10.753,17.509,10.637,13.067,8.323,21.845,11.014,10.243,16.576,8.615,8.5,15.208,14.527,20.84,16.809,15.198,14.956,11.465,8.165,10.694,17.688,10.808,13.174,8.052,23.95
2026-01-01 19:40:00,19.522,21.384,20.556,16.603,17.193,21.261,15.017,20.593,20.787,18.346,17.068,16.977,16.754,17.911,18.51,18.704,21.993,20.536,19.491,19.376,21.28,20.43,16.576,17.101,21.115,15.037,20.749,20.579,18.276,17.121,16.949,16.784,18.116,18.532,18.874,21.969,20.549,19.355,21.933,10.85,10.388,16.685,8.547,8.6,15.234,14.528,20.883,16.984,15.297,14.701,11.376,8.367,11.018,17.528,10.979,12.957,8.237,21.845,11.014,10.243,16.576,8.615,8.5,15.208,14.527,20.84,16.809,15.198,14.956,11.465,8.165,10.694,17.688,10.808,13.174,8.052,24.4
2026-01-01 19:42:00,19.361,21.325,20.394,16.531,16.933,21.234,15.057,20.679,20.604,18.226,17.034,16.979,16.93,18.083,18.361,18.801,22.184,20.451,19.498,19.376,21.28,20.43,16.576,17.101,21.115,15.037,20.749,20.579,18.276,17.121,16.949,16.784,18.116,18.532,18.874,21.969,20.549,19.355,21.811,11.185,10.334,16.461,8.473,8.318,14.942,14.05,20.684,16.822,15.144,15.032,11.398,8.261,10.759,17.627,10.63,12.89,8.151,21.845,11.014,10.243,16.576,8.615,8.5,15.208,14.527,20.84,16.809,15.198,14.956,11.465,8.165,10.694,17.688,10.808,13.174,8.052,23.51
2026-01-01 19:44:00,19.347,21.369,20.417,16.387,17.052,21.368,15.021,20.816,20.539,18.26,17.16,17.006,17.05,18.114,18.51,18.795,21.811,20.356,19.435,19.376,21.28,20.43,16.576,17.101,21.115,15.037,20.749,20.579,18.276,17.121,16.949,16.784,18.116,18.532,18.874,21.969,20.549,19.355,21.84,10.741,10.125,16.52,8.848,8.655,15.178,14.628,20.617,16.741,15.137,14.755,11.647,8.109,10.886,17.451,10.947,13.293,7.895,21.845,11.014,10.243,16.576,8.615,8.5,15.208,14.527,20.84,16.809,15.198,14.956,11.465,8.165,10.694,17.688,10.808,13.174,8.052,23.66
2026-01-01 19:46:00,19.152,21.449,20.533,16.541,16.963,21.118,12.764,20.884,20.491,16.946,17.115,16.916,16.71,17.91,18.335,18.794,21.942,20.669,18.82,19.376,21.28,20.43,16.576,17.101,21.115,15.037,20.749,20.579,18.276,17.121,16.949,16.784,18.116,18.532,18.874,21.969,20.549,19.355,21.892,11.053,10.343,16.513,8.481,8.348,16.882,14.436,20.838,17.78,15.157,14.693,11.488,8.363,10.742,17.646,10.942,12.868,8.883,21.845,11.014,10.243,16.576,8.615,8.5,15.208,14.527,20.84,16.809,15.198,14.956,11.465,8.165,10.694,17.688,10.808,13.174,8.052,12.61
2026-01-01 19:48:00,19.582,21.328,20.656,16.563,17.038,21.393,14.909,20.699,20.548,18.451,17.05,17.043,16.736,17.969,18.561,18.895,21.83,20.445,19.261,19.376,21.28,20.43,16.576,17.101,21.115,15.037,20.749,20.579,18.276,17.121,16.949,16.784,18.116,18.532,18.874,21.969,20.549,19.355,22.002,10.939,9.963,16.424,8.689,8.579,15.234,14.668,20.86,16.846,15.35,14.687,11.877,8.226,11.033,17.72,11.008,13.26,8.123,21.845,11.014,10.243,16.576,8.615,8.5,15.208,14.527,20.84,16.809,15.198,14.956,11.465,8.165,10.694,17.688,10.808,13.174,8.052,23.71
2026-01-01 19:50:00,19.492,21.336,20.459,16.636,17.045,21.173,14.965,20.589,20.496,18.301,17.133,17.077,16.582,18.09,18.58,18.76,21.999,20.5,19.22,19.376,21.28,20.43,16.576,17.101,21.115,15.037,20.749,20.579,18.276,17.121,16.949,16.784,18.116,18.532,18.874,21.969,20.549,19.355,21.868,10.993,10.471,16.71,8.872,8.289,14.937,14.609,21.093,16.646,15.046,14.828,11.45,8.329,10.685,17.738,10.574,12.895,8.1,21.845,11.014,10.243,16.576,8.615,8.5,15.208,14.527,20.84,16.809,15.198,14.956,11.465,8.165,10.694,17.688,10.808,13.174,8.052,23.82
2026-01-01 19:52:00,19.511,18.737,20.551,16.528,16.989,21.01,14.949,20.648,20.613,18.052,17.271,17.05,16.951,17.999,18.255,18.801,21.949,20.586,19.294,19.376,21.28,20.43,16.576,17.101,21.115,15.037,20.749,20.579,18.276,17.121,16.949,16.784,18.116,18.532,18.874,21.969,20.549,19.355,21.898,12.658,10.282,16.601,8.715,8.417,15.213,14.794,20.72,16.752,15.118,15.074,11.333,7.968,10.583,17.475,10.851,13.455,8.153,21.845,11.014,10.243,16.576,8.615,8.5,15.208,14.527,20.84,16.809,15.198,14.956,11.465,8.165,10.694,17.688,10.808,13.174,8.052,18.14
2026-01-01 19:54:00,19.367,21.299,20.245,16.794,16.968,21.147,15.167,20.656,20.581,18.473,17.089,17.076,16.82,18.144,18.619,18.848,21.945,20.665,19.388,19.376,21.28,20.43,16.576,17.101,21.115,15.037,20.749,20.579,18.276,17.121,16.949,16.784,18.116,18.532,18.874,21.969,20.549,19.355,21.931,11.085,10.195,16.344,8.463,8.636,14.997,14.786,20.673,16.749,15.069,14.777,11.397,8.135,10.654,17.751,10.83,13.371,7.992,21.845,11.014,10.243,16.576,8.615,8.5,15.208,14.527,20.84,16.809,15.198,14.956,11.465,8.165,10.694,17.688,10.808,13.174,8.052,23.92
2026-01-01 19:56:00,19.437,21.139,20.433,16.723,17.211,21.158,14.976,20.677,20.634,18.447,17.128,17.107,16.75,18.261,18.414,18.899,19.774,18.614,19.426,19.376,21.28,20.43,16.576,17.101,21.115,15.037,20.749,20.579,18.276,17.121,16.949,16.784,18.116,18.532,18.874,21.969,20.549,19.355,21.711,10.913,10.227,16.75,8.642,8.443,15.237,14.348,20.779,16.709,15.044,15.046,11.339,8.069,10.525,17.733,13.094,15.756,7.9,21.845,11.014,10.243,16.576,8.615,8.5,15.208,14.527,20.84,16.809,15.198,14.956,11.465,8.165,10.694,17.688,10.808,13.174,8.052,11.37
2026-01-01 19:58:00,19.264,21.193,20.379,16.4,16.992,21.013,15.132,20.916,20.528,18.243,17.149,16.888,16.753,18.218,18.561,18.866,21.902,20.727,19.284,19.376,21.28,20.43,16.576,17.101,21.115,15.037,20.749,20.579,18.276,17.121,16.949,16.784,18.116,18.532,18.874,21.969,20.549,19.355,21.975,11.095,10.375,16.601,8.466,8.826,15.242,14.366,21.035,16.803,15.096,15.056,11.479,8.26,10.692,17.846,10.876,13.122,8.058,21.845,11.014,10.243,16.576,8.615,8.5,15.208,14.527,20.84,16.809,15.198,14.956,11.465,8.165,10.694,17.688,10.808,13.174,8.052,24.15
2026-01-01 20:00:00,19.392,21.159,20.36,16.59,17.056,21.181,15.047,20.585,20.305,18.397,17.053,17.128,16.788,18.026,18.6,18.844,21.972,20.439,19.433,19.376,21.28,20.43,16.576,17.101,21.115,15.037,20.749,20.579,18.276,17.121,16.949,16.784,18.116,18.532,18.874,21.969,20.549,19.355,22.008,11.016,10.142,16.601,8.703,8.575,15.015,14.364,20.802,16.935,15.232,15.189,11.702,8.287,10.724,17.669,10.684,13.207,7.89,21.845,11.014,10.243,16.576,8.615,8.5,15.208,14.527,20.84,16.809,15.198,14.956,11.465,8.165,10.694,17.688,10.808,13.174,8.052,23.36
2026-01-01 20:02:00,19.509,21.219,20.645,16.51,17.133,20.921,14.808,21.002,20.752,18.415,16.919,16.978,16.836,18.127,18.569,18.766,21.951,20.414,19.315,19.376,21.28,20.43,16.576,17.101,21.115,15.037,20.749,20.579,18.276,17.121,16.949,16.784,18.116,18.532,18.874,21.969,20.549,19.355,21.979,10.769,10.423,16.55,8.51,8.523,15.231,14.538,20.653,16.395,15.343,14.963,11.575,7.811,10.64,17.546,10.829,13.322,7.881,21.845,11.014,10.243,16.576,8.615,8.5,15.208,14.527,20.84,16.809,15.198,14.956,11.465,8.165,10.694,17.688,10.808,13.174,8.052,24.32
2026-01-01 20:04:00,19.422,,20.398,16.526,17.104,21.227,15.067,20.797,20.408,18.233,17.221,16.847,16.734,18.001,18.693,18.822,21.882,20.624,19.488,19.376,21.28,20.43,16.576,17.101,21.115,15.037,20.749,20.579,18.276,17.121,16.949,16.784,18.116,18.532,18.874,21.969,20.549,19.355,21.919,11.092,9.936,16.562,8.616,8.457,15.283,14.712,20.951,16.986,15.333,14.942,11.375,7.988,10.411,17.6,10.855,13.153,8.043,21.845,11.014,10.243,16.576,8.615,8.5,15.208,14.527,20.84,16.809,15.198,14.956,11.465,8.165,10.694,17.688,10.808,13.174,8.052,24.07
2026-01-01 20:06:00,19.436,21.399,20.456,16.562,17.05,21.055,14.966,20.794,20.567,18.287,17.195,16.944,16.621,18.022,18.399,18.647,21.982,20.406,19.202,19.376,21.28,20.43,16.576,17.101,21.115,15.037,20.749,20.579,18.276,17.121,16.949,16.784,18.116,18.532,18.874,21.969,20.549,19.355,21.97,11.152,10.209,16.559,8.395,8.663,15.182,14.136,20.842,16.78,15.306,14.957,11.537,8.083,10.82,17.522,10.787,13.204,8.004,21.845,11.014,10.243,16.576,8.615,8.5,15.208,14.527,20.84,16.809,15.198,14.956,11.465,8.165,10.694,17.688,10.808,13.174,8.052,24.68
2026-01-01 20:08:00,19.247,21.386,20.393,16.697,17.091,21.063,15.105,20.821,20.594,18.152,17.067,16.808,16.754,18.127,18.71,19.044,22.05,20.664,19.383,19.376,21.28,20.43,16.576,17.101,21.115,15.037,20.749,20.579,18.276,17.121,16.949,16.784,18.116,18.532,18.874,21.969,20.549,19.355,21.976,11.072,10.28,16.605,8.687,8.588,15.069,14.524,20.801,16.761,15.21,14.959,11.274,8.129,10.842,17.785,10.532,13.086,8.107,21.845,11.014,10.243,16.576,8.615,8.5,15.208,14.527,20.84,16.809,15.198,14.956,11.465,8.165,10.694,17.688,10.808,13.174,8.052,24.28
2026-01-01 20:10:00,19.708,21.464,20.748,16.623,17.151,21.242,15.06,20.786,20.461,18.389,17.138,17.046,16.758,17.903,18.592,19.014,21.815,20.432,19.319,19.376,21.28,20.43,16.576,17.101,21.115,15.037,20.749,20.579,18.276,17.121,16.949,16.784,18.116,18.532,18.874,21.969,20.549,19.355,,11.038,10.469,16.641,8.478,8.551,14.946,14.511,20.543,16.728,14.913,14.847,11.401,8.314,10.749,17.956,10.999,13.184,8.149,21.845,11.014,10.243,16.576,8.615,8.5,15.208,14.527,20.84,16.809,15.198,14.956,11.465,8.165,10.694,17.688,10.808,13.174,8.052,23.71
2026-01-01 20:12:00,19.346,20.212,20.641,16.698,17.027,20.898,15.08,20.987,20.01,18.414,17.008,14.958,16.604,18.353,18.6,18.622,21.747,20.606,19.372,19.376,21.28,20.43,16.576,17.101,21.115,15.037,20.749,20.579,18.276,17.121,16.949,16.784,18.116,18.532,18.874,21.969,20.549,19.355,21.7,13.556,10.17,16.427,8.762,8.402,15.26,14.48,22.452,16.875,14.966,16.208,11.86,8.272,10.859,17.775,11.044,13.092,7.957,21.845,11.014,10.243,16.576,8.615,8.5,15.208,14.527,20.84,16.809,15.198,14.956,11.465,8.165,10.694,17.688,10.808,13.174,8.052,11.58
2026-01-01 20:14:00,19.338,21.354,20.671,16.62,16.885,21.096,14.879,20.652,20.618,18.255,16.993,16.945,16.686,18.179,18.502,18.921,21.936,20.638,19.338,19.376,21.28,20.43,16.576,17.101,21.115,15.037,20.749,20.579,18.276,17.121,16.949,16.784,18.116,18.532,18.874,21.969,20.549,19.355,21.783,10.812,10.098,16.747,8.518,8.396,15.399,14.609,20.768,16.711,15.167,14.97,11.623,8.223,10.562,17.664,10.609,13.093,8.3,21.845,11.014,10.243,16.576,8.615,8.5,15.208,14.527,20.84,16.809,15.198,14.956,11.465,8.165,10.694,17.688,10.808,13.174,8.052,23.84
2026-01-01 20:16:00,19.373,21.212,20.446,16.363,17.42,21.032,15.048,20.691,20.52,18.323,17.059,16.896,16.617,18.003,18.39,19.089,21.807,20.418,19.377,19.376,21.28,20.43,16.576,17.101,21.115,15.037,20.749,20.579,18.276,17.121,16.949,16.784,18.116,18.532,18.874,21.969,20.549,19.355,21.651,10.943,10.368,16.609,8.575,8.39,15.087,14.633,20.825,16.859,15.297,14.742,11.21,8.229,10.836,17.689,10.927,12.948,8.005,21.845,11.014,10.243,16.576,8.615,8.5,15.208,14.527,20.84,16.809,15.198,14.956,11.465,8.165,10.694,17.688,10.808,13.174,8.052,23.75
2026-01-01 20:18:00,19.545,21.076,20.242,16.59,17.14,20.943,14.819,20.631,20.667,18.268,17.209,16.934,16.778,18.187,18.516,18.901,21.857,20.474,19.409,19.376,21.28,20.43,16.576,17.101,21.115,15.037,20.749,20.579,18.276,17.121,16.949,16.784,18.116,18.532,18.874,21.969,20.549,19.355,21.769,10.936,10.315,16.184,8.54,8.65,15.155,14.36,20.885,16.61,15.322,14.843,11.664,8.213,10.511,17.665,10.787,13.256,7.842,21.845,11.014,10.243,16.576,8.615,8.5,15.208,14.527,20.84,16.809,15.198,14.956,11.465,8.165,10.694,17.688,10.808,13.174,8.052,23.97
2026-01-01 20:20:00,19.345,,20.506,16.64,17.098,21.021,15.142,21.046,20.478,18.088,17.025,16.834,16.63,17.971,18.631,18.975,22.143,20.636,19.295,19.376,21.28,20.43,16.576,17.101,21.115,15.037,20.749,20.579,18.276,17.121,16.949,16.784,18.116,18.532,18.874,21.969,20.549,19.355,21.971,10.87,9.968,16.54,8.497,8.504,15.434,14.504,21.085,17.108,15.491,14.988,11.663,8.361,10.884,17.687,11.004,13.322,8.096,21.845,11.014,10.243,16.576,8.615,8.5,15.208,14.527,20.84,16.809,15.198,14.956,11.465,8.165,10.694,17.688,10.808,13.174,8.052,23.95
2026-01-01 20:22:00,19.503,21.204,20.385,16.433,17.245,21.233,14.978,20.708,20.581,18.297,17.22,16.954,16.829,17.932,18.492,18.656,22.179,20.713,19.438,19.376,21.28,20.43,16.576,17.101,21.115,15.037,20.749,20.579,18.276,17.121,16.949,16.784,18.116,18.532,18.874,21.969,20.549,19.355,21.713,11.109,10.31,16.369,8.446,8.682,15.174,14.645,20.795,16.617,15.096,14.614,11.542,7.952,11.01,17.565,10.835,13.019,,21.845,11.014,10.243,16.576,8.615,8.5,15.208,14.527,20.84,16.809,15.198,14.956,11.465,8.165,10.694,17.688,10.808,13.174,8.052,23.77
2026-01-01 20:24:00,19.506,21.518,20.539,16.382,17.073,20.829,14.936,20.596,20.575,18.319,17.006,16.911,16.814,18.093,18.507,18.582,21.912,20.64,19.382,19.376,21.28,20.43,16.576,17.101,21.115,15.037,20.749,20.579,18.276,17.121,16.949,16.784,18.116,18.532,18.874,21.969,20.549,19.355,21.835,10.907,10.59,16.535,8.258,8.499,15.074,14.451,20.719,16.663,14.946,14.988,11.464,8.152,10.639,17.926,10.7,13.097,8.295,21.845,11.014,10.243,16.576,8.615,8.5,15.208,14.527,20.84,16.809,15.198,14.956,11.465,8.165,10.694,17.688,10.808,13.174,8.052,24.01
2026-01-01 20:26:00,19.194,21.244,20.458,16.455,17.178,21.015,14.993,20.731,20.842,18.233,17.048,17.031,16.723,18.134,18.257,18.906,21.962,20.389,19.514,19.376,21.28,20.43,16.576,17.101,21.115,15.037,20.749,20.579,18.276,17.121,16.949,16.784,18.116,18.532,18.874,21.969,20.549,19.355,21.89,10.93,10.118,16.501,8.569,8.483,15.429,14.319,20.856,16.908,15.299,14.918,11.351,8.218,10.792,17.67,10.747,13.373,8.015,21.845,11.014,10.243,16.576,8.615,8.5,15.208,14.527,20.84,16.809,15.198,14.956,11.465,8.165,10.694,17.688,10.808,13.174,8.052,23.64
2026-01-01 20:28:00,19.343,21.253,20.268,16.377,17.029,20.928,15.091,20.848,20.499,18.078,17.069,16.817,16.8,17.023,18.476,18.879,22.089,20.748,19.288,19.376,21.28,20.43,16.576,17.101,21.115,15.037,20.749,20.579,18.276,17.121,16.949,16.784,18.116,18.532,18.874,21.969,20.549,19.355,21.829,11.22,10.244,16.577,8.58,8.731,15.202,14.739,20.959,16.819,15.345,14.871,11.757,8.858,10.747,17.831,10.858,13.359,8.272,21.845,11.014,10.243,16.576,8.615,8.5,15.208,14.527,20.84,16.809,15.198,14.956,11.465,8.165,10.694,17.688,10.808,13.174,8.052,20.89
2026-01-01 20:30:00,19.458,21.247,20.298,16.725,17.143,21.127,15.075,20.724,20.448,18.484,17.224,16.976,16.895,18.265,18.503,18.94,21.925,20.621,19.32,19.376,21.28,20.43,16.576,17.101,21.115,15.037,20.749,20.579,18.276,17.121,16.949,16.784,18.116,18.532,18.874,21.969,20.549,19.355,21.678,10.969,10.324,16.603,8.585,8.565,15.089,14.447,21.019,16.856,15.412,14.632,11.295,7.973,10.734,17.928,10.597,13.157,8.254,21.845,11.014,10.243,16.576,8.615,8.5,15.208,14.527,20.84,16.809,15.198,14.956,11.465,8.165,10.694,17.688,10.808,13.174,8.052,24.87
2026-01-01 20:32:00,19.663,21.233,20.487,16.627,17.056,21.222,15.022,20.694,20.575,18.18,17.26,17.019,16.897,17.948,18.559,18.777,21.974,20.697,19.381,19.376,21.28,20.43,16.576,17.101,21.115,15.037,20.749,20.579,18.276,17.121,16.949,16.784,18.116,18.532,18.874,21.969,20.549,19.355,21.685,11.347,10.067,16.446,8.346,8.575,14.953,14.535,20.843,16.717,15.127,14.893,11.518,8.051,10.566,17.512,10.96,13.377,8.129,21.845,11.014,10.243,16.576,8.615,8.5,15.208,14.527,20.84,16.809,15.198,14.956,11.465,8.165,10.694,17.688,10.808,13.174,8.052,23.29
2026-01-01 20:34:00,19.35,21.41,20.546,16.793,16.873,21.149,14.982,20.639,20.588,18.131,16.848,16.836,16.748,18.335,18.44,18.729,21.726,20.501,19.321,19.376,21.28,20.43,16.576,17.101,21.115,15.037,20.749,20.579,18.276,17.121,16.949,16.784,18.116,18.532,18.874,21.969,20.549,19.355,21.606,11.018,10.317,16.717,8.608,8.374,15.52,14.528,20.723,16.871,15.369,14.903,11.545,8.198,10.662,17.64,10.853,12.73,8.032,21.845,11.014,10.243,16.576,8.615,8.5,15.208,14.527,20.84,16.809,15.198,14.956,11.465,8.165,10.694,17.688,10.808,13.174,8.052,24.54
2026-01-01 20:36:00,19.388,19.91,18.333,16.299,17.116,20.922,14.702,20.883,20.635,18.313,17.158,16.82,16.908,17.985,18.756,18.119,21.742,20.648,19.587,19.376,21.28,20.43,16.576,17.101,21.115,15.037,20.749,20.579,18.276,17.121,16.949,16.784,18.116,18.532,18.874,21.969,20.549,19.355,21.658,12.297,13.138,16.518,8.568,8.483,14.914,14.279,21.052,16.652,15.132,15.029,11.416,8.144,10.396,20.205,10.838,13.194,8.206,21.845,11.014,10.243,16.576,8.615,8.5,15.208,14.527,20.84,16.809,15.198,14.956,11.465,8.165,10.694,17.688,10.808,13.174,8.052,7.74
2026-01-01 20:38:00,19.34,21.404,20.399,16.496,16.787,21.258,14.979,20.789,20.439,18.162,17.251,16.898,16.731,17.96,18.552,18.963,21.909,20.521,19.204,19.376,21.28,20.43,16.576,17.101,21.115,15.037,20.749,20.579,18.276,17.121,16.949,16.784,18.116,18.532,18.874,21.969,20.549,19.355,21.944,10.935,10.253,16.472,8.705,8.385,15.273,14.584,21.044,16.668,15.192,14.743,11.607,8.129,10.593,17.522,10.688,13.122,7.999,21.845,11.014,10.243,16.576,8.615,8.5,15.208,14.527,20.84,16.809,15.198,14.956,11.465,8.165,10.694,17.688,10.808,13.174,8.052,23.35
2026-01-01 20:40:00,19.539,21.202,20.407,16.774,17.069,20.924,14.921,20.701,20.789,18.298,17.09,17.044,16.937,18.02,18.7,18.974,22.019,20.26,19.375,19.376,21.28,20.43,16.576,17.101,21.115,15.037,20.749,20.579,18.276,17.121,16.949,16.784,18.116,18.532,18.874,21.969,20.549,19.355,22.051,10.972,10.24,16.27,8.519,8.791,15.462,14.189,21.077,16.771,14.997,15.042,11.577,8.271,10.758,17.917,10.792,13.259,8.433,21.845,11.014,10.243,16.576,8.615,8.5,15.208,14.527,20.84,16.809,15.198,14.956,11.465,8.165,10.694,17.688,10.808,13.174,8.052,23.62
2026-01-01 20:42:00,19.54,21.244,20.705,16.582,16.975,21.183,15.069,19.861,20.549,18.429,17.051,16.962,16.63,18.016,18.553,18.792,21.911,20.521,19.383,19.376,21.28,20.43,16.576,17.101,21.115,15.037,20.749,20.579,18.276,17.121,16.949,16.784,18.116,18.532,18.874,21.969,20.549,19.355,21.862,10.783,10.462,16.596,8.441,8.756,15.373,16.951,20.88,16.54,15.218,14.625,11.276,8.397,10.722,17.412,10.704,13.291,8.012,21.845,11.014,10.243,16.576,8.615,8.5,15.208,14.527,20.84,16.809,15.198,14.956,11.465,8.165,10.694,17.688,10.808,13.174,8.052,17.87
2026-01-01 20:44:00,19.465,21.37,20.551,16.598,17.032,20.92,14.992,20.649,20.357,18.472,16.896,16.989,16.849,18.084,18.843,18.874,21.873,20.76,19.255,19.376,21.28,20.43,16.576,17.101,21.115,15.037,20.749,20.579,18.276,17.121,16.949,16.784,18.116,18.532,18.874,21.969,20.549,19.355,21.854,10.979,10.055,16.766,8.346,8.446,14.992,14.486,20.828,16.77,15.219,15.057,11.161,8.163,10.871,17.922,10.939,12.964,7.937,21.845,,10.243,16.576,8.615,8.5,15.208,14.527,20.84,16.809,15.198,14.956,11.465,8.165,10.694,17.688,10.808,13.174,8.052,23.61
2026-01-01 20:46:00,19.199,21.156,20.349,16.579,17.139,20.927,15.077,21.017,20.49,18.257,17.203,17.093,16.7,17.996,18.406,19.005,22.075,20.283,19.092,19.376,21.28,20.43,16.576,17.101,21.115,15.037,20.749,20.579,18.276,17.121,16.949,16.784,18.116,18.532,18.874,21.969,20.549,19.355,21.968,11.183,10.171,16.524,8.718,8.657,15.133,14.366,20.578,16.697,14.95,14.83,11.628,8.218,10.609,17.83,10.583,13.238,7.958,21.845,11.014,10.243,16.576,8.615,8.5,15.208,14.527,20.84,16.809,15.198,14.956,11.465,8.165,10.694,17.688,10.808,13.174,8.052,24.55
2026-01-01 20:48:00,19.222,21.095,20.477,16.601,17.337,21.209,15.049,20.89,20.468,18.103,17.123,17.061,16.584,18.222,18.634,18.811,21.986,20.513,19.363,19.376,21.28,20.43,16.576,17.101,21.115,15.037,20.749,20.579,18.276,17.121,16.949,16.784,18.116,18.532,18.874,21.969,20.549,19.355,21.9,11.182,10.063,16.661,8.587,8.451,14.954,14.503,20.813,16.809,15.157,14.779,11.674,8.124,10.858,17.631,10.674,13.349,8.214,21.845,11.014,10.243,16.576,8.615,8.5,15.208,14.527,20.84,16.809,15.198,14.956,11.465,8.165,10.694,17.688,10.808,13.174,8.052,22.66
2026-01-01 20:50:00,19.471,21.18,20.554,16.016,17.209,20.872,12.362,20.83,20.505,18.189,17.025,16.783,16.746,18.025,18.449,18.93,21.822,20.683,19.082,19.376,21.28,20.43,16.576,17.101,21.115,15.037,20.749,20.579,18.276,17.121,16.949,16.784,18.116,18.532,18.874,21.969,20.549,19.355,21.774,11.028,10.302,17.798,8.528,8.183,17.793,14.227,20.799,16.598,15.171,14.907,11.376,8.226,10.63,17.803,10.837,12.995,7.991,21.845,11.014,10.243,16.576,8.615,8.5,15.208,14.527,20.84,16.809,15.198,14.956,11.465,8.165,10.694,17.688,10.808,13.174,8.052,13.98
2026-01-01 20:52:00,18.028,21.112,20.498,15.663,17.098,21.203,15.021,20.531,20.619,18.412,17.051,16.739,16.708,17.467,18.566,19.007,22.034,20.608,19.108,19.376,21.28,20.43,16.576,17.101,21.115,15.037,20.749,20.579,18.276,17.121,16.949,16.784,18.116,18.532,18.874,21.969,20.549,19.355,24.023,11.121,10.413,18.73,8.648,8.484,15.242,14.363,20.734,16.916,15.374,14.986,11.414,9.137,10.585,17.931,10.594,13.201,8.218,21.845,11.014,10.243,16.576,8.615,8.5,15.208,14.527,20.84,16.809,15.198,14.956,11.465,8.165,10.694,17.688,10.808,13.174,8.052,11.14
2026-01-01 20:54:00,19.645,20.456,20.532,16.531,17.08,21.119,15.227,20.931,20.652,18.516,17.07,17.01,16.726,18.272,18.534,18.992,22.177,20.293,19.619,19.376,21.28,20.43,16.576,17.101,21.115,15.037,20.749,20.579,18.276,17.121,16.949,16.784,18.116,18.532,18.874,21.969,20.549,19.355,21.781,12.298,10.154,16.597,8.77,8.486,15.268,14.629,20.877,16.891,15.267,15.047,11.339,8.069,10.582,17.964,10.775,13.105,8.218,21.845,11.014,10.243,16.576,8.615,8.5,15.208,14.527,20.84,16.809,15.198,14.956,11.465,8.165,10.694,17.688,10.808,13.174,8.052,20.0
2026-01-01 20:56:00,19.413,21.239,20.193,16.538,16.818,21.124,15.014,20.97,19.141,18.405,15.92,17.2,16.752,18.207,18.344,18.737,21.934,20.544,19.205,19.376,21.28,20.43,16.576,17.101,21.115,15.037,20.749,20.579,18.276,17.121,16.949,16.784,18.116,18.532,18.874,21.969,20.549,19.355,21.914,10.954,10.401,16.437,8.449,8.37,15.4,14.519,22.582,16.636,16.699,14.989,11.413,7.876,10.72,17.983,10.838,12.964,7.942,21.845,11.014,10.243,16.576,8.615,8.5,15.208,14.527,20.84,16.809,15.198,14.956,11.465,8.165,10.694,17.688,10.808,13.174,8.052,14.76
2026-01-01 20:58:00,19.324,21.365,20.372,16.556,16.991,21.284,15.254,20.773,20.564,18.479,17.179,16.866,16.617,18.042,18.801,18.801,22.323,20.548,19.328,19.376,21.28,20.43,16.576,17.101,21.115,15.037,20.749,20.579,18.276,17.121,16.949,16.784,18.116,18.532,18.874,21.969,20.549,19.355,21.723,10.716,10.085,16.405,8.538,8.417,15.219,14.59,20.895,16.803,15.057,14.966,11.488,8.661,10.635,17.729,10.904,13.279,7.746,21.845,11.014,10.243,16.576,8.615,8.5,15.208,14.527,20.84,16.809,15.198,14.956,11.465,8.165,10.694,17.688,10.808,13.174,8.052,24.59
2026-01-01 21:00:00,19.538,21.25,20.476,16.448,16.947,20.329,15.064,20.666,20.337,18.334,15.021,16.914,16.708,17.838,18.727,18.815,22.033,18.726,19.494,19.376,21.28,20.43,16.576,17.101,21.115,15.037,20.749,20.579,18.276,17.121,16.949,16.784,18.116,18.532,18.874,21.969,20.549,19.355,21.806,10.788,10.366,16.342,8.32,9.293,15.474,14.662,20.984,16.711,16.046,14.807,11.427,8.323,10.846,17.664,10.672,14.743,7.803,21.845,11.014,10.243,16.576,8.615,8.5,15.208,14.527,20.84,16.809,15.198,14.956,11.465,8.165,10.694,,10.808,13.174,8.052,12.04
2026-01-01 21:02:00,19.4,21.281,20.467,16.688,17.172,21.06,15.092,20.795,20.665,18.301,17.29,16.974,16.893,18.121,18.461,18.758,21.949,20.614,19.511,19.376,21.28,20.43,16.576,17.101,21.115,15.037,20.749,20.579,18.276,17.121,16.949,16.784,18.116,18.532,18.874,21.969,20.549,19.355,21.586,10.944,10.298,16.743,8.857,8.482,15.305,14.239,20.917,17.167,15.295,15.179,11.585,8.291,10.863,17.512,10.739,13.379,7.948,21.845,11.014,10.243,16.576,8.615,8.5,15.208,14.527,20.84,16.809,15.198,14.956,11.465,8.165,10.694,17.688,10.808,13.174,8.052,24.01
2026-01-01 21:04:00,19.364,21.216,20.367,16.735,17.114,21.053,15.128,20.586,20.594,18.27,17.105,16.807,16.905,18.323,18.369,18.889,22.048,20.826,19.304,19.376,21.28,20.43,16.576,17.101,21.115,15.037,20.749,20.579,18.276,17.121,16.949,16.784,18.116,18.532,18.874,21.969,20.549,19.355,22.031,10.903,10.2,16.458,8.757,8.547,14.885,14.349,20.668,16.883,15.248,14.676,11.54,8.336,10.71,17.774,11.365,13.165,7.989,21.845,11.014,10.243,16.576,8.615,8.5,15.208,14.527,20.84,16.809,15.198,14.956,11.465,8.165,10.694,17.688,10.808,13.174,8.052,23.5
2026-01-01 21:06:00,19.259,21.28,20.678,16.585,17.134,21.333,14.774,20.482,20.691,18.371,16.951,17.013,16.789,18.142,18.433,18.819,21.861,20.555,19.327,19.376,21.28,20.43,16.576,17.101,21.115,15.037,20.749,20.579,18.276,17.121,16.949,16.784,18.116,18.532,18.874,21.969,20.549,19.355,21.921,10.998,10.069,16.523,8.438,8.749,15.029,14.791,20.737,16.596,15.149,15.198,11.484,8.403,10.818,17.736,10.711,13.3,8.07,21.845,11.014,10.243,16.576,8.615,8.5,15.208,14.527,20.84,16.809,15.198,14.956,11.465,8.165,10.694,17.688,10.808,13.174,8.052,23.78
2026-01-01 21:08:00,19.583,21.358,20.236,16.628,17.277,21.15,15.17,20.744,20.666,18.16,17.218,16.779,16.943,17.929,18.272,18.94,21.947,20.563,19.408,19.376,21.28,20.43,16.576,17.101,21.115,15.037,20.749,20.579,18.276,17.121,16.949,16.784,18.116,18.532,18.874,21.969,20.549,19.355,21.766,10.998,10.345,16.621,8.802,8.836,15.306,14.648,20.95,16.892,15.179,14.863,11.396,8.026,10.8,17.491,10.792,13.044,7.93,21.845,11.014,10.243,16.576,8.615,8.5,15.208,14.527,20.84,16.809,15.198,14.956,11.465,8.165,10.694,17.688,10.808,13.174,8.052,24.1
2026-01-01 21:10:00,19.372,21.172,20.456,16.619,17.162,21.359,14.946,20.757,20.648,18.221,16.974,16.879,16.915,18.082,18.607,18.784,22.023,20.465,19.252,19.376,21.28,20.43,16.576,17.101,21.115,15.037,20.749,20.579,18.276,17.121,16.949,16.784,18.116,18.532,18.874,21.969,20.549,19.355,21.949,11.04,10.384,16.441,8.534,8.516,15.31,14.609,21.04,16.619,15.171,14.855,11.716,7.935,10.556,17.842,10.667,12.902,8.263,21.845,11.014,10.243,16.576,8.615,8.5,15.208,14.527,20.84,16.809,15.198,14.956,11.465,8.165,10.694,17.688,10.808,13.174,8.052,24.31
2026-01-01 21:12:00,17.358,21.287,20.611,16.377,17.164,21.313,15.204,20.701,20.496,18.215,17.158,16.972,16.827,18.189,18.4,18.736,19.506,20.383,19.343,19.376,21.28,20.43,16.576,17.101,21.115,15.037,20.749,20.579,18.276,17.121,16.949,16.784,18.116,18.532,18.874,21.969,20.549,19.355,22.772,10.924,10.094,16.541,8.496,8.394,15.317,14.402,20.8,16.698,15.307,14.93,11.629,7.973,10.593,17.644,12.485,13.101,8.356,21.845,11.014,10.243,16.576,8.615,8.5,15.208,14.527,20.84,16.809,15.198,14.956,11.465,8.165,10.694,17.688,10.808,13.174,8.052,13.7
2026-01-01 21:14:00,19.414,21.592,20.495,16.579,17.276,21.024,15.079,20.868,20.676,18.325,15.326,16.796,16.765,18.042,18.617,18.858,22.038,20.351,19.475,19.376,21.28,20.43,16.576,17.101,21.115,15.037,20.749,20.579,18.276,17.121,16.949,16.784,18.116,18.532,18.874,21.969,20.549,19.355,21.754,10.954,10.036,16.509,8.938,8.537,15.068,14.67,20.783,16.888,16.352,14.861,11.68,8.17,10.721,17.751,10.945,13.079,7.888,21.845,11.014,10.243,16.576,8.615,8.5,15.208,14.527,20.84,16.809,15.198,14.956,11.465,8.165,10.694,17.688,10.808,13.174,8.052,19.91
2026-01-01 21:16:00,19.271,21.088,20.26,16.499,17.239,21.203,14.892,20.759,20.567,18.083,16.999,16.698,16.677,17.789,18.434,18.759,21.87,20.447,19.497,19.376,21.28,20.43,16.576,17.101,21.115,15.037,20.749,20.579,18.276,17.121,16.949,16.784,18.116,18.532,18.874,21.969,20.549,19.355,21.818,11.149,10.182,16.73,8.365,8.393,15.046,14.222,21.153,16.789,15.504,15.03,11.297,8.361,10.784,17.99,10.924,13.14,8.12,21.845,11.014,10.243,16.576,8.615,8.5,15.208,14.527,20.84,16.809,15.198,14.956,11.465,8.165,10.694,17.688,10.808,13.174,8.052,24.48
2026-01-01 21:18:00,19.333,21.31,20.523,16.687,15.452,21.047,13.081,20.653,20.521,18.276,17.111,17.084,16.771,18.336,18.658,17.212,22.074,20.195,19.524,19.376,21.28,20.43,16.576,17.101,21.115,15.037,20.749,20.579,18.276,17.121,16.949,16.784,18.116,18.532,18.874,21.969,20.549,19.355,21.809,10.849,10.182,16.731,9.475,8.647,17.296,14.546,20.782,16.927,15.115,15.074,11.553,8.15,10.615,20.465,10.783,12.999,8.029,21.845,11.014,10.243,16.576,8.615,8.5,15.208,14.527,20.84,16.809,15.198,14.956,11.465,8.165,10.694,17.688,10.808,13.174,8.052,7.68
2026-01-01 21:20:00,19.426,21.329,20.223,16.886,17.07,21.097,15.175,20.725,20.475,18.356,16.997,17.04,16.801,18.254,18.383,19.027,22.005,20.791,19.275,19.376,21.28,20.43,16.576,17.101,21.115,15.037,20.749,20.579,18.276,17.121,16.949,16.784,18.116,18.532,18.874,21.969,20.549,19.355,21.869,10.958,10.31,16.721,8.411,8.488,15.071,14.418,20.797,16.961,15.37,14.858,11.452,8.126,10.652,17.93,10.942,12.891,8.108,21.845,11.014,10.243,16.576,8.615,8.5,15.208,14.527,20.84,16.809,15.198,14.956,11.465,8.165,10.694,17.688,10.808,13.174,8.052,24.28
2026-01-01 21:22:00,19.604,21.367,20.527,16.487,17.17,21.197,14.935,20.607,20.485,18.455,17.14,17.064,16.82,18.13,18.559,18.824,22.118,20.57,19.383,19.376,21.28,20.43,16.576,17.101,21.115,15.037,20.749,20.579,18.276,17.121,16.949,16.784,18.116,18.532,18.874,21.969,20.549,19.355,21.943,10.834,10.464,16.7,8.859,8.299,15.157,14.407,20.727,16.7,14.989,14.961,11.226,8.31,10.797,17.335,10.677,13.207,8.434,21.845,11.014,10.243,16.576,8.615,8.5,15.208,14.527,20.84,16.809,15.198,14.956,11.465,8.165,10.694,17.688,10.808,13.174,8.052,23.58
2026-01-01 21:24:00,19.206,21.318,20.347,16.515,17.228,20.981,15.012,20.826,20.721,18.212,17.16,16.984,16.646,17.853,18.295,18.948,21.981,20.384,19.277,19.376,21.28,20.43,16.576,17.101,21.115,15.037,20.749,20.579,18.276,17.121,16.949,16.784,18.116,18.532,18.874,21.969,20.549,19.355,21.785,11.221,10.559,16.587,8.431,8.307,14.935,14.549,20.862,16.692,15.418,14.86,11.482,8.304,10.822,17.773,10.89,13.218,8.231,21.845,11.014,10.243,16.576,8.615,8.5,15.208,14.527,20.84,16.809,15.198,14.956,11.465,8.165,10.694,17.688,10.808,13.174,8.052,24.28
2026-01-01 21:26:00,19.327,21.237,20.426,16.847,17.005,21.132,14.942,20.671,20.471,18.247,17.053,16.992,16.81,18.006,18.767,18.731,22.012,20.814,19.268,19.376,21.28,20.43,16.576,17.101,21.115,15.037,20.749,20.579,18.276,17.121,16.949,16.784,18.116,18.532,18.874,21.969,20.549,19.355,21.999,10.87,10.314,16.578,8.57,8.72,15.231,14.573,21.013,16.661,15.113,14.911,11.309,8.201,10.549,17.729,10.814,13.179,8.127,21.845,11.014,10.243,16.576,8.615,8.5,15.208,14.527,20.84,16.809,15.198,14.956,11.465,8.165,10.694,17.688,10.808,13.174,8.052,24.08
2026-01-01 21:28:00,19.538,21.454,20.471,16.35,17.275,21.126,14.97,20.905,20.491,18.406,17.054,17.015,16.652,18.067,18.419,18.787,21.991,20.528,19.378,19.376,21.28,20.43,16.576,17.101,21.115,15.037,20.749,20.579,18.276,17.121,16.949,16.784,18.116,18.532,18.874,21.969,20.549,19.355,21.795,11.121,10.189,16.577,8.603,8.618,15.24,14.394,21.129,16.994,15.214,15.058,11.337,8.29,10.609,17.794,10.828,13.014,8.12,21.845,11.014,10.243,16.576,8.615,8.5,15.208,14.527,20.84,16.809,15.198,14.956,11.465,8.165,10.694,17.688,10.808,13.174,8.052,23.92
2026-01-01 21:30:00,19.533,21.266,20.202,16.541,17.111,21.24,15.163,20.865,20.551,18.355,16.944,17.107,16.838,18.178,18.485,18.881,21.886,20.618,19.192,19.376,21.28,20.43,16.576,17.101,21.115,15.037,20.749,20.579,18.276,17.121,16.949,16.784,18.116,18.532,18.874,21.969,20.549,19.355,21.837,10.947,10.229,16.704,8.65,8.432,15.141,14.501,20.603,16.69,15.126,14.661,11.746,8.148,10.901,17.653,10.805,13.161,7.798,21.845,11.014,10.243,16.576,8.615,8.5,15.208,14.527,20.84,16.809,15.198,14.956,11.465,8.165,10.694,17.688,10.808,13.174,8.052,24.41
2026-01-01 21:32:00,19.495,21.347,20.678,16.572,17.09,21.139,15.041,20.735,20.444,18.14,17.052,16.913,16.639,17.973,18.497,18.965,21.945,20.632,19.474,19.376,21.28,20.43,16.576,17.101,21.115,15.037,20.749,20.579,18.276,17.121,16.949,16.784,18.116,18.532,18.874,21.969,20.549,19.355,21.676,11.087,10.182,16.622,8.651,8.297,15.033,14.379,20.577,16.626,15.191,15.114,11.657,8.253,10.594,17.536,11.042,13.207,7.927,21.845,11.014,10.243,16.576,8.615,8.5,15.208,14.527,20.84,16.809,15.198,14.956,11.465,8.165,10.694,17.688,10.808,13.174,8.052,24.43
2026-01-01 21:34:00,19.47,21.229,20.38,16.348,17.017,21.172,14.904,20.914,20.755,18.23,17.234,15.507,16.656,18.07,18.533,18.852,21.863,20.79,19.391,19.376,21.28,20.43,16.576,17.101,21.115,15.037,20.749,20.579,18.276,17.121,16.949,16.784,18.116,18.532,18.874,21.969,20.549,19.355,21.685,11.345,10.34,16.61,8.634,8.464,15.344,14.628,21.056,16.546,15.299,16.331,11.596,8.249,10.395,17.684,11.032,13.282,7.913,21.845,11.014,10.243,16.576,8.615,8.5,15.208,14.527,20.84,16.809,15.198,14.956,11.465,8.165,10.694,17.688,10.808,13.174,8.052,20.29
2026-01-01 21:36:00,19.411,21.364,20.451,16.548,17.033,20.914,15.22,18.659,20.376,18.177,16.925,17.193,16.829,18.288,18.71,18.944,22.039,20.46,19.345,19.376,21.28,20.43,16.576,17.101,21.115,15.037,20.749,20.579,18.276,17.121,16.949,16.784,18.116,18.532,18.874,21.969,20.549,19.355,21.571,11.193,10.256,16.646,8.488,8.657,15.172,15.4,20.657,16.826,15.245,14.808,11.38,8.234,10.503,17.739,10.941,13.17,7.84,21.845,11.014,10.243,16.576,8.615,8.5,15.208,14.527,20.84,16.809,15.198,14.956,11.465,8.165,10.694,17.688,10.808,13.174,8.052,19.9
2026-01-01 21:38:00,19.302,21.286,20.344,16.732,17.195,21.102,14.832,20.832,20.688,18.267,16.967,17.002,16.913,17.881,18.601,18.652,21.978,20.762,19.366,19.376,21.28,20.43,16.576,17.101,21.115,15.037,20.749,20.579,18.276,17.121,16.949,16.784,18.116,18.532,18.874,21.969,20.549,19.355,21.829,11.18,10.247,16.375,8.733,8.551,15.414,14.742,20.948,16.77,14.889,14.649,11.437,8.063,10.685,17.532,10.654,13.32,8.086,21.845,11.014,10.243,16.576,8.615,8.5,15.208,14.527,20.84,16.809,15.198,14.956,11.465,8.165,10.694,17.688,10.808,13.174,8.052,24.43
2026-01-01 21:40:00,19.434,21.241,20.429,16.864,17.264,21.076,14.99,20.751,20.848,18.301,17.257,16.904,16.628,18.278,18.522,18.779,21.884,20.467,19.281,19.376,21.28,20.43,16.576,17.101,21.115,15.037,20.749,20.579,18.276,17.121,16.949,16.784,18.116,18.532,18.874,21.969,20.549,19.355,21.849,11.252,10.13,16.637,8.467,8.429,15.216,14.488,20.725,16.755,15.332,14.824,11.265,8.388,10.484,17.634,10.61,13.026,8.197,21.845,11.014,10.243,16.576,8.615,8.5,15.208,14.527,20.84,16.809,15.198,14.956,11.465,8.165,10.694,17.688,10.808,13.174,8.052,23.97
2026-01-01 21:42:00,19.187,21.427,20.477,16.696,17.059,21.157,15.057,20.892,20.679,18.319,17.042,16.802,16.686,18.038,18.466,18.723,22.171,20.582,19.109,19.376,21.28,20.43,16.576,17.101,21.115,15.037,20.749,20.579,18.276,17.121,16.949,16.784,18.116,18.532,18.874,21.969,20.549,19.355,21.945,10.959,10.46,16.495,8.77,8.551,15.358,14.519,20.894,16.789,14.813,15.281,11.543,8.169,10.671,17.582,10.709,13.171,8.179,21.845,11.014,10.243,16.576,8.615,8.5,15.208,14.527,20.84,16.809,15.198,14.956,11.465,8.165,10.694,17.688,10.808,13.174,8.052,25.16
2026-01-01 21:44:00,19.242,21.117,20.459,16.707,16.981,21.19,15.003,20.889,20.746,18.313,17.209,16.949,16.739,17.974,18.572,18.866,21.922,20.539,19.333,19.376,21.28,20.43,16.576,17.101,21.115,15.037,20.749,20.579,18.276,17.121,16.949,16.784,18.116,18.532,18.874,21.969,20.549,19.355,21.881,11.037,10.354,16.463,8.76,8.432,15.292,14.428,20.974,16.633,15.465,14.882,11.393,8.045,10.53,17.641,10.579,13.313,8.025,21.845,11.014,10.243,16.576,8.615,8.5,15.208,14.527,20.84,16.809,15.198,14.956,11.465,8.165,10.694,17.688,10.808,13.174,8.052,22.76
2026-01-01 21:46:00,19.249,21.216,20.569,16.548,17.271,20.974,14.872,20.764,20.674,18.196,17.197,17.063,16.915,18.102,18.526,18.674,21.971,20.583,19.527,19.376,21.28,20.43,16.576,17.101,21.115,15.037,20.749,20.579,18.276,17.121,16.949,16.784,18.116,18.532,18.874,21.969,20.549,19.355,21.525,11.01,10.312,16.597,8.521,8.465,14.82,14.316,20.499,16.59,15.286,15.125,11.674,8.059,10.743,17.627,10.852,13.188,7.916,21.845,11.014,10.243,16.576,8.615,8.5,15.208,14.527,20.84,16.809,15.198,14.956,11.465,8.165,10.694,17.688,10.808,13.174,8.052,24.49
2026-01-01 21:48:00,19.221,21.178,20.308,16.686,16.794,20.983,15.287,20.828,20.418,18.268,17.224,17.016,16.757,18.019,18.633,18.874,22.067,20.597,19.299,19.376,21.28,20.43,16.576,17.101,21.115,15.037,20.749,20.579,18.276,17.121,16.949,16.784,18.116,18.532,18.874,21.969,20.549,19.355,22.002,10.931,10.14,16.522,8.506,8.23,15.177,14.575,20.938,16.751,15.432,14.855,11.37,7.801,10.93,17.848,11.0,12.932,8.149,21.845,11.014,10.243,16.576,8.615,8.5,15.208,14.527,20.84,16.809,15.198,14.956,11.465,8.165,10.694,17.688,10.808,13.174,8.052,24.66
2026-01-01 21:50:00,18.443,21.22,20.482,16.5,17.073,21.085,14.957,20.777,20.738,18.501,17.295,15.832,14.975,18.166,18.75,18.722,22.148,20.476,19.495,19.376,21.28,20.43,16.576,17.101,21.115,15.037,20.749,20.579,18.276,17.121,16.949,16.784,18.116,18.532,18.874,21.969,20.549,19.355,23.685,11.183,10.214,16.506,8.614,8.455,15.435,14.689,20.613,16.934,14.825,17.557,12.712,8.115,10.677,18.023,10.908,13.16,8.132,21.845,11.014,10.243,16.576,8.615,8.5,15.208,14.527,20.84,16.809,15.198,14.956,11.465,8.165,10.694,17.688,10.808,13.174,8.052,9.35
2026-01-01 21:52:00,19.319,21.391,20.396,16.349,15.183,21.086,15.04,20.478,20.435,18.187,17.096,16.976,16.685,17.932,18.568,17.967,22.076,18.765,19.433,19.376,21.28,20.43,16.576,17.101,21.115,15.037,20.749,20.579,18.276,17.121,16.949,16.784,18.116,18.532,18.874,21.969,20.549,19.355,21.781,11.151,10.146,16.508,11.103,8.667,15.225,14.483,20.606,16.943,15.132,14.989,11.417,8.203,10.72,19.166,10.54,15.496,7.79,21.845,11.014,10.243,16.576,8.615,8.5,15.208,14.527,20.84,16.809,15.198,14.956,11.465,8.165,10.694,17.688,10.808,13.174,8.052,6.76
2026-01-01 21:54:00,19.268,21.313,20.441,16.631,16.988,21.1,14.934,20.729,20.655,18.636,17.125,17.035,16.798,18.253,18.588,19.001,22.012,20.839,19.522,19.376,21.28,20.43,16.576,17.101,21.115,15.037,20.749,20.579,18.276,17.121,16.949,16.784,18.116,18.532,18.874,21.969,20.549,19.355,21.936,11.01,10.4,16.673,8.7,8.392,15.241,14.652,20.982,16.839,15.17,14.843,11.406,8.082,10.849,17.854,10.772,13.076,8.158,21.845,11.014,10.243,16.576,8.615,8.5,15.208,14.527,20.84,16.809,15.198,14.956,11.465,8.165,10.694,17.688,10.808,13.174,8.052,24.31
2026-01-01 21:56:00,19.17,21.317,20.439,16.31,16.997,21.06,14.948,20.765,20.363,18.366,17.215,16.992,16.745,18.117,18.476,19.013,22.03,20.79,19.311,19.376,21.28,20.43,16.576,17.101,21.115,15.037,20.749,20.579,18.276,17.121,16.949,16.784,18.116,18.532,18.874,21.969,20.549,19.355,22.025,11.101,10.052,16.328,8.846,8.628,15.13,14.513,20.817,16.809,15.045,15.081,11.357,7.99,10.857,17.692,10.978,13.211,8.184,21.845,11.014,10.243,16.576,8.615,8.5,15.208,14.527,20.84,16.809,15.198,14.956,11.465,8.165,10.694,17.688,10.808,13.174,8.052,24.0
2026-01-01 21:58:00,19.551,21.212,20.41,16.451,17.165,21.108,15.112,20.929,20.573,18.322,17.23,16.943,16.719,18.159,18.593,18.969,22.07,20.469,19.41,19.376,21.28,20.43,16.576,17.101,21.115,15.037,20.749,20.579,18.276,17.121,16.949,16.784,18.116,18.532,18.874,21.969,20.549,19.355,22.084,11.049,10.394,16.484,8.672,8.133,15.183,14.394,20.578,16.898,15.193,15.016,11.246,8.198,11.005,17.777,10.611,13.269,8.07,21.845,11.014,10.243,16.576,8.615,8.5,15.208,14.527,20.84,16.809,15.198,14.956,11.465,8.165,10.694,17.688,10.808,13.174,8.052,24.31
2026-01-01 22:00:00,19.525,21.225,20.474,16.503,17.122,21.325,15.059,20.633,20.622,18.302,17.256,16.785,15.097,18.107,18.346,19.012,21.726,19.4,19.178,19.376,21.28,20.43,16.576,17.101,21.115,15.037,20.749,20.579,18.276,17.121,16.949,16.784,18.116,18.532,18.874,21.969,20.549,19.355,21.739,10.884,10.263,16.252,8.763,8.6,15.28,14.63,21.02,16.591,15.218,15.035,13.438,8.097,10.677,17.788,10.893,16.372,7.785,21.845,11.014,10.243,16.576,8.615,8.5,15.208,14.527,20.84,16.809,15.198,14.956,11.465,8.165,10.694,17.688,10.808,13.174,8.052,13.56
2026-01-01 22:02:00,19.298,21.378,20.503,16.689,17.175,20.871,15.074,20.527,20.52,18.229,17.057,17.009,16.688,18.325,18.605,19.017,22.061,20.657,19.351,19.376,21.28,20.43,16.576,17.101,21.115,15.037,20.749,20.579,18.276,17.121,16.949,16.784,18.116,18.532,18.874,21.969,20.549,19.355,21.848,10.971,10.28,16.58,8.514,8.532,15.01,14.364,20.68,16.833,15.306,15.13,11.261,8.119,10.855,17.685,11.007,13.388,7.972,21.845,11.014,10.243,16.576,8.615,8.5,15.208,14.527,20.84,16.809,15.198,14.956,11.465,8.165,10.694,17.688,10.808,13.174,8.052,23.98
2026-01-01 22:04:00,19.613,21.155,20.486,16.578,17.075,21.154,14.948,20.854,20.675,18.288,17.211,16.825,16.568,18.047,18.504,19.175,21.942,20.674,17.044,19.376,21.28,20.43,16.576,17.101,21.115,15.037,20.749,20.579,18.276,17.121,16.949,16.784,18.116,18.532,18.874,21.969,20.549,19.355,21.772,11.022,10.13,16.566,8.569,8.764,15.205,14.432,20.836,16.839,14.876,14.785,11.248,8.129,10.758,17.549,10.562,13.267,9.236,21.845,11.014,10.243,16.576,8.615,8.5,15.208,14.527,20.84,16.809,15.198,14.956,11.465,8.165,10.694,17.688,10.808,13.174,8.052,18.72
2026-01-01 22:06:00,17.396,21.296,20.509,16.554,16.998,20.995,14.944,20.921,20.615,18.258,17.124,16.882,16.781,15.842,18.611,18.985,21.773,20.578,19.522,19.376,21.28,20.43,16.576,17.101,21.115,15.037,20.749,20.579,18.276,17.121,16.949,16.784,18.116,18.532,18.874,21.969,20.549,19.355,23.682,11.084,10.375,16.492,8.459,8.314,15.061,14.539,21.232,16.87,15.102,14.923,11.402,10.677,10.682,17.734,10.824,13.05,8.041,21.845,11.014,10.243,16.576,8.615,8.5,15.208,14.527,20.84,16.809,15.198,14.956,11.465,8.165,10.694,17.688,10.808,13.174,8.052,11.14
2026-01-01 22:08:00,19.254,21.252,20.451,16.71,17.174,21.09,15.098,20.874,20.628,18.5,17.173,16.824,16.691,18.101,18.508,18.95,22.012,20.756,19.454,19.376,21.28,20.43,16.576,17.101,21.115,15.037,20.749,20.579,18.276,17.121,16.949,16.784,18.116,18.532,18.874,21.969,20.549,19.355,21.735,10.956,9.967,16.677,8.562,8.101,15.166,14.617,21.274,16.67,15.423,14.806,11.608,8.267,10.658,17.517,10.65,13.328,8.27,21.845,11.014,10.243,16.576,8.615,8.5,15.208,14.527,20.84,16.809,15.198,14.956,11.465,8.165,10.694,17.688,10.808,13.174,8.052,23.75
2026-01-01 22:10:00,19.555,21.19,20.38,16.66,17.114,21.192,15.068,20.676,20.786,18.414,16.936,16.877,16.789,18.199,18.525,18.713,22.07,20.526,,19.376,21.28,20.43,16.576,17.101,21.115,15.037,20.749,20.579,18.276,17.121,16.949,16.784,18.116,18.532,18.874,21.969,20.549,19.355,21.803,10.978,10.139,16.584,8.536,8.653,15.334,14.592,20.691,16.59,15.113,15.152,11.573,8.139,10.825,17.771,10.672,13.394,8.213,21.845,11.014,10.243,16.576,8.615,8.5,15.208,14.527,20.84,16.809,15.198,14.956,11.465,8.165,10.694,17.688,10.808,13.174,8.052,23.74
2026-01-01 22:12:00,19.414,21.403,20.532,16.685,17.042,21.24,15.064,20.601,20.534,18.237,17.18,17.034,16.653,18.205,18.527,18.75,22.071,20.46,19.215,19.376,21.28,20.43,16.576,17.101,21.115,15.037,20.749,20.579,18.276,17.121,16.949,16.784,18.116,18.532,18.874,21.969,20.549,19.355,21.666,10.963,10.364,16.818,8.808,8.353,15.129,14.71,20.732,16.848,15.146,15.04,11.26,7.968,10.545,17.981,11.099,13.441,7.961,21.845,11.014,10.243,16.576,8.615,8.5,15.208,14.527,20.84,16.809,15.198,14.956,11.465,8.165,10.694,17.688,10.808,13.174,8.052,24.09
2026-01-01 22:14:00,19.469,21.391,20.353,16.706,17.224,21.056,15.279,20.744,20.609,17.993,17.2,16.878,16.84,17.914,18.673,19.052,22.198,20.198,19.429,19.376,21.28,20.43,16.576,17.101,21.115,15.037,20.749,20.579,18.276,17.121,16.949,16.784,18.116,18.532,18.874,21.969,20.549,19.355,21.702,11.071,10.192,16.402,8.691,8.34,15.376,14.561,20.784,16.606,15.186,14.951,11.556,8.175,10.684,17.486,10.713,13.173,8.113,21.845,11.014,10.243,16.576,8.615,8.5,15.208,14.527,20.84,16.809,15.198,14.956,11.465,8.165,10.694,17.688,10.808,13.174,8.052,24.1
2026-01-01 22:16:00,19.42,20.922,20.346,15.052,17.275,21.019,15.065,20.746,20.627,18.232,17.232,17.07,16.625,18.254,18.447,18.846,22.108,19.412,19.429,19.376,21.28,20.43,16.576,17.101,21.115,15.037,20.749,20.579,18.276,17.121,16.949,16.784,18.116,18.532,18.874,21.969,20.549,19.355,21.8,10.791,10.071,18.16,8.695,8.446,15.037,14.501,20.808,17.008,15.188,14.865,11.452,8.229,10.406,17.62,10.643,14.71,7.986,21.845,11.014,10.243,16.576,8.615,8.5,15.208,14.527,20.84,16.809,15.198,14.956,11.465,8.165,10.694,17.688,10.808,13.174,8.052,15.7
2026-01-01 22:18:00,19.475,21.357,20.37,16.468,17.188,21.211,15.085,20.731,20.688,18.278,16.963,16.988,16.85,18.214,18.431,18.79,22.014,20.501,19.353,19.376,21.28,20.43,16.576,17.101,21.115,15.037,20.749,20.579,18.276,17.121,16.949,16.784,18.116,18.532,18.874,21.969,20.549,19.355,22.043,11.115,10.278,16.41,8.651,8.574,14.965,14.265,21.024,16.958,15.2,15.101,11.597,8.514,10.275,17.733,10.977,13.216,7.945,21.845,11.014,10.243,16.576,8.615,8.5,15.208,14.527,20.84,16.809,15.198,14.956,11.465,8.165,10.694,17.688,10.808,13.174,8.052,24.62
2026-01-01 22:20:00,19.494,21.334,20.655,16.618,17.313,21.249,15.349,20.758,20.577,18.44,17.068,16.902,16.822,18.169,18.373,18.914,21.94,20.555,19.386,19.376,21.28,20.43,16.576,17.101,21.115,15.037,20.749,20.579,18.276,17.121,16.949,16.784,18.116,18.532,18.874,21.969,20.549,19.355,21.64,11.207,10.542,16.275,8.444,8.588,15.327,14.435,20.618,16.966,15.392,14.668,11.463,8.23,10.675,17.883,10.848,13.245,8.084,21.845,11.014,10.243,16.576,8.615,8.5,15.208,14.527,20.84,16.809,15.198,14.956,11.465,8.165,10.694,17.688,10.808,13.174,8.052,24.09
2026-01-01 22:22:00,19.362,21.418,20.498,16.564,17.12,21.249,15.141,20.91,20.574,18.303,16.535,16.956,16.996,18.228,18.492,18.719,22.056,20.476,19.283,19.376,21.28,20.43,16.576,17.101,21.115,15.037,20.749,20.579,18.276,17.121,16.949,16.784,18.116,18.532,18.874,21.969,20.549,19.355,21.627,11.343,10.151,16.569,8.805,8.599,15.176,14.196,20.838,16.973,18.018,14.733,11.645,8.491,10.841,17.848,10.544,13.085,7.696,21.845,11.014,10.243,16.576,8.615,8.5,15.208,14.527,20.84,16.809,15.198,14.956,11.465,8.165,10.694,17.688,10.808,13.174,8.052,18.0
2026-01-01 22:24:00,19.181,21.434,20.454,16.592,15.259,21.156,15.06,20.822,20.559,17.98,17.222,14.524,16.799,18.317,18.378,18.542,22.158,20.611,19.172,19.376,21.28,20.43,16.576,17.101,21.115,15.037,20.749,20.579,18.276,17.121,16.949,16.784,18.116,18.532,18.874,21.969,20.549,19.355,21.993,11.097,9.857,16.668,9.651,8.369,15.166,14.749,20.624,16.871,15.346,17.366,11.408,8.194,10.764,17.806,11.052,12.949,8.042,21.845,11.014,10.243,16.576,8.615,8.5,15.208,14.527,20.84,16.809,15.198,14.956,11.465,8.165,10.694,17.688,10.808,13.174,8.052,14.11
2026-01-01 22:26:00,19.34,21.367,20.298,16.655,17.366,21.293,15.046,20.8,20.479,18.304,17.094,16.843,16.637,18.358,18.555,18.765,21.931,20.738,19.561,19.376,21.28,20.43,16.576,17.101,21.115,15.037,20.749,20.579,18.276,17.121,16.949,16.784,18.116,18.532,18.874,21.969,20.549,19.355,21.824,11.252,10.063,16.835,8.488,8.376,14.998,14.497,20.767,16.822,15.168,15.057,11.526,7.795,10.866,17.687,10.797,13.092,8.185,21.845,11.014,10.243,16.576,8.615,8.5,15.208,14.527,20.84,16.809,15.198,14.956,11.465,8.165,10.694,17.688,10.808,13.174,8.052,25.12
2026-01-01 22:28:00,19.315,21.316,20.548,16.548,16.974,21.011,15.051,20.669,20.438,18.26,17.245,17.043,16.769,18.355,18.451,18.878,21.818,20.654,19.353,19.376,21.28,20.43,16.576,17.101,21.115,15.037,20.749,20.579,18.276,17.121,16.949,16.784,18.116,18.532,18.874,21.969,20.549,19.355,21.788,11.177,10.065,16.817,8.806,8.311,15.324,14.442,20.654,16.729,15.212,14.852,11.536,8.342,10.474,17.387,10.792,13.196,8.06,21.845,11.014,10.243,16.576,8.615,8.5,15.208,14.527,20.84,16.809,15.198,14.956,11.465,8.165,10.694,17.688,10.808,13.174,8.052,24.5
2026-01-01 22:30:00,19.188,21.194,20.656,16.675,17.126,21.23,14.859,20.662,20.433,18.189,17.088,17.024,16.916,18.244,18.863,18.827,21.978,20.621,19.268,19.376,21.28,20.43,16.576,17.101,21.115,15.037,20.749,20.579,18.276,17.121,16.949,16.784,18.116,18.532,18.874,21.969,20.549,19.355,21.951,11.096,9.945,16.567,8.479,8.465,14.989,14.595,20.812,16.707,14.974,15.19,11.593,8.249,10.578,17.542,11.026,13.091,8.171,21.845,11.014,10.243,16.576,8.615,8.5,15.208,14.527,20.84,16.809,15.198,14.956,11.465,8.165,10.694,17.688,10.808,13.174,8.052,23.27
2026-01-01 22:32:00,19.353,21.341,20.336,16.644,17.258,20.993,14.776,20.77,20.467,18.307,17.079,16.996,16.93,18.224,18.5,18.746,21.683,20.3,19.271,19.376,21.28,20.43,16.576,17.101,21.115,15.037,20.749,20.579,18.276,17.121,16.949,16.784,18.116,18.532,18.874,21.969,20.549,19.355,22.138,10.757,10.036,16.632,8.363,8.441,15.123,14.654,20.634,16.829,15.287,14.782,11.306,8.307,10.81,17.447,10.578,13.424,8.071,21.845,11.014,10.243,16.576,8.615,8.5,15.208,14.527,20.84,16.809,15.198,14.956,11.465,8.165,10.694,17.688,10.808,13.174,8.052,23.21
2026-01-01 22:34:00,19.397,21.21,20.368,16.395,16.914,20.918,15.119,20.521,20.668,18.175,17.192,16.984,16.88,,18.444,18.763,21.921,20.46,19.438,19.376,21.28,20.43,16.576,17.101,21.115,15.037,20.749,20.579,18.276,17.121,16.949,16.784,18.116,18.532,18.874,21.969,20.549,19.355,21.749,11.022,10.223,16.642,8.846,8.709,15.101,14.447,20.783,17.055,15.363,14.666,11.399,8.088,10.866,17.868,10.729,13.02,8.072,21.845,11.014,10.243,16.576,8.615,8.5,15.208,14.527,20.84,16.809,15.198,14.956,11.465,8.165,10.694,17.688,10.808,13.174,8.052,24.1
2026-01-01 22:36:00,19.365,21.284,20.482,16.522,17.234,20.898,15.066,20.81,20.489,18.194,17.23,16.912,16.556,17.955,18.653,18.77,22.125,20.712,19.332,19.376,21.28,20.43,16.576,17.101,21.115,15.037,20.749,20.579,18.276,17.121,16.949,16.784,18.116,18.532,18.874,21.969,20.549,19.355,21.92,11.048,10.068,16.533,8.698,8.55,15.293,14.395,20.773,16.822,14.747,14.912,11.541,8.226,10.622,17.66,10.912,13.152,7.824,21.845,11.014,10.243,16.576,8.615,8.5,15.208,14.527,20.84,16.809,15.198,14.956,11.465,8.165,10.694,17.688,10.808,13.174,8.052,23.28
2026-01-01 22:38:00,19.441,21.182,20.382,16.493,17.172,20.962,15.021,20.754,20.641,18.022,16.907,16.844,16.757,18.132,18.554,17.801,22.046,20.618,19.296,19.376,21.28,20.43,16.576,17.101,21.115,15.037,20.749,20.579,18.276,17.121,16.949,16.784,18.116,18.532,18.874,21.969,20.549,19.355,21.911,10.755,10.112,16.888,8.66,8.623,15.293,14.644,20.856,16.928,15.212,14.825,11.518,8.184,10.83,20.505,11.022,13.04,8.1,21.845,11.014,10.243,16.576,8.615,8.5,15.208,14.527,20.84,16.809,15.198,14.956,11.465,8.165,10.694,17.688,10.808,13.174,8.052,18.43
2026-01-01 22:40:00,19.468,21.362,20.509,16.562,17.174,21.295,12.935,20.49,20.676,18.362,17.092,16.895,15.996,18.059,18.385,18.816,22.027,20.474,19.307,19.376,21.28,20.43,16.576,17.101,21.115,15.037,20.749,20.579,18.276,17.121,16.949,16.784,18.116,18.532,18.874,21.969,20.549,19.355,22.107,10.934,10.141,16.506,8.527,8.38,16.614,14.449,20.858,16.655,15.515,14.804,12.733,8.308,10.596,17.707,11.05,12.989,8.308,21.845,11.014,10.243,16.576,8.615,8.5,15.208,14.527,20.84,16.809,15.198,14.956,11.465,8.165,10.694,17.688,10.808,13.174,8.052,15.91
2026-01-01 22:42:00,19.41,21.228,20.443,16.57,16.973,21.122,14.897,20.858,20.466,18.245,16.903,16.894,16.633,18.291,18.515,18.934,21.758,20.399,19.333,19.376,21.28,20.43,16.576,17.101,21.115,15.037,20.749,20.579,18.276,17.121,16.949,16.784,18.116,18.532,18.874,21.969,20.549,19.355,21.768,10.601,10.261,16.498,8.407,8.867,15.138,14.246,20.83,16.963,15.324,14.918,11.4,8.12,10.509,17.751,10.857,13.38,7.9,21.845,11.014,10.243,16.576,8.615,8.5,15.208,14.527,20.84,16.809,15.198,14.956,11.465,8.165,10.694,17.688,10.808,13.174,8.052,24.36
2026-01-01 22:44:00,19.212,21.414,20.379,16.592,17.135,21.094,15.126,20.666,20.62,18.415,17.144,15.892,16.742,18.12,17.324,18.843,21.766,20.565,19.335,19.376,21.28,20.43,16.576,17.101,21.115,15.037,20.749,20.579,18.276,17.121,16.949,16.784,18.116,18.532,18.874,21.969,20.549,19.355,22.098,11.19,10.38,16.543,8.72,8.452,15.36,14.523,20.723,16.778,15.054,17.015,11.429,8.039,12.63,17.694,11.002,13.083,8.123,21.845,11.014,10.243,16.576,8.615,8.5,15.208,14.527,20.84,16.809,15.198,14.956,11.465,8.165,10.694,17.688,10.808,13.174,8.052,15.38
2026-01-01 22:46:00,19.428,18.999,20.613,16.431,16.983,21.189,14.912,19.237,20.574,18.04,17.197,17.108,16.805,17.947,18.622,18.748,21.951,20.594,19.26,19.376,21.28,20.43,16.576,17.101,21.115,15.037,20.749,20.579,18.276,17.121,16.949,16.784,18.116,18.532,18.874,21.969,20.549,19.355,21.765,13.028,10.298,16.925,8.277,8.511,15.453,15.489,20.975,16.819,15.259,14.864,11.395,7.888,10.621,17.646,10.691,13.409,8.069,21.845,11.014,10.243,16.576,8.615,8.5,15.208,14.527,20.84,16.809,15.198,14.956,11.465,8.165,10.694,17.688,10.808,13.174,8.052,13.86
2026-01-01 22:48:00,19.173,21.26,20.421,16.472,17.006,21.199,15.023,20.69,20.506,18.292,17.129,16.925,16.617,18.068,18.454,18.878,22.1,20.656,19.427,19.376,21.28,20.43,16.576,17.101,21.115,15.037,20.749,20.579,18.276,17.121,16.949,16.784,18.116,18.532,18.874,21.969,20.549,19.355,22.028,11.07,10.085,16.55,8.59,8.431,15.347,14.626,20.793,16.883,15.068,14.885,11.662,8.332,10.833,17.931,10.817,13.137,8.098,21.845,11.014,10.243,16.576,8.615,8.5,15.208,14.527,20.84,16.809,15.198,14.956,11.465,8.165,10.694,17.688,10.808,13.174,8.052,23.43
2026-01-01 22:50:00,19.385,21.239,19.101,16.517,17.057,21.012,15.026,20.735,20.791,18.336,17.073,16.066,16.725,18.23,18.619,19.208,21.838,18.788,19.338,19.376,21.28,20.43,16.576,17.101,21.115,15.037,20.749,20.579,18.276,17.121,16.949,16.784,18.116,18.532,18.874,21.969,20.549,19.355,22.002,11.231,12.98,16.573,8.795,8.589,15.245,14.422,20.823,16.833,15.236,17.243,11.63,8.189,10.665,17.644,10.867,14.458,8.141,21.845,11.014,10.243,16.576,8.615,8.5,15.208,14.527,20.84,16.809,15.198,14.956,11.465,8.165,10.694,17.688,10.808,13.174,8.052,7.87
2026-01-01 22:52:00,19.406,21.359,20.312,16.488,17.132,21.224,14.902,20.564,20.709,18.369,17.243,16.832,16.757,18.138,18.579,18.856,21.959,20.662,19.301,19.376,21.28,20.43,16.576,17.101,21.115,15.037,20.749,20.579,18.276,17.121,16.949,16.784,18.116,18.532,18.874,21.969,20.549,19.355,21.93,10.942,10.433,16.416,8.304,8.609,15.315,14.415,20.772,16.952,15.344,14.871,11.371,8.249,10.894,18.013,10.826,13.239,7.925,21.845,11.014,10.243,16.576,8.615,8.5,15.208,14.527,20.84,16.809,15.198,14.956,11.465,8.165,10.694,17.688,10.808,13.174,8.052,24.8
2026-01-01 22:54:00,19.308,21.226,20.367,16.588,17.073,21.06,15.197,20.779,20.536,18.418,17.053,16.945,16.769,18.045,18.483,18.88,21.799,20.5,19.38,19.376,21.28,20.43,16.576,17.101,21.115,15.037,20.749,20.579,18.276,17.121,16.949,16.784,18.116,18.532,18.874,21.969,20.549,19.355,21.816,10.645,9.956,16.754,8.666,8.396,15.374,14.503,20.762,16.69,15.171,15.191,11.396,8.466,10.791,17.863,10.813,12.984,8.202,21.845,11.014,10.243,16.576,8.615,8.5,15.208,14.527,20.84,16.809,15.198,14.956,11.465,8.165,10.694,17.688,10.808,13.174,8.052,24.42
2026-01-01 22:56:00,19.403,21.311,20.695,16.649,17.081,21.097,15.032,20.794,20.541,18.445,16.99,17.017,16.838,17.98,18.6,18.934,21.891,20.81,19.432,19.376,21.28,20.43,16.576,17.101,21.115,15.037,20.749,20.579,18.276,17.121,16.949,16.784,18.116,18.532,18.874,21.969,20.549,19.355,21.685,11.183,10.38,16.561,8.492,8.393,15.303,14.399,20.406,16.597,15.351,15.02,11.329,8.105,10.642,18.047,10.628,13.03,8.048,21.845,11.014,10.243,16.576,8.615,8.5,15.208,14.527,20.84,16.809,15.198,14.956,11.465,8.165,10.694,17.688,10.808,13.174,8.052,23.09
2026-01-01 22:58:00,19.334,21.222,20.34,16.602,17.104,20.949,14.914,20.663,20.529,18.23,17.041,17.018,16.888,18.12,18.277,18.852,22.028,20.535,19.382,19.376,21.28,20.43,16.576,17.101,21.115,15.037,20.749,20.579,18.276,17.121,16.949,16.784,18.116,18.532,18.874,21.969,20.549,19.355,21.904,10.939,10.368,16.581,8.522,8.405,15.18,14.512,20.899,16.995,15.163,15.076,11.588,8.085,10.368,17.7,10.849,13.367,7.739,21.845,11.014,10.243,16.576,8.615,8.5,15.208,14.527,20.84,16.809,15.198,14.956,11.465,8.165,10.694,17.688,10.808,13.174,8.052,24.13
2026-01-01 23:00:00,19.383,21.106,20.137,16.643,17.037,21.158,14.998,20.725,20.731,18.134,17.115,16.82,16.788,18.165,18.601,18.887,21.807,20.572,19.452,19.376,21.28,20.43,16.576,17.101,21.115,15.037,20.749,20.579,18.276,17.121,16.949,16.784,18.116,18.532,18.874,21.969,20.549,19.355,21.939,10.985,10.301,16.754,8.669,8.593,15.259,14.356,20.887,16.753,15.254,14.692,11.577,8.204,10.674,17.635,10.959,13.228,8.166,21.845,11.014,10.243,16.576,8.615,8.5,15.208,14.527,20.84,16.809,15.198,14.956,11.465,8.165,10.694,17.688,10.808,13.174,8.052,23.8
2026-01-01 23:02:00,19.484,20.277,20.489,16.456,17.037,21.12,15.152,20.614,20.679,18.345,17.018,17.014,16.692,18.11,18.493,18.897,21.829,20.604,19.103,19.376,21.28,20.43,16.576,17.101,21.115,15.037,20.749,20.579,18.276,17.121,16.949,16.784,18.116,18.532,18.874,21.969,20.549,19.355,21.917,13.289,10.294,16.706,8.55,8.575,15.234,14.724,20.845,16.798,15.095,14.873,11.531,8.343,10.45,17.615,10.856,13.254,7.94,21.845,11.014,10.243,16.576,8.615,8.5,15.208,14.527,20.84,16.809,15.198,14.956,11.465,8.165,10.694,17.688,10.808,13.174,8.052,18.95
2026-01-01 23:04:00,19.325,21.211,20.605,16.633,17.041,21.009,15.036,20.672,20.829,17.955,17.124,16.665,16.898,18.019,18.71,18.808,22.087,20.567,19.485,19.376,21.28,20.43,16.576,17.101,21.115,15.037,20.749,20.579,18.276,17.121,16.949,16.784,18.116,18.532,18.874,21.969,20.549,19.355,21.707,10.987,10.327,16.652,8.548,8.562,15.164,14.484,20.97,16.811,15.303,15.038,11.408,8.079,10.726,17.684,11.036,13.236,8.075,21.845,11.014,10.243,16.576,8.615,8.5,15.208,14.527,20.84,16.809,15.198,14.956,11.465,8.165,10.694,17.688,10.808,13.174,8.052,24.24
2026-01-01 23:06:00,19.374,20.937,20.343,16.394,16.404,21.172,15.033,20.796,20.597,18.206,17.339,16.972,16.758,17.944,18.457,18.871,21.944,20.49,19.345,19.376,21.28,20.43,16.576,17.101,21.115,15.037,20.749,20.579,18.276,17.121,16.949,16.784,18.116,18.532,18.874,21.969,20.549,19.355,21.692,10.964,10.338,16.373,9.96,8.588,15.281,14.45,20.837,16.741,15.186,15.102,11.586,8.504,10.918,17.755,10.787,13.333,8.109,21.845,11.014,10.243,16.576,8.615,8.5,15.208,14.527,20.84,16.809,15.198,14.956,11.465,8.165,10.694,17.688,10.808,13.174,8.052,21.42
2026-01-01 23:08:00,19.243,21.277,20.249,16.474,17.013,21.209,15.088,20.753,20.444,18.226,17.208,17.087,16.612,18.062,18.54,18.91,21.965,20.62,19.186,19.376,21.28,20.43,16.576,17.101,21.115,15.037,20.749,20.579,18.276,17.121,16.949,16.784,18.116,18.532,18.874,21.969,20.549,19.355,21.898,11.137,10.256,16.496,8.705,8.46,15.121,14.625,20.707,16.626,15.492,15.08,11.434,8.216,10.707,17.596,10.715,13.005,8.129,21.845,11.014,10.243,16.576,8.615,8.5,15.208,14.527,20.84,16.809,15.198,14.956,11.465,8.165,10.694,17.688,10.808,13.174,8.052,23.39
2026-01-01 23:10:00,19.549,21.146,20.432,16.632,17.23,21.214,15.132,20.89,20.558,18.357,17.293,16.859,16.621,17.997,18.69,19.013,21.924,20.573,19.406,19.376,21.28,20.43,16.576,17.101,21.115,15.037,20.749,20.579,18.276,17.121,16.949,16.784,18.116,18.532,18.874,21.969,20.549,19.355,22.046,11.237,10.28,16.805,8.653,8.676,15.44,14.481,20.885,16.799,15.122,14.996,11.654,8.391,10.635,17.706,11.106,13.111,8.055,21.845,11.014,10.243,16.576,8.615,8.5,15.208,14.527,20.84,16.809,15.198,14.956,11.465,8.165,10.694,17.688,10.808,13.174,8.052,23.72
2026-01-01 23:12:00,19.492,21.062,20.363,16.544,17.135,21.121,14.998,20.779,20.283,18.625,17.213,17.048,16.706,18.16,18.764,19.08,21.975,20.404,19.371,19.376,21.28,20.43,16.576,17.101,21.115,15.037,20.749,20.579,18.276,17.121,16.949,16.784,18.116,18.532,18.874,21.969,20.549,19.355,22.162,11.005,10.379,16.585,8.409,8.605,14.969,14.324,21.047,16.929,15.197,15.115,11.665,8.243,10.524,17.549,10.985,13.181,8.248,21.845,11.014,,16.576,8.615,8.5,15.208,14.527,20.84,16.809,15.198,14.956,11.465,8.165,10.694,17.688,10.808,13.174,8.052,24.69
2026-01-01 23:14:00,19.339,21.376,20.281,16.553,17.13,21.059,15.156,20.616,20.436,18.233,17.214,16.912,16.714,18.206,18.556,18.812,21.981,20.519,19.423,19.376,21.28,20.43,16.576,17.101,21.115,15.037,20.749,20.579,18.276,17.121,16.949,16.784,18.116,18.532,18.874,21.969,20.549,19.355,21.723,11.123,9.99,16.691,8.686,8.683,14.938,14.354,20.749,16.889,15.453,15.144,11.276,8.104,10.914,17.805,10.625,13.278,8.157,21.845,11.014,10.243,16.576,8.615,8.5,15.208,14.527,20.84,16.809,15.198,14.956,11.465,8.165,10.694,17.688,10.808,13.174,8.052,23.79
2026-01-01 23:16:00,19.39,21.187,20.373,16.527,17.142,21.156,14.939,20.725,20.613,18.4,17.148,17.171,16.785,18.198,18.492,18.758,21.979,20.602,19.39,19.376,21.28,20.43,16.576,17.101,21.115,15.037,20.749,20.579,18.276,17.121,16.949,16.784,18.116,18.532,18.874,21.969,20.549,19.355,21.986,11.037,10.317,16.739,8.682,8.675,15.352,14.65,20.807,16.931,15.355,14.892,11.351,8.251,10.809,17.592,10.883,13.496,7.776,21.845,11.014,10.243,16.576,8.615,8.5,15.208,14.527,20.84,16.809,15.198,14.956,11.465,8.165,10.694,17.688,10.808,13.174,8.052,24.49
2026-01-01 23:18:00,19.39,21.24,18.089,16.54,15.816,21.222,14.657,20.816,20.702,18.419,17.163,17.024,16.731,18.103,17.96,18.746,21.875,20.569,19.2,19.376,21.28,20.43,16.576,17.101,21.115,15.037,20.749,20.579,18.276,17.121,16.949,16.784,18.116,18.532,18.874,21.969,20.549,19.355,21.923,11.068,12.04,16.582,9.632,8.498,15.154,14.657,21.146,16.805,15.326,15.149,11.321,8.126,11.515,17.672,10.978,13.084,8.261,21.845,11.014,10.243,16.576,8.615,8.5,15.208,14.527,20.84,16.809,15.198,14.956,11.465,8.165,10.694,17.688,10.808,13.174,8.052,13.31
2026-01-01 23:20:00,19.379,21.108,20.45,16.577,17.034,21.004,14.976,20.489,20.532,18.287,17.258,16.888,16.762,18.273,18.729,18.816,22.087,20.682,19.412,19.376,21.28,20.43,16.576,17.101,21.115,15.037,20.749,20.579,18.276,17.121,16.949,16.784,18.116,18.532,18.874,21.969,20.549,19.355,22.171,10.916,10.289,16.706,8.463,8.222,15.227,14.408,20.86,16.707,15.136,14.876,11.492,8.312,10.724,17.768,10.646,13.423,8.231,21.845,11.014,10.243,16.576,8.615,8.5,15.208,14.527,20.84,16.809,15.198,14.956,11.465,8.165,10.694,17.688,10.808,13.174,8.052,23.88
2026-01-01 23:22:00,19.26,21.17,20.494,16.843,17.078,21.293,15.253,20.603,20.508,18.447,17.231,17.01,16.781,18.186,18.457,19.16,21.834,20.339,19.37,19.376,21.28,20.43,16.576,17.101,21.115,15.037,20.749,20.579,18.276,17.121,16.949,16.784,18.116,18.532,18.874,21.969,20.549,19.355,22.099,11.023,10.147,16.663,8.463,8.503,15.187,14.507,20.62,16.941,15.004,14.978,11.445,7.887,10.802,17.695,11.08,13.445,7.934,21.845,11.014,10.243,16.576,8.615,8.5,15.208,14.527,20.84,16.809,15.198,14.956,11.465,8.165,10.694,17.688,10.808,13.174,8.052,23.91
2026-01-01 23:24:00,19.54,21.222,20.421,16.457,17.09,20.996,14.919,20.577,20.514,18.488,17.112,16.969,17.039,18.04,18.415,18.932,21.824,20.585,19.486,19.376,21.28,20.43,16.576,17.101,21.115,15.037,20.749,20.579,18.276,17.121,16.949,16.784,18.116,18.532,18.874,21.969,20.549,19.355,21.543,11.017,10.382,16.553,8.885,8.523,15.106,14.495,20.873,16.976,15.121,14.969,11.571,8.12,10.713,17.828,10.889,13.292,7.975,21.845,11.014,10.243,16.576,8.615,8.5,15.208,14.527,20.84,16.809,15.198,14.956,11.465,8.165,10.694,17.688,10.808,13.174,8.052,24.42
2026-01-01 23:26:00,19.249,21.218,20.623,16.452,17.02,19.928,13.989,20.648,20.762,18.206,17.157,16.899,16.755,17.955,18.636,18.823,22.113,18.519,19.297,19.376,21.28,20.43,16.576,17.101,21.115,15.037,20.749,20.579,18.276,17.121,16.949,16.784,18.116,18.532,18.874,21.969,20.549,19.355,21.638,10.886,10.186,16.652,8.556,9.608,17.11,14.576,20.778,16.975,15.287,15.005,11.374,8.423,10.753,17.836,10.893,14.309,7.999,21.845,11.014,10.243,16.576,8.615,8.5,15.208,14.527,20.84,16.809,15.198,14.956,11.465,8.165,10.694,17.688,10.808,13.174,8.052,11.08
2026-01-01 23:28:00,19.429,21.291,20.352,16.558,16.949,21.119,14.728,20.766,20.734,18.376,17.217,16.898,16.838,18.067,18.519,18.861,21.577,20.653,19.405,19.376,21.28,20.43,16.576,17.101,21.115,15.037,20.749,20.579,18.276,17.121,16.949,16.784,18.116,18.532,18.874,21.969,20.549,19.355,21.798,11.141,10.319,16.335,8.705,8.267,15.123,14.721,20.847,16.772,14.801,15.056,11.424,8.15,10.498,17.541,10.795,12.88,8.157,21.845,11.014,10.243,16.576,8.615,8.5,15.208,14.527,20.84,16.809,15.198,14.956,11.465,8.165,10.694,17.688,10.808,13.174,8.052,23.02
2026-01-01 23:30:00,19.471,21.168,20.508,16.63,16.841,20.909,15.041,20.67,20.575,18.199,17.292,16.727,16.624,18.0,18.372,18.805,21.963,20.391,19.395,19.376,21.28,20.43,16.576,17.101,21.115,15.037,20.749,20.579,18.276,17.121,16.949,16.784,18.116,18.532,18.874,21.969,20.549,19.355,21.948,10.854,10.102,16.587,8.611,8.37,15.188,14.362,20.597,16.921,15.258,14.756,11.464,8.183,10.922,17.88,11.024,13.121,8.212,21.845,11.014,10.243,16.576,8.615,8.5,15.208,14.527,20.84,16.809,15.198,14.956,11.465,8.165,10.694,17.688,10.808,13.174,8.052,24.17
2026-01-01 23:32:00,19.525,21.405,20.659,16.705,17.095,21.319,15.116,20.963,18.944,18.031,16.322,16.968,16.846,16.72,18.646,18.74,21.886,20.661,19.36,19.376,21.28,20.43,16.576,17.101,21.115,15.037,20.749,20.579,18.276,17.121,16.949,16.784,18.116,18.532,18.874,21.969,20.549,19.355,21.738,10.862,10.567,16.434,8.813,8.421,15.112,14.806,22.657,16.814,17.022,14.837,11.302,10.241,11.017,17.404,10.631,13.112,7.84,21.845,11.014,10.243,16.576,8.615,8.5,15.208,14.527,20.84,16.809,15.198,14.956,11.465,8.165,10.694,17.688,10.808,13.174,8.052,8.91
2026-01-01 23:34:00,19.386,21.442,20.555,16.484,17.123,20.917,15.035,20.793,20.378,18.455,17.351,17.006,16.89,18.288,18.511,18.994,22.013,20.371,19.251,19.376,21.28,20.43,16.576,17.101,21.115,15.037,20.749,20.579,18.276,17.121,16.949,16.784,18.116,18.532,18.874,21.969,20.549,19.355,21.954,10.867,10.164,16.551,8.479,8.544,14.982,14.496,20.953,16.949,14.989,14.712,11.762,8.292,10.386,17.821,10.844,13.24,8.277,21.845,11.014,10.243,16.576,8.615,8.5,15.208,14.527,20.84,16.809,15.198,14.956,11.465,8.165,10.694,17.688,10.808,13.174,8.052,23.84
2026-01-01 23:36:00,19.31,21.404,20.441,16.69,17.047,20.967,15.275,21.063,20.624,18.253,17.259,16.821,16.76,17.95,18.588,18.903,21.922,20.474,19.18,19.376,21.28,20.43,16.576,17.101,21.115,15.037,20.749,20.579,18.276,17.121,16.949,16.784,18.116,18.532,18.874,21.969,20.549,19.355,21.815,11.102,10.165,16.801,8.704,8.686,15.272,14.322,20.828,16.792,15.236,14.821,11.369,8.066,10.503,17.718,10.692,13.368,7.959,21.845,11.014,10.243,16.576,8.615,8.5,15.208,14.527,20.84,16.809,15.198,14.956,11.465,8.165,10.694,17.688,10.808,13.174,8.052,24.5
2026-01-01 23:38:00,19.28,21.423,20.389,16.722,17.001,21.106,14.984,20.719,20.669,18.039,17.207,17.029,16.785,18.125,18.507,18.955,21.975,20.451,19.373,19.376,21.28,20.43,16.576,17.101,21.115,15.037,20.749,20.579,18.276,17.121,16.949,16.784,18.116,18.532,18.874,21.969,20.549,19.355,21.562,11.021,10.41,16.744,8.487,8.425,15.147,14.585,20.752,16.385,15.341,15.031,11.278,8.124,10.606,17.524,10.823,12.984,8.013,21.845,11.014,10.243,16.576,8.615,8.5,15.208,14.527,20.84,16.809,15.198,14.956,11.465,8.165,10.694,17.688,10.808,13.174,8.052,24.52
2026-01-01 23:40:00,19.486,21.324,20.433,16.6,17.044,21.062,14.82,20.728,20.693,18.231,17.017,17.053,16.803,18.132,18.586,18.955,21.964,20.453,19.556,19.376,21.28,20.43,16.576,17.101,21.115,15.037,20.749,20.579,18.276,17.121,16.949,16.784,18.116,18.532,18.874,21.969,20.549,19.355,21.931,11.129,10.511,16.582,8.685,8.575,15.105,14.224,20.676,16.521,15.197,15.173,11.56,8.499,10.736,18.069,11.085,13.279,8.321,21.845,11.014,10.243,16.576,8.615,8.5,15.208,14.527,20.84,16.809,15.198,14.956,11.465,8.165,10.694,17.688,10.808,13.174,8.052,24.92
2026-01-01 23:42:00,19.382,21.192,20.451,16.714,16.939,21.266,15.022,20.978,20.656,18.264,17.266,17.096,16.744,18.143,18.473,,21.808,20.529,19.111,19.376,21.28,20.43,16.576,17.101,21.115,15.037,20.749,20.579,18.276,17.121,16.949,16.784,18.116,18.532,18.874,21.969,20.549,19.355,21.772,10.832,10.314,16.809,8.719,8.612,15.218,14.439,20.939,16.922,15.128,15.154,11.73,7.861,10.756,17.485,10.745,13.186,8.158,21.845,11.014,10.243,16.576,8.615,8.5,15.208,14.527,20.84,16.809,15.198,14.956,11.465,8.165,10.694,17.688,10.808,13.174,8.052,24.26
2026-01-01 23:44:00,19.444,21.025,20.309,16.607,15.161,21.064,14.927,20.695,20.379,18.313,17.214,17.037,16.78,18.256,17.154,18.985,22.014,20.553,19.269,19.376,21.28,20.43,16.576,17.101,21.115,15.037,20.749,20.579,18.276,17.121,16.949,16.784,18.116,18.532,18.874,21.969,20.549,19.355,21.93,11.122,10.283,16.464,10.066,8.446,15.302,14.512,20.854,16.556,15.247,14.878,11.499,8.106,12.083,17.884,11.127,13.088,8.127,21.845,11.014,10.243,16.576,8.615,8.5,15.208,14.527,20.84,16.809,15.198,14.956,11.465,8.165,10.694,17.688,10.808,13.174,8.052,15.8
2026-01-01 23:46:00,19.075,21.355,20.417,16.804,16.875,21.212,14.929,20.749,20.479,18.316,17.118,17.05,16.801,18.171,18.678,18.934,21.954,20.691,19.343,19.376,21.28,20.43,16.576,17.101,21.115,15.037,20.749,20.579,18.276,17.121,16.949,16.784,18.116,18.532,18.874,21.969,20.549,19.355,21.822,10.905,10.326,16.465,8.959,8.48,15.316,14.467,20.817,16.746,15.407,15.122,11.539,8.083,10.708,17.784,10.68,13.238,7.788,21.845,11.014,10.243,16.576,8.615,8.5,15.208,14.527,20.84,16.809,15.198,14.956,11.465,8.165,10.694,17.688,10.808,13.174,8.052,23.58
2026-01-01 23:48:00,19.423,21.244,20.355,16.234,17.181,20.984,15.122,20.955,20.43,18.377,17.111,17.002,16.648,18.12,18.551,19.039,22.214,20.585,19.315,19.376,21.28,20.43,16.576,17.101,21.115,15.037,20.749,20.579,18.276,17.121,16.949,16.784,18.116,18.532,18.874,21.969,20.549,19.355,21.757,10.937,10.201,16.844,8.4,8.528,15.133,14.366,20.738,16.592,15.241,15.013,11.282,8.196,10.685,17.276,10.775,13.06,7.897,21.845,11.014,10.243,16.576,8.615,8.5,15.208,14.527,20.84,16.809,15.198,14.956,11.465,8.165,10.694,17.688,10.808,13.174,8.052,23.62
2026-01-01 23:50:00,19.63,21.269,20.424,16.589,17.155,21.197,14.972,20.737,20.795,18.46,17.173,16.982,16.759,18.234,18.475,18.89,20.143,18.189,19.361,19.376,21.28,20.43,16.576,17.101,21.115,15.037,20.749,20.579,18.276,17.121,16.949,16.784,18.116,18.532,18.874,21.969,20.549,19.355,21.657,10.677,10.069,16.221,8.698,8.336,15.317,14.46,20.859,16.703,15.12,14.961,11.396,8.233,10.498,17.558,11.632,15.195,8.272,21.845,11.014,10.243,16.576,8.615,8.5,15.208,14.527,20.84,16.809,15.198,14.956,11.465,8.165,10.694,17.688,10.808,13.174,8.052,12.69
2026-01-01 23:52:00,19.378,21.216,20.424,16.586,17.049,21.042,15.023,20.83,20.708,18.299,17.092,16.947,17.004,18.222,18.425,18.87,21.91,20.509,19.165,19.376,21.28,20.43,16.576,17.101,21.115,15.037,20.749,20.579,18.276,17.121,16.949,16.784,18.116,18.532,18.874,21.969,20.549,19.355,21.839,11.061,10.174,16.53,8.906,8.541,15.198,14.461,20.895,16.894,15.107,14.918,11.562,8.178,10.616,17.72,10.815,13.139,7.975,21.845,11.014,10.243,16.576,8.615,8.5,15.208,14.527,20.84,16.809,15.198,14.956,11.465,8.165,10.694,17.688,10.808,13.174,8.052,24.75
2026-01-01 23:54:00,19.381,21.128,20.365,16.752,17.217,21.018,14.921,20.647,20.366,18.166,17.092,16.832,16.872,18.112,18.473,19.076,22.051,20.559,19.568,19.376,21.28,20.43,16.576,17.101,21.115,15.037,20.749,20.579,18.276,17.121,16.949,16.784,18.116,18.532,18.874,21.969,20.549,19.355,21.897,10.933,10.065,16.448,8.592,8.378,15.014,14.666,20.612,16.678,15.341,14.844,11.39,7.932,10.682,17.403,10.915,13.089,8.127,21.845,11.014,10.243,16.576,8.615,8.5,15.208,14.527,20.84,16.809,15.198,14.956,11.465,8.165,10.694,17.688,10.808,13.174,8.052,23.72
2026-01-01 23:56:00,19.528,21.202,20.469,16.529,16.939,21.334,15.211,20.606,20.638,18.09,17.246,16.945,16.753,17.172,18.535,18.847,22.075,20.516,19.457,19.376,21.28,20.43,16.576,17.101,21.115,15.037,20.749,20.579,18.276,17.121,16.949,16.784,18.116,18.532,18.874,21.969,20.549,19.355,21.759,10.805,10.123,16.769,8.637,8.46,15.38,14.265,20.776,16.941,15.05,15.005,11.399,10.58,10.775,17.714,10.761,13.074,7.839,21.845,11.014,10.243,16.576,8.615,8.5,15.208,14.527,20.84,16.809,15.198,14.956,11.465,8.165,10.694,17.688,10.808,13.174,8.052,18.68
2026-01-01 23:58:00,19.378,21.377,20.504,16.669,16.988,21.333,15.021,20.953,20.513,18.246,17.093,16.023,16.737,18.166,18.354,18.822,21.997,20.539,17.963,19.376,21.28,20.43,16.576,17.101,21.115,15.037,20.749,20.579,18.276,17.121,16.949,16.784,18.116,18.532,18.874,21.969,20.549,19.355,21.692,10.702,10.203,16.618,8.918,8.547,15.435,14.363,20.733,16.859,15.083,16.888,11.589,8.136,10.617,17.642,10.676,13.411,9.316,21.845,11.014,10.243,16.576,8.615,8.5,15.208,14.527,20.84,16.809,15.198,14.956,11.465,8.165,10.694,17.688,10.808,13.174,8.052,15.48
2026-01-02 00:00:00,19.436,21.172,20.655,16.557,17.364,21.194,15.092,20.696,20.568,18.33,16.899,17.066,16.651,18.088,18.218,18.929,22.057,20.584,19.395,19.376,21.28,20.43,16.576,17.101,21.115,15.037,20.749,20.579,18.276,17.121,16.949,16.784,18.116,18.532,18.874,21.969,20.549,19.355,22.07,10.867,10.525,16.504,8.593,8.585,15.369,14.744,20.855,16.657,15.426,14.931,11.288,7.969,10.628,17.349,10.76,13.088,8.267,21.845,11.014,10.243,16.576,8.615,8.5,15.208,14.527,20.84,16.809,15.198,14.956,11.465,8.165,10.694,17.688,10.808,13.174,8.052,23.72
2026-01-02 00:02:00,19.335,21.3,20.572,16.529,17.162,21.201,15.012,20.778,20.607,18.22,17.405,16.901,16.985,18.242,18.298,18.906,22.09,20.645,19.253,19.376,21.28,20.43,16.576,17.101,21.115,15.037,20.749,20.579,18.276,17.121,16.949,16.784,18.116,18.532,18.874,21.969,20.549,19.355,21.959,10.982,9.886,16.397,8.538,8.588,14.941,14.467,20.611,17.009,15.121,14.799,11.474,8.042,10.608,17.687,10.711,13.072,8.284,21.845,11.014,10.243,16.576,8.615,8.5,15.208,14.527,20.84,16.809,15.198,14.956,11.465,8.165,10.694,17.688,10.808,13.174,8.052,23.81
2026-01-02 00:04:00,19.408,21.144,20.311,16.551,17.125,21.303,15.081,20.874,20.442,18.143,15.088,17.155,16.631,17.934,18.525,19.015,21.781,20.521,19.199,19.376,21.28,20.43,16.576,17.101,21.115,15.037,20.749,20.579,18.276,17.121,16.949,16.784,18.116,18.532,18.874,21.969,20.549,19.355,21.841,10.911,10.468,16.642,8.811,8.402,15.18,14.593,20.939,16.745,16.982,14.786,11.547,8.125,10.652,17.664,11.152,13.068,7.771,21.845,11.014,10.243,16.576,8.615,8.5,15.208,14.527,20.84,16.809,15.198,14.956,11.465,8.165,10.694,17.688,10.808,13.174,8.052,18.52
2026-01-02 00:06:00,19.546,21.363,20.464,16.573,17.076,21.133,13.919,20.648,20.452,18.279,17.03,17.053,16.541,18.183,18.596,19.018,21.941,20.375,19.249,19.376,21.28,20.43,16.576,17.101,21.115,15.037,20.749,20.579,18.276,17.121,16.949,16.784,18.116,18.532,18.874,21.969,20.549,19.355,22.007,11.058,10.305,16.679,8.895,8.383,16.52,14.639,20.796,16.838,15.004,14.867,11.58,7.671,10.746,17.315,11.161,13.348,8.287,21.845,11.014,10.243,16.576,8.615,8.5,15.208,14.527,20.84,,15.198,14.956,11.465,8.165,10.694,17.688,10.808,13.174,8.052,20.57
2026-01-02 00:08:00,19.509,21.246,20.383,16.51,17.095,21.09,14.857,20.68,20.698,18.446,17.108,16.89,16.944,18.096,18.396,18.861,22.051,20.732,19.3,19.376,21.28,20.43,16.576,17.101,21.115,15.037,20.749,20.579,18.276,17.121,16.949,16.784,18.116,18.532,18.874,21.969,20.549,19.355,22.086,10.878,10.248,16.435,8.693,8.455,15.28,14.448,20.858,16.677,15.111,14.837,11.423,8.23,10.856,17.553,10.924,13.041,8.266,21.845,11.014,10.243,16.576,8.615,8.5,15.208,14.527,20.84,16.809,15.198,14.956,11.465,8.165,10.694,17.688,10.808,13.174,8.052,23.81
2026-01-02 00:10:00,19.44,21.243,20.564,16.608,17.133,21.001,14.291,19.263,20.16,18.377,17.121,16.926,16.743,18.12,18.561,18.723,21.984,20.563,19.36,19.376,21.28,20.43,16.576,17.101,21.115,15.037,20.749,20.579,18.276,17.121,16.949,16.784,18.116,18.532,18.874,21.969,20.549,19.355,21.838,10.882,10.217,16.692,8.614,8.571,16.577,17.015,20.992,16.849,15.258,15.296,11.519,8.198,10.547,17.834,10.718,13.146,8.391,21.845,11.014,10.243,16.576,8.615,8.5,15.208,14.527,20.84,16.809,15.198,14.956,11.465,8.165,10.694,17.688,10.808,13.174,8.052,15.35
2026-01-02 00:12:00,19.203,21.265,20.281,16.618,16.063,21.218,14.998,20.686,20.514,18.317,15.934,16.887,16.492,18.017,17.238,18.812,22.111,20.391,19.201,19.376,21.28,20.43,16.576,17.101,21.115,15.037,20.749,20.579,18.276,17.121,16.949,16.784,18.116,18.532,18.874,21.969,20.549,19.355,21.717,11.168,10.172,16.349,10.242,8.403,15.184,14.469,20.771,16.77,17.11,15.069,11.341,8.167,11.474,17.853,10.585,13.252,8.155,21.845,11.014,10.243,16.576,8.615,8.5,15.208,14.527,20.84,16.809,15.198,14.956,11.465,8.165,10.694,17.688,10.808,13.174,8.052,11.49
2026-01-02 00:14:00,19.447,21.167,20.412,16.598,17.104,21.025,15.145,20.924,20.463,16.428,17.232,16.925,14.198,18.066,18.63,18.759,21.999,20.594,19.28,19.376,21.28,20.43,16.576,17.101,21.115,15.037,20.749,20.579,18.276,17.121,16.949,16.784,18.116,18.532,18.874,21.969,20.549,19.355,21.785,10.938,10.29,16.343,8.503,8.279,15.269,14.369,20.782,17.436,15.101,15.102,13.323,8.358,10.267,17.268,11.064,13.231,7.841,21.845,11.014,10.243,16.576,8.615,8.5,15.208,14.527,20.84,16.809,15.198,14.956,11.465,8.165,10.694,17.688,10.808,13.174,8.052,13.51
2026-01-02 00:16:00,19.442,19.771,20.547,16.686,,21.22,15.105,18.895,20.481,18.382,17.165,16.815,16.933,18.025,18.414,18.922,21.899,20.592,19.327,19.376,21.28,20.43,16.576,17.101,21.115,15.037,20.749,20.579,18.276,17.121,16.949,16.784,18.116,18.532,18.874,21.969,20.549,19.355,21.967,12.586,10.3,16.649,8.743,8.591,15.249,15.616,20.88,16.822,15.202,14.913,11.493,8.27,10.674,17.67,11.063,13.445,8.072,21.845,11.014,10.243,16.576,8.615,8.5,15.208,14.527,20.84,16.809,15.198,14.956,11.465,8.165,10.694,17.688,10.808,13.174,8.052,15.79
2026-01-02 00:18:00,19.409,21.376,20.427,16.679,17.201,21.018,15.137,20.822,20.596,18.407,17.315,17.039,16.614,18.168,18.518,18.844,22.01,20.512,19.546,19.376,21.28,20.43,16.576,17.101,21.115,15.037,20.749,20.579,18.276,17.121,16.949,16.784,18.116,18.532,18.874,21.969,20.549,19.355,21.736,11.23,10.009,16.806,8.806,8.425,15.187,14.368,20.866,16.642,14.984,14.98,11.367,8.144,10.645,17.569,10.833,13.028,8.116,21.845,11.014,10.243,16.576,8.615,8.5,15.208,14.527,20.84,16.809,15.198,14.956,11.465,8.165,10.694,17.688,10.808,13.174,8.052,23.68
2026-01-02 00:20:00,19.409,21.284,20.522,16.671,17.24,21.19,15.034,20.766,20.33,18.106,17.244,16.913,16.997,18.327,18.388,18.912,22.306,20.459,19.403,19.376,21.28,20.43,16.576,17.101,21.115,15.037,20.749,20.579,18.276,17.121,16.949,16.784,18.116,18.532,18.874,21.969,20.549,19.355,21.755,11.188,10.164,16.668,8.74,8.477,15.013,14.628,20.638,16.861,14.962,14.884,11.436,8.066,10.717,17.763,10.818,13.193,8.244,21.845,11.014,10.243,16.576,8.615,8.5,15.208,14.527,20.84,16.809,15.198,14.956,11.465,8.165,10.694,17.688,10.808,13.174,8.052,23.03
2026-01-02 00:22:00,19.351,21.254,20.399,16.576,17.192,21.023,15.098,20.668,20.642,18.314,17.033,16.967,16.701,18.019,18.67,18.665,22.036,20.633,19.288,19.376,21.28,20.43,16.576,17.101,21.115,15.037,20.749,20.579,18.276,17.121,16.949,16.784,18.116,18.532,18.874,21.969,20.549,19.355,21.947,11.061,10.152,16.396,8.512,8.626,15.215,14.623,20.625,16.519,15.206,14.565,11.406,7.908,10.693,17.74,10.603,13.325,8.088,21.845,11.014,10.243,16.576,8.615,8.5,15.208,14.527,20.84,16.809,15.198,14.956,11.465,8.165,10.694,17.688,10.808,13.174,8.052,23.31
2026-01-02 00:24:00,19.504,21.388,20.281,16.64,17.158,21.031,15.106,20.838,20.498,18.046,17.17,16.865,16.586,18.073,18.257,18.837,22.145,20.219,19.411,19.376,21.28,20.43,16.576,17.101,21.115,15.037,20.749,20.579,18.276,17.121,16.949,16.784,18.116,18.532,18.874,21.969,20.549,19.355,21.806,10.851,10.09,16.514,8.734,8.469,14.941,14.254,20.862,16.752,15.311,15.02,11.582,8.329,10.814,17.727,10.502,13.268,8.174,21.845,11.014,10.243,16.576,8.615,8.5,15.208,14.527,20.84,16.809,15.198,14.956,11.465,8.165,10.694,17.688,10.808,13.174,8.052,24.63
2026-01-02 00:26:00,19.27,21.235,20.326,16.653,17.102,21.026,14.886,20.701,20.716,16.326,17.172,16.99,16.553,18.246,18.529,19.137,22.173,20.522,19.339,19.376,21.28,20.43,16.576,17.101,21.115,15.037,20.749,20.579,18.276,17.121,16.949,16.784,18.116,18.532,18.874,21.969,20.549,19.355,21.918,10.824,10.305,16.725,8.675,8.439,14.892,14.392,21.107,18.088,15.341,14.922,11.287,8.358,10.765,17.866,10.819,12.995,8.268,21.845,11.014,10.243,16.576,8.615,8.5,15.208,14.527,20.84,16.809,15.198,14.956,11.465,8.165,10.694,17.688,10.808,13.174,8.052,19.97
2026-01-02 00:28:00,17.394,21.122,20.525,16.549,17.056,21.097,15.119,20.861,18.402,18.255,17.135,14.891,16.543,17.982,18.59,18.894,22.115,20.705,19.59,19.376,21.28,20.43,16.576,17.101,21.115,15.037,20.749,20.579,18.276,17.121,16.949,16.784,18.116,18.532,18.874,21.969,20.549,19.355,23.101,11.061,10.288,16.704,8.684,8.703,15.188,14.684,23.751,16.766,15.03,16.255,11.655,8.209,10.843,17.686,10.523,13.037,7.838,21.845,11.014,10.243,16.576,8.615,8.5,15.208,14.527,20.84,16.809,15.198,14.956,11.465,8.165,10.694,17.688,10.808,13.174,8.052,7.2
2026-01-02 00:30:00,19.284,21.355,20.404,16.693,17.125,21.221,14.952,20.77,19.904,18.247,17.071,16.831,16.918,18.153,18.663,18.76,21.742,20.475,19.34,19.376,21.28,20.43,16.576,17.101,21.115,15.037,20.749,20.579,18.276,17.121,16.949,16.784,18.116,18.532,18.874,21.969,20.549,19.355,21.555,10.968,10.402,16.657,8.673,8.569,15.154,14.766,21.799,16.899,14.869,15.104,11.634,8.151,10.437,17.825,10.737,13.124,7.994,21.845,11.014,10.243,16.576,8.615,8.5,15.208,14.527,20.84,16.809,15.198,14.956,11.465,8.165,10.694,17.688,10.808,13.174,8.052,22.2
2026-01-02 00:32:00,19.471,21.408,20.576,16.76,17.19,21.131,14.95,20.832,20.524,18.184,17.193,16.978,16.888,18.034,18.673,18.92,21.952,20.463,19.231,19.376,21.28,20.43,16.576,17.101,21.115,15.037,20.749,20.579,18.276,17.121,16.949,16.784,18.116,18.532,18.874,21.969,20.549,19.355,21.802,10.852,10.293,16.762,8.602,8.321,15.147,14.491,20.798,16.851,15.174,14.948,11.463,7.977,10.748,17.825,10.848,13.189,8.468,21.845,11.014,10.243,16.576,8.615,8.5,15.208,14.527,20.84,16.809,15.198,14.956,11.465,8.165,10.694,17.688,10.808,13.174,8.052,23.64
2026-01-02 00:34:00,19.218,21.448,20.266,16.654,17.075,21.05,14.984,20.74,20.689,18.345,17.124,16.791,16.577,18.339,18.416,18.693,22.104,20.375,19.446,19.376,21.28,20.43,16.576,17.101,21.115,15.037,20.749,20.579,18.276,17.121,16.949,16.784,18.116,18.532,18.874,21.969,20.549,19.355,21.897,11.326,10.122,16.441,8.388,8.334,15.059,14.507,20.865,16.749,15.192,14.841,11.317,8.002,10.622,17.872,10.438,13.265,8.148,21.845,11.014,10.243,16.576,8.615,8.5,15.208,14.527,20.84,16.809,15.198,14.956,11.465,8.165,10.694,17.688,10.808,13.174,8.052,24.23
2026-01-02 00:36:00,19.488,21.313,20.546,16.416,16.96,21.095,15.039,20.742,20.637,18.192,16.873,17.0,16.76,18.214,18.78,18.887,22.04,20.446,19.465,19.376,21.28,20.43,16.576,17.101,21.115,15.037,20.749,20.579,18.276,17.121,16.949,16.784,18.116,18.532,18.874,21.969,20.549,19.355,21.773,11.092,10.449,16.459,8.648,8.418,15.159,14.511,20.824,16.705,15.113,15.125,11.691,8.212,10.819,17.632,10.733,13.201,8.219,21.845,11.014,10.243,16.576,8.615,8.5,15.208,14.527,20.84,16.809,15.198,14.956,11.465,8.165,10.694,17.688,10.808,13.174,8.052,24.1
2026-01-02 00:38:00,19.418,21.313,19.337,16.446,17.17,21.171,15.227,19.848,20.572,17.68,17.076,16.9,16.997,18.413,18.548,18.793,21.901,20.505,19.258,19.376,21.28,20.43,16.576,17.101,21.115,15.037,20.749,20.579,18.276,17.121,16.949,16.784,18.116,18.532,18.874,21.969,20.549,19.355,21.876,10.809,11.489,16.896,8.668,8.245,15.238,16.295,20.798,18.397,15.152,15.021,11.141,8.046,10.632,,10.822,13.042,7.998,21.845,11.014,10.243,16.576,8.615,8.5,15.208,14.527,20.84,16.809,15.198,14.956,11.465,8.165,10.694,17.688,10.808,13.174,8.052,13.51
2026-01-02 00:40:00,19.283,21.304,20.437,16.635,17.107,20.975,15.126,20.78,20.513,18.246,17.161,16.961,16.771,18.208,18.66,18.84,21.968,20.42,19.338,19.376,21.28,20.43,,17.101,21.115,15.037,20.749,20.579,18.276,17.121,16.949,16.784,18.116,18.532,18.874,21.969,20.549,19.355,21.658,10.874,10.153,16.616,8.865,8.445,15.121,14.53,20.487,16.905,15.337,14.811,11.375,8.423,10.696,17.609,10.699,13.416,8.03,21.845,11.014,10.243,16.576,8.615,8.5,15.208,14.527,20.84,16.809,15.198,14.956,11.465,8.165,10.694,17.688,10.808,13.174,8.052,23.68
2026-01-02 00:42:00,19.434,21.385,20.452,16.568,17.019,21.143,14.911,20.766,20.584,18.171,17.162,16.926,16.857,18.061,18.591,19.061,21.992,20.644,19.282,19.376,21.28,20.43,16.576,17.101,21.115,15.037,20.749,20.579,18.276,17.121,16.949,16.784,18.116,18.532,18.874,21.969,20.549,19.355,21.722,11.064,10.508,16.417,8.337,8.733,15.208,14.695,20.963,16.615,14.956,15.139,11.371,8.215,10.525,17.801,10.683,13.015,8.212,21.845,11.014,10.243,16.576,8.615,8.5,15.208,14.527,20.84,16.809,15.198,14.956,11.465,8.165,10.694,17.688,10.808,13.174,8.052,24.05
2026-01-02 00:44:00,19.336,21.061,20.414,16.446,17.117,18.588,14.938,20.76,20.627,18.083,16.137,17.252,14.979,18.136,18.21,18.768,22.032,20.578,19.411,19.376,21.28,20.43,16.576,17.101,21.115,15.037,20.749,20.579,18.276,17.121,16.949,16.784,18.116,18.532,18.874,21.969,20.549,19.355,21.944,10.988,10.401,16.374,8.766,9.714,15.305,14.483,20.703,16.824,16.582,14.982,13.98,8.133,10.727,17.54,10.806,13.185,7.812,21.845,11.014,10.243,16.576,8.615,8.5,15.208,14.527,20.84,16.809,15.198,14.956,11.465,8.165,10.694,17.688,10.808,13.174,8.052,8.41
2026-01-02 00:46:00,19.49,21.294,20.532,16.368,17.397,21.082,14.963,20.927,20.652,18.392,17.05,16.984,16.869,17.983,18.508,18.847,21.936,20.468,19.209,19.376,21.28,20.43,16.576,17.101,21.115,15.037,20.749,20.579,18.276,17.121,16.949,16.784,18.116,18.532,18.874,21.969,20.549,19.355,22.069,10.974,10.211,16.717,8.726,8.202,15.488,14.767,20.763,16.887,15.274,14.804,11.492,8.208,10.924,17.351,10.752,13.014,8.254,21.845,11.014,10.243,16.576,8.615,8.5,15.208,14.527,20.84,16.809,15.198,14.956,11.465,8.165,10.694,17.688,10.808,13.174,8.052,24.49
2026-01-02 00:48:00,19.428,21.311,20.567,16.57,17.024,20.946,15.048,20.713,20.817,18.546,17.308,16.844,16.621,18.089,18.428,19.043,21.983,20.502,19.355,19.376,21.28,20.43,16.576,17.101,21.115,15.037,20.749,20.579,18.276,17.121,16.949,16.784,18.116,18.532,18.874,21.969,20.549,19.355,21.692,10.856,10.108,16.59,8.652,8.553,15.147,14.506,20.711,16.694,15.091,14.785,11.768,8.159,10.69,17.627,10.764,13.412,8.317,21.845,11.014,10.243,16.576,8.615,8.5,15.208,14.527,20.84,16.809,15.198,14.956,11.465,8.165,10.694,17.688,10.808,13.174,8.052,24.16
2026-01-02 00:50:00,19.524,21.171,20.488,16.422,17.078,21.038,15.075,20.768,20.721,18.357,17.051,16.795,16.689,18.066,18.506,18.786,22.096,20.659,19.324,19.376,21.28,20.43,16.576,17.101,21.115,15.037,20.749,20.579,18.276,17.121,16.949,16.784,18.116,18.532,18.874,21.969,20.549,19.355,21.771,10.995,10.523,16.401,8.622,8.604,15.11,14.669,20.621,16.914,15.422,14.78,11.541,8.403,10.624,17.693,10.791,12.962,8.044,21.845,11.014,10.243,16.576,8.615,8.5,15.208,14.527,20.84,16.809,15.198,14.956,11.465,8.165,10.694,17.688,10.808,13.174,8.052,23.13
2026-01-02 00:52:00,18.012,21.254,20.425,16.575,16.912,21.065,14.817,20.754,20.66,18.152,17.141,16.878,16.703,18.347,18.637,18.932,21.918,20.598,19.333,19.376,21.28,20.43,16.576,17.101,21.115,15.037,20.749,20.579,18.276,17.121,16.949,16.784,18.116,18.532,18.874,21.969,20.549,19.355,25.003,10.995,10.441,16.122,8.587,8.136,15.028,14.56,21.049,16.738,15.418,14.94,11.424,7.936,10.504,17.575,10.785,13.434,8.312,21.845,11.014,10.243,16.576,8.615,8.5,15.208,14.527,20.84,16.809,15.198,14.956,11.465,8.165,10.694,17.688,10.808,13.174,8.052,16.91
2026-01-02 00:54:00,19.43,21.176,20.422,16.531,16.936,21.314,15.133,20.656,20.408,18.191,17.023,16.878,16.607,18.019,18.54,18.923,21.736,20.549,19.24,19.376,21.28,20.43,16.576,17.101,21.115,15.037,20.749,20.579,18.276,17.121,16.949,16.784,18.116,18.532,18.874,21.969,20.549,19.355,22.006,11.026,10.311,16.766,8.398,8.476,15.328,14.367,21.081,16.879,15.248,14.994,11.397,8.231,10.628,17.603,10.79,13.369,7.892,21.845,11.014,10.243,16.576,8.615,8.5,15.208,14.527,20.84,16.809,15.198,14.956,11.465,8.165,10.694,17.688,10.808,13.174,8.052,22.94
2026-01-02 00:56:00,19.254,21.243,20.349,16.659,17.184,21.079,14.961,20.96,20.8,18.321,17.104,17.068,16.955,18.054,18.745,18.856,22.098,20.488,19.364,19.376,21.28,20.43,16.576,17.101,21.115,15.037,20.749,20.579,18.276,,16.949,16.784,18.116,18.532,18.874,21.969,20.549,19.355,21.96,11.167,10.216,16.512,8.693,8.401,14.954,14.742,20.626,16.712,15.08,14.926,11.591,8.087,10.64,17.728,10.709,13.243,8.236,21.845,11.014,10.243,16.576,8.615,8.5,15.208,14.527,20.84,16.809,15.198,14.956,11.465,8.165,10.694,17.688,10.808,13.174,8.052,23.41
2026-01-02 00:58:00,19.322,21.284,20.55,16.471,17.066,21.18,14.982,20.989,20.407,18.576,17.044,17.064,16.976,18.179,18.365,18.835,21.977,20.616,19.472,19.376,21.28,20.43,16.576,17.101,,15.037,20.749,20.579,18.276,17.121,16.949,16.784,18.116,18.532,18.874,21.969,20.549,19.355,21.913,11.291,10.336,16.665,8.208,8.411,15.35,14.335,20.802,16.929,15.361,14.979,11.46,8.22,10.382,17.716,10.673,13.122,7.832,21.845,11.014,10.243,16.576,8.615,8.5,15.208,14.527,20.84,16.809,15.198,14.956,11.465,8.165,10.694,17.688,10.808,13.174,8.052,24.01
2026-01-02 01:00:00,19.509,21.455,20.317,16.694,16.895,21.133,14.91,20.537,20.689,18.272,17.239,16.761,16.64,18.104,18.453,18.883,21.895,20.508,19.219,19.376,21.28,20.43,16.576,17.101,21.115,15.037,20.749,20.579,18.276,17.121,16.949,16.784,18.116,18.532,18.874,21.969,20.549,19.355,21.546,10.972,10.306,16.626,8.393,8.37,15.043,14.575,20.971,16.879,15.269,15.197,11.444,8.14,10.833,17.474,10.618,13.175,8.328,21.845,11.014,10.243,16.576,8.615,8.5,15.208,14.527,20.84,16.809,15.198,14.956,11.465,8.165,10.694,17.688,,13.174,8.052,23.09
2026-01-02 01:02:00,19.528,21.243,20.289,16.658,17.159,21.141,15.064,20.702,20.564,18.012,16.936,16.803,16.818,18.261,18.512,18.843,22.103,20.505,19.434,19.376,21.28,20.43,16.576,17.101,21.115,15.037,20.749,20.579,18.276,17.121,16.949,16.784,18.116,18.532,18.874,21.969,20.549,19.355,21.698,11.021,10.127,16.676,8.672,8.507,15.112,14.465,20.578,16.639,15.271,14.554,11.683,8.012,10.755,17.916,10.386,12.943,7.916,21.845,11.014,10.243,16.576,8.615,8.5,15.208,14.527,20.84,16.809,15.198,14.956,11.465,8.165,10.694,17.688,10.808,13.174,8.052,23.43
2026-01-02 01:04:00,19.427,21.123,20.468,16.601,16.964,20.992,14.885,20.912,20.831,18.36,17.308,16.788,16.952,18.351,18.725,18.763,22.098,20.535,19.484,19.376,21.28,20.43,16.576,17.101,21.115,15.037,20.749,20.579,18.276,17.121,16.949,16.784,18.116,18.532,18.874,21.969,20.549,19.355,21.839,11.176,10.522,16.506,8.819,8.463,15.151,14.667,20.703,16.607,15.369,14.996,11.467,8.198,10.383,17.773,11.087,13.169,8.14,21.845,11.014,10.243,16.576,8.615,8.5,15.208,14.527,20.84,16.809,15.198,14.956,11.465,8.165,10.694,17.688,10.808,13.174,8.052,23.79
2026-01-02 01:06:00,19.299,21.282,20.362,16.634,17.089,21.248,15.136,20.799,20.575,18.24,17.122,17.039,16.8,18.151,18.528,18.866,21.889,20.325,19.424,19.376,21.28,20.43,16.576,17.101,21.115,15.037,20.749,20.579,18.276,17.121,16.949,16.784,18.116,18.532,18.874,21.969,20.549,19.355,21.877,11.199,10.338,16.241,8.737,8.649,14.91,14.49,20.977,17.024,15.104,15.344,11.543,8.184,10.769,17.776,10.943,13.028,8.153,21.845,11.014,10.243,16.576,8.615,8.5,15.208,14.527,20.84,16.809,15.198,14.956,11.465,8.165,10.694,17.688,10.808,13.174,8.052,23.79
2026-01-02 01:08:00,19.443,21.165,20.659,16.437,17.221,21.145,15.075,20.885,20.69,18.279,16.995,16.803,16.807,18.305,18.637,18.871,22.009,20.631,19.561,19.376,21.28,20.43,16.576,17.101,21.115,15.037,20.749,20.579,18.276,17.121,16.949,16.784,18.116,18.532,18.874,21.969,20.549,19.355,21.925,11.47,10.315,16.552,8.523,8.533,15.179,14.319,20.654,16.775,15.143,15.189,11.612,8.179,10.846,17.65,10.648,12.916,8.066,21.845,11.014,10.243,16.576,8.615,8.5,15.208,14.527,20.84,16.809,15.198,14.956,11.465,8.165,10.694,17.688,10.808,13.174,8.052,23.82
2026-01-02 01:10:00,19.285,21.368,20.464,16.486,16.98,21.267,15.077,20.724,20.592,18.394,17.133,17.142,16.754,18.022,18.519,18.763,21.927,20.696,19.56,19.376,21.28,20.43,16.576,17.101,21.115,15.037,20.749,20.579,18.276,17.121,16.949,16.784,18.116,18.532,18.874,21.969,20.549,19.355,21.924,11.17,9.855,16.441,8.616,8.467,14.891,14.516,20.779,16.949,15.026,15.194,11.302,8.421,10.688,17.828,10.767,12.994,8.247,21.845,11.014,10.243,16.576,8.615,8.5,15.208,14.527,20.84,16.809,15.198,14.956,11.465,8.165,10.694,17.688,10.808,13.174,8.052,23.62
2026-01-02 01:12:00,19.452,20.205,19.714,16.457,17.146,21.135,14.968,20.696,20.767,18.395,,16.977,16.938,18.159,18.561,18.687,21.767,20.321,16.855,19.376,21.28,20.43,16.576,17.101,21.115,15.037,20.749,20.579,18.276,17.121,16.949,16.784,,18.532,18.874,21.969,20.549,19.355,21.787,12.789,11.841,16.438,8.596,8.699,15.134,14.875,20.851,17.052,14.984,14.912,11.61,8.36,10.645,18.038,10.667,13.225,9.095,21.845,11.014,10.243,16.576,8.615,8.5,15.208,14.527,20.84,16.809,15.198,14.956,11.465,8.165,10.694,17.688,10.808,13.174,8.052,12.97
2026-01-02 01:14:00,19.375,21.321,20.326,16.63,17.155,21.106,14.861,20.922,20.745,18.207,17.354,16.955,16.691,18.067,18.31,18.833,21.777,20.685,19.394,19.376,21.28,20.43,16.576,17.101,21.115,15.037,20.749,20.579,18.276,17.121,16.949,16.784,18.116,18.532,18.874,21.969,20.549,19.355,22.001,11.076,10.423,16.485,8.764,8.3,15.073,14.696,20.987,16.789,15.047,14.934,11.378,8.409,11.065,17.568,10.877,13.248,8.149,21.845,11.014,10.243,16.576,8.615,8.5,15.208,14.527,20.84,16.809,15.198,14.956,11.465,8.165,10.694,17.688,10.808,13.174,8.052,23.6
2026-01-02 01:16:00,19.21,21.35,20.225,16.596,17.159,21.124,14.903,20.736,20.558,18.283,17.3,17.153,16.974,18.04,18.443,18.878,22.021,20.302,19.282,19.376,21.28,20.43,16.576,17.101,21.115,,20.749,20.579,18.276,17.121,16.949,16.784,18.116,18.532,18.874,21.969,20.549,,21.912,11.159,9.919,16.508,8.529,8.45,15.024,14.452,20.782,16.89,15.254,14.798,11.287,7.925,10.611,17.602,10.727,13.288,8.081,21.845,11.014,10.243,16.576,8.615,8.5,15.208,14.527,20.84,16.809,15.198,14.956,11.465,8.165,10.694,17.688,10.808,13.174,8.052,24.31
2026-01-02 01:18:00,19.591,21.132,20.342,16.492,17.16,21.107,14.998,20.567,20.653,18.276,17.042,16.952,16.879,17.939,18.346,18.752,21.864,20.183,19.283,19.376,21.28,20.43,16.576,17.101,21.115,15.037,20.749,20.579,18.276,17.121,16.949,16.784,18.116,18.532,18.874,21.969,20.549,19.355,21.978,11.063,10.311,16.728,8.773,8.887,15.21,14.456,20.58,16.969,15.464,14.971,11.422,8.032,10.7,17.318,10.928,13.058,8.133,21.845,11.014,10.243,16.576,8.615,8.5,15.208,14.527,20.84,16.809,15.198,14.956,11.465,8.165,10.694,17.688,10.808,13.174,8.052,23.35
2026-01-02 01:20:00,19.509,21.241,20.552,16.231,17.088,20.383,15.226,20.689,20.48,18.322,16.975,16.905,16.583,18.125,18.532,19.07,22.012,20.469,19.344,19.376,21.28,20.43,16.576,17.101,21.115,15.037,20.749,,18.276,17.121,16.949,16.784,18.116,18.532,18.874,21.969,20.549,19.355,22.116,10.758,10.191,16.434,8.467,10.929,15.35,14.619,20.919,16.755,15.236,15.085,11.599,8.114,10.768,17.597,10.595,13.467,8.065,21.845,11.014,10.243,16.576,8.615,8.5,15.208,14.527,20.84,16.809,15.198,14.956,11.465,8.165,10.694,17.688,10.808,13.174,8.052,19.35
2026-01-02 01:22:00,19.221,19.124,20.404,16.627,15.523,20.874,15.076,20.837,18.47,18.504,17.035,17.245,16.878,18.232,18.564,18.996,21.844,20.452,19.119,19.376,21.28,20.43,16.576,17.101,21.115,15.037,20.749,20.579,18.276,17.121,16.949,16.784,18.116,18.532,18.874,21.969,20.549,19.355,21.849,12.492,10.266,16.504,10.719,8.726,15.135,14.408,22.797,16.836,15.141,14.747,11.519,8.186,10.689,17.602,10.816,13.147,7.928,21.845,11.014,10.243,16.576,8.615,8.5,15.208,14.527,20.84,16.809,15.198,14.956,11.465,8.165,10.694,17.688,10.808,13.174,8.052,8.4
2026-01-02 01:24:00,19.441,19.242,20.52,16.648,16.94,21.199,15.068,18.653,20.635,18.272,14.952,17.076,16.664,17.971,18.44,18.999,21.93,20.779,18.985,19.376,21.28,20.43,16.576,17.101,21.115,15.037,20.749,20.579,18.276,17.121,16.949,16.784,18.116,18.532,18.874,21.969,20.549,19.355,21.865,11.857,10.301,16.547,8.688,8.27,15.209,15.41,21.084,16.802,16.792,14.916,11.506,8.202,10.649,17.46,10.684,13.217,8.151,21.845,11.014,10.243,16.576,8.615,8.5,15.208,14.527,20.84,16.809,15.198,14.956,11.465,8.165,10.694,17.688,10.808,13.174,8.052,10.48
2026-01-02 01:26:00,19.29,21.227,20.462,16.737,17.079,20.993,15.138,20.935,17.953,18.345,17.157,16.849,16.727,18.15,18.535,18.845,20.518,20.583,19.275,19.376,21.28,20.43,16.576,17.101,21.115,15.037,20.749,20.579,18.276,17.121,16.949,16.784,18.116,18.532,18.874,21.969,20.549,19.355,21.786,10.906,10.231,16.483,8.686,8.195,15.025,14.661,23.245,17.159,15.044,15.148,11.505,8.424,10.927,17.547,13.529,13.102,8.426,21.845,11.014,10.243,16.576,8.615,8.5,15.208,14.527,20.84,16.809,15.198,14.956,11.465,8.165,10.694,17.688,10.808,13.174,8.052,9.82
2026-01-02 01:28:00,19.386,21.21,20.454,16.666,17.129,21.194,14.87,20.804,20.614,18.2,17.101,16.612,16.793,18.066,18.259,18.935,21.891,20.582,19.326,19.376,21.28,20.43,16.576,17.101,21.115,15.037,20.749,20.579,18.276,17.121,16.949,16.784,18.116,18.532,18.874,21.969,20.549,19.355,21.946,10.844,9.986,16.651,8.664,8.437,15.255,14.277,20.867,16.871,15.263,14.862,11.5,8.107,10.35,17.334,10.938,13.017,8.161,21.845,11.014,10.243,16.576,8.615,8.5,15.208,14.527,20.84,16.809,15.198,14.956,11.465,8.165,10.694,17.688,10.808,13.174,8.052,24.36
2026-01-02 01:30:00,19.433,21.29,20.395,16.635,17.201,20.842,15.04,20.677,20.446,18.432,17.236,16.824,16.649,18.213,18.456,18.835,21.731,20.532,19.491,19.376,21.28,20.43,16.576,17.101,21.115,15.037,20.749,20.579,18.276,17.121,16.949,16.784,18.116,18.532,18.874,21.969,20.549,19.355,21.719,11.095,10.456,16.928,8.584,8.761,15.28,14.049,20.472,16.9,15.392,14.922,11.458,8.06,10.581,17.868,10.781,13.083,8.142,21.845,11.014,10.243,16.576,8.615,8.5,15.208,14.527,20.84,16.809,15.198,14.956,11.465,8.165,10.694,17.688,10.808,13.174,8.052,24.23
2026-01-02 01:32:00,19.32,21.266,20.639,16.681,17.271,21.19,15.18,20.548,20.48,18.076,17.387,16.97,16.768,18.024,18.409,18.537,22.237,20.538,19.362,19.376,21.28,20.43,16.576,17.101,21.115,15.037,20.749,20.579,18.276,17.121,16.949,16.784,18.116,18.532,18.874,21.969,20.549,19.355,21.752,11.064,10.179,16.633,8.584,8.241,15.362,14.653,20.852,16.737,15.39,14.82,11.523,8.248,10.791,17.661,10.753,13.463,7.93,21.845,11.014,10.243,16.576,8.615,8.5,15.208,14.527,20.84,16.809,15.198,14.956,11.465,8.165,10.694,17.688,10.808,13.174,8.052,23.64
2026-01-02 01:34:00,19.206,21.272,20.474,16.566,16.487,21.013,15.075,20.855,20.646,18.32,17.108,16.829,16.85,18.068,18.417,18.965,21.774,20.481,19.447,19.376,21.28,20.43,16.576,17.101,21.115,15.037,20.749,20.579,18.276,17.121,16.949,16.784,18.116,18.532,18.874,21.969,20.549,19.355,21.576,10.787,10.247,16.453,11.379,8.666,14.932,14.255,20.794,16.834,15.003,14.876,11.179,8.258,10.897,17.718,10.866,13.263,8.239,21.845,11.014,10.243,16.576,8.615,8.5,15.208,14.527,20.84,16.809,15.198,14.956,11.465,8.165,10.694,17.688,10.808,13.174,8.052,19.26
2026-01-02 01:36:00,19.488,21.235,20.436,16.641,17.092,18.543,15.088,19.333,20.591,18.408,17.157,16.893,16.803,18.348,18.445,18.842,21.871,18.489,19.203,19.376,21.28,20.43,16.576,17.101,21.115,15.037,20.749,20.579,18.276,17.121,16.949,16.784,18.116,18.532,18.874,21.969,20.549,19.355,22.007,11.122,10.382,16.382,8.701,10.468,15.29,16.32,20.862,16.908,15.244,14.922,11.763,8.197,10.781,17.664,10.736,16.015,8.078,21.845,11.014,10.243,16.576,8.615,8.5,15.208,14.527,20.84,16.809,15.198,14.956,11.465,8.165,10.694,17.688,10.808,13.174,8.052,5.72
2026-01-02 01:38:00,19.428,21.371,20.336,16.474,16.922,21.119,14.902,20.673,20.528,18.192,17.22,17.14,16.528,18.017,18.561,18.747,21.903,20.573,19.521,19.376,21.28,20.43,16.576,17.101,21.115,15.037,20.749,20.579,18.276,17.121,16.949,16.784,18.116,18.532,18.874,21.969,20.549,19.355,21.86,11.123,10.191,16.774,8.77,8.153,14.997,14.465,20.863,16.891,15.259,14.916,11.717,7.976,10.628,17.587,10.831,13.229,8.057,21.845,11.014,10.243,16.576,8.615,8.5,15.208,14.527,20.84,16.809,15.198,14.956,11.465,8.165,10.694,17.688,10.808,13.174,8.052,23.72
2026-01-02 01:40:00,19.516,21.245,20.445,16.532,17.079,20.973,14.824,20.704,18.685,18.366,16.897,15.329,16.708,18.149,18.399,18.983,21.943,20.617,19.46,19.376,21.28,20.43,16.576,17.101,21.115,15.037,20.749,20.579,18.276,17.121,16.949,16.784,18.116,18.532,18.874,21.969,20.549,19.355,21.916,11.014,10.433,16.494,8.54,8.582,15.263,14.592,21.736,16.61,15.244,16.446,11.574,8.218,10.706,17.624,10.953,13.168,7.84,21.845,11.014,10.243,16.576,8.615,8.5,15.208,14.527,20.84,16.809,15.198,14.956,11.465,8.165,10.694,17.688,10.808,13.174,8.052,15.58
2026-01-02 01:42:00,19.142,21.254,18.241,16.578,17.226,21.165,14.976,20.782,20.705,18.43,17.294,16.816,16.883,17.95,18.516,18.849,22.043,20.586,19.504,19.376,21.28,20.43,16.576,17.101,21.115,15.037,20.749,20.579,18.276,17.121,16.949,16.784,18.116,18.532,18.874,21.969,20.549,19.355,21.994,11.297,12.576,16.63,8.5,8.457,15.323,14.658,20.862,16.966,15.478,14.973,11.571,8.253,10.799,17.889,10.727,13.023,7.992,21.845,11.014,10.243,16.576,8.615,8.5,15.208,14.527,20.84,16.809,15.198,14.956,11.465,8.165,10.694,17.688,10.808,13.174,8.052,17.45
2026-01-02 01:44:00,19.302,21.381,20.476,16.576,16.957,21.183,15.074,20.843,20.574,18.244,17.167,17.004,16.866,18.342,18.457,19.114,21.613,20.663,19.257,19.376,21.28,20.43,16.576,17.101,21.115,15.037,20.749,20.579,18.276,17.121,16.949,16.784,18.116,18.532,18.874,21.969,20.549,19.355,21.765,10.92,10.359,16.713,8.487,8.173,14.92,14.514,20.824,16.64,15.206,15.094,11.467,8.248,10.395,17.763,10.721,13.188,7.82,21.845,11.014,10.243,16.576,8.615,8.5,15.208,14.527,20.84,16.809,15.198,14.956,11.465,8.165,10.694,17.688,10.808,13.174,8.052,24.26
2026-01-02 01:46:00,19.616,21.174,20.557,16.458,16.965,21.211,15.141,20.664,20.867,18.237,17.308,16.827,16.668,18.126,18.41,18.929,21.711,20.57,19.288,19.376,21.28,20.43,16.576,17.101,21.115,15.037,20.749,20.579,18.276,17.121,16.949,16.784,18.116,18.532,18.874,21.969,20.549,19.355,21.731,10.882,10.088,16.592,8.578,8.48,15.376,14.597,20.895,16.905,15.226,15.118,11.542,8.112,10.657,17.785,10.698,13.177,8.05,21.845,11.014,10.243,16.576,8.615,8.5,15.208,14.527,20.84,16.809,15.198,14.956,11.465,8.165,10.694,17.688,10.808,13.174,8.052,24.04
2026-01-02 01:48:00,19.26,21.305,20.403,16.522,17.198,21.15,15.082,20.907,20.57,18.376,17.071,17.021,16.847,18.05,18.35,18.721,21.855,20.615,19.339,19.376,21.28,20.43,16.576,17.101,21.115,15.037,20.749,20.579,18.276,17.121,16.949,16.784,18.116,18.532,18.874,21.969,20.549,19.355,21.813,10.997,10.31,16.731,8.884,8.569,15.314,14.668,20.611,16.627,15.313,15.019,11.394,8.276,10.595,17.52,10.862,13.231,8.156,21.845,11.014,10.243,16.576,8.615,8.5,15.208,14.527,20.84,16.809,15.198,14.956,11.465,8.165,10.694,17.688,10.808,13.174,8.052,23.06
2026-01-02 01:50:00,19.34,21.337,20.517,16.743,17.03,21.18,15.121,20.635,20.594,18.166,17.094,16.999,16.581,18.011,18.435,18.885,21.88,20.593,19.253,19.376,21.28,20.43,16.576,17.101,21.115,15.037,20.749,20.579,18.276,17.121,16.949,16.784,18.116,18.532,18.874,21.969,20.549,19.355,22.255,10.951,10.37,16.494,8.601,8.501,15.441,14.496,20.595,16.394,15.39,14.976,11.633,8.121,10.524,17.571,10.977,13.052,8.134,21.845,11.014,10.243,16.576,8.615,8.5,15.208,14.527,20.84,16.809,15.198,14.956,11.465,8.165,10.694,17.688,10.808,13.174,8.052,24.09
2026-01-02 01:52:00,19.314,21.352,20.467,16.594,17.096,21.234,15.201,20.704,20.493,18.151,17.328,16.842,16.626,18.147,18.657,18.727,21.953,20.377,19.272,19.376,21.28,20.43,16.576,17.101,21.115,15.037,20.749,20.579,18.276,17.121,16.949,16.784,18.116,18.532,18.874,21.969,20.549,19.355,22.012,10.76,10.453,16.621,8.656,8.509,15.354,14.468,20.978,16.842,15.277,14.887,11.657,8.27,10.604,17.702,10.773,13.241,8.176,21.845,11.014,10.243,16.576,8.615,8.5,15.208,14.527,20.84,16.809,15.198,14.956,11.465,8.165,10.694,17.688,10.808,13.174,8.052,23.37
2026-01-02 01:54:00,19.57,21.3,20.398,16.585,17.135,21.102,14.895,20.607,20.819,18.184,17.264,16.863,16.939,18.198,18.506,19.114,21.857,20.52,19.253,19.376,21.28,20.43,16.576,17.101,21.115,15.037,20.749,20.579,18.276,17.121,16.949,16.784,18.116,18.532,18.874,21.969,20.549,19.355,21.587,11.09,10.402,16.649,8.608,8.618,15.077,14.451,20.746,16.652,15.248,15.001,11.527,8.296,10.637,17.697,10.636,13.03,7.845,21.845,11.014,10.243,16.576,8.615,8.5,15.208,14.527,20.84,16.809,15.198,14.956,11.465,8.165,10.694,17.688,10.808,13.174,8.052,23.37
2026-01-02 01:56:00,19.283,21.237,20.315,16.537,17.289,20.907,14.887,20.635,20.524,18.396,17.207,17.006,16.808,18.401,18.397,18.737,21.965,20.573,19.327,19.376,21.28,20.43,16.576,17.101,21.115,15.037,20.749,20.579,18.276,17.121,16.949,16.784,18.116,18.532,18.874,21.969,20.549,19.355,21.988,11.065,10.093,16.514,8.452,8.205,15.352,14.579,21.069,16.796,15.183,14.868,11.359,8.092,10.576,17.636,10.845,13.092,8.315,21.845,11.014,10.243,16.576,8.615,8.5,15.208,14.527,20.84,16.809,15.198,14.956,11.465,8.165,10.694,17.688,10.808,13.174,8.052,24.63
2026-01-02 01:58:00,19.275,21.124,20.397,16.492,17.044,20.986,15.196,20.802,20.8,18.214,17.128,16.919,16.786,18.085,18.512,18.639,21.936,20.631,19.123,19.376,21.28,20.43,16.576,17.101,21.115,15.037,20.749,20.579,18.276,17.121,16.949,16.784,18.116,18.532,18.874,21.969,20.549,19.355,21.797,11.182,10.501,16.51,8.805,8.583,15.06,14.475,20.418,16.706,15.248,14.859,11.457,8.119,10.634,17.668,10.748,13.123,8.145,21.845,11.014,10.243,16.576,8.615,8.5,15.208,14.527,20.84,16.809,15.198,14.956,11.465,8.165,10.694,17.688,10.808,13.174,8.052,23.94
2026-01-02 02:00:00,19.334,21.349,20.581,16.566,17.155,21.324,15.191,20.695,20.507,18.397,17.148,16.884,16.756,18.153,18.508,18.844,21.94,20.371,19.562,19.376,21.28,20.43,16.576,17.101,21.115,15.037,20.749,20.579,18.276,17.121,16.949,16.784,18.116,18.532,18.874,21.969,20.549,19.355,22.164,10.923,10.245,16.526,8.534,8.555,15.229,14.732,21.007,16.73,14.981,15.002,11.594,8.261,10.712,17.682,10.803,13.14,8.078,21.845,,10.243,16.576,8.615,8.5,15.208,14.527,20.84,16.809,15.198,14.956,11.465,8.165,10.694,17.688,10.808,13.174,8.052,23.84
2026-01-02 02:02:00,19.521,21.461,17.987,16.591,14.716,21.213,14.819,20.791,20.46,18.267,17.042,17.152,16.848,18.112,18.698,18.866,21.882,20.526,19.312,19.376,21.28,20.43,16.576,17.101,21.115,15.037,20.749,20.579,18.276,17.121,16.949,16.784,18.116,18.532,18.874,21.969,20.549,19.355,21.921,10.966,11.473,16.629,11.433,8.533,15.148,14.277,20.808,16.802,15.311,15.04,11.513,8.212,10.871,17.548,11.054,13.411,8.091,21.845,11.014,10.243,16.576,8.615,8.5,15.208,14.527,20.84,16.809,15.198,14.956,11.465,8.165,10.694,17.688,10.808,13.174,8.052,9.28
2026-01-02 02:04:00,19.381,21.381,20.416,16.569,17.222,21.149,15.15,20.765,20.424,18.142,16.924,17.084,16.833,18.059,18.414,18.917,21.953,20.587,19.255,19.376,21.28,20.43,16.576,17.101,21.115,15.037,20.749,20.579,18.276,17.121,16.949,16.784,18.116,18.532,18.874,21.969,20.549,19.355,21.742,11.229,10.206,16.612,8.621,8.546,15.158,14.607,20.88,16.771,15.311,15.036,11.411,8.127,10.797,17.486,10.853,13.205,7.867,21.845,11.014,10.243,16.576,8.615,8.5,15.208,14.527,20.84,16.809,15.198,14.956,11.465,8.165,10.694,17.688,10.808,13.174,8.052,23.72
2026-01-02 02:06:00,19.244,21.467,20.316,16.574,17.26,20.897,15.12,20.757,20.562,18.308,16.98,16.684,17.009,18.081,18.638,19.006,22.003,20.603,19.44,19.376,21.28,20.43,16.576,17.101,21.115,15.037,20.749,20.579,18.276,17.121,16.949,16.784,18.116,18.532,18.874,21.969,20.549,19.355,21.787,11.236,10.354,16.448,8.588,8.454,15.121,14.428,20.832,16.76,15.435,15.23,11.505,8.145,10.495,17.601,10.722,13.211,8.319,21.845,11.014,10.243,16.576,8.615,8.5,15.208,14.527,20.84,16.809,15.198,14.956,11.465,8.165,10.694,17.688,10.808,13.174,8.052,24.12
2026-01-02 02:08:00,19.563,21.339,20.58,16.542,17.051,21.125,15.085,20.812,20.811,18.375,17.129,17.185,16.823,18.158,18.591,18.835,21.839,18.076,19.319,19.376,21.28,20.43,16.576,17.101,21.115,15.037,20.749,20.579,18.276,17.121,16.949,16.784,18.116,18.532,18.874,21.969,20.549,19.355,21.793,11.239,10.284,16.635,8.619,8.14,15.103,14.497,,16.684,15.15,14.797,11.432,8.06,10.813,17.569,10.671,15.067,8.224,21.845,11.014,10.243,16.576,8.615,8.5,15.208,14.527,20.84,16.809,15.198,14.956,11.465,8.165,10.694,17.688,10.808,13.174,8.052,17.4
2026-01-02 02:10:00,19.273,21.295,20.406,16.506,16.89,21.095,15.246,20.854,20.708,18.273,17.247,16.869,16.73,18.177,18.363,18.882,22.004,20.749,19.273,19.376,21.28,20.43,16.576,17.101,21.115,15.037,20.749,20.579,18.276,17.121,16.949,16.784,18.116,18.532,18.874,21.969,20.549,19.355,21.852,11.008,10.34,16.587,8.733,8.618,15.22,14.29,20.891,16.909,15.368,14.857,11.345,8.206,10.695,17.712,10.733,13.17,8.048,21.845,11.014,10.243,16.576,8.615,8.5,15.208,14.527,20.84,16.809,15.198,14.956,11.465,8.165,10.694,17.688,10.808,13.174,8.052,23.57
2026-01-02 02:12:00,19.426,21.203,20.365,16.257,16.99,21.252,15.099,20.768,20.872,18.34,16.975,16.925,16.778,18.307,18.426,18.925,22.085,20.453,19.366,19.376,21.28,20.43,16.576,17.101,21.115,15.037,20.749,20.579,18.276,17.121,16.949,16.784,18.116,18.532,18.874,21.969,20.549,19.355,21.506,11.172,10.176,16.319,8.375,8.49,14.966,14.467,20.676,16.746,15.12,15.215,11.516,8.356,10.499,17.647,10.648,13.251,8.271,21.845,11.014,10.243,16.576,8.615,8.5,15.208,14.527,20.84,16.809,15.198,14.956,11.465,8.165,10.694,17.688,10.808,13.174,8.052,24.06
2026-01-02 02:14:00,19.138,21.293,20.169,16.531,17.306,21.164,15.043,20.767,20.836,18.342,17.245,16.898,16.733,17.992,18.512,18.792,22.086,20.625,19.342,19.376,21.28,20.43,16.576,17.101,21.115,15.037,20.749,20.579,18.276,17.121,16.949,16.784,18.116,18.532,18.874,21.969,20.549,19.355,21.855,10.762,10.214,16.723,8.831,8.44,15.196,14.364,20.585,16.74,15.379,14.839,11.531,8.196,10.62,17.579,10.56,13.121,8.118,21.845,11.014,10.243,16.576,8.615,8.5,15.208,14.527,20.84,16.809,15.198,14.956,11.465,8.165,10.694,17.688,10.808,13.174,8.052,23.66
2026-01-02 02:16:00,19.312,20.938,20.36,16.613,17.18,20.75,14.753,20.768,20.458,18.25,16.174,17.019,16.564,18.049,18.644,18.045,21.871,20.603,19.39,19.376,21.28,20.43,16.576,17.101,21.115,15.037,20.749,20.579,18.276,17.121,16.949,16.784,18.116,18.532,18.874,21.969,20.549,19.355,21.946,11.031,10.252,16.34,8.421,8.395,15.137,14.311,20.736,16.759,17.466,14.951,11.262,8.025,10.825,18.678,10.838,13.379,8.27,21.845,11.014,10.243,16.576,8.615,8.5,15.208,14.527,20.84,16.809,15.198,14.956,11.465,8.165,10.694,17.688,10.808,13.174,8.052,15.78
2026-01-02 02:18:00,19.271,21.363,20.51,16.561,17.213,20.977,15.128,20.726,20.469,18.206,17.26,16.884,16.744,18.039,18.439,18.989,22.232,20.708,19.416,19.376,21.28,20.43,16.576,17.101,21.115,15.037,20.749,20.579,18.276,17.121,16.949,16.784,18.116,18.532,18.874,21.969,20.549,19.355,21.633,10.998,10.168,16.454,8.733,8.515,15.391,14.333,20.482,16.772,15.186,15.138,11.402,8.23,10.866,17.3,10.778,13.083,7.879,21.845,11.014,10.243,16.576,8.615,8.5,15.208,14.527,20.84,16.809,15.198,14.956,11.465,8.165,10.694,17.688,10.808,13.174,8.052,23.27
2026-01-02 02:20:00,19.466,21.24,20.372,16.438,17.273,21.075,14.953,20.674,20.603,18.211,17.124,16.969,16.943,17.969,18.568,18.793,21.918,20.742,19.43,19.376,21.28,20.43,16.576,17.101,21.115,15.037,20.749,20.579,18.276,17.121,16.949,16.784,18.116,18.532,18.874,21.969,20.549,19.355,21.752,10.972,10.543,16.421,8.545,8.643,15.568,14.32,20.919,16.697,15.42,15.059,11.511,8.327,10.716,17.674,10.87,12.934,8.041,21.845,11.014,10.243,16.576,8.615,8.5,15.208,14.527,20.84,16.809,15.198,14.956,11.465,8.165,10.694,17.688,10.808,13.174,8.052,23.42
2026-01-02 02:22:00,19.331,21.34,20.428,16.709,17.044,21.174,15.013,20.751,20.562,18.203,17.135,17.066,16.713,18.071,18.577,18.786,22.073,20.633,19.084,19.376,21.28,20.43,16.576,17.101,21.115,15.037,20.749,20.579,18.276,17.121,16.949,16.784,18.116,18.532,18.874,21.969,20.549,19.355,21.997,10.608,9.974,16.663,8.698,8.499,15.294,14.491,21.032,16.641,15.425,14.933,11.344,8.265,10.628,17.949,10.739,12.983,7.745,21.845,11.014,10.243,16.576,8.615,8.5,15.208,14.527,20.84,16.809,15.198,14.956,11.465,8.165,10.694,17.688,10.808,13.174,8.052,23.97
2026-01-02 02:24:00,19.299,21.154,20.529,16.689,16.96,21.035,15.028,20.706,20.666,18.393,17.192,17.079,16.896,18.108,18.482,18.788,22.067,20.655,19.477,19.376,21.28,20.43,16.576,17.101,21.115,15.037,20.749,20.579,18.276,17.121,16.949,16.784,18.116,18.532,18.874,21.969,20.549,19.355,21.871,11.341,10.354,16.567,8.256,8.29,15.269,14.442,20.831,16.801,15.281,14.858,,8.327,10.669,17.771,10.777,13.087,8.079,21.845,11.014,10.243,16.576,8.615,8.5,15.208,14.527,20.84,16.809,15.198,14.956,11.465,8.165,10.694,17.688,10.808,13.174,8.052,24.58
2026-01-02 02:26:00,19.338,21.236,20.463,16.726,17.145,21.143,14.941,20.802,20.645,18.165,17.33,16.842,16.895,18.093,18.552,18.783,21.903,20.633,19.334,19.376,21.28,20.43,16.576,17.101,21.115,15.037,20.749,20.579,18.276,17.121,16.949,16.784,18.116,18.532,18.874,21.969,20.549,19.355,21.796,10.894,10.21,16.53,8.746,8.68,14.95,14.242,20.719,16.968,15.007,14.774,11.165,8.032,10.641,17.829,11.079,13.174,8.111,21.845,11.014,10.243,16.576,8.615,8.5,15.208,14.527,20.84,16.809,15.198,14.956,11.465,8.165,10.694,17.688,10.808,13.174,8.052,23.76
2026-01-02 02:28:00,19.337,21.387,20.516,16.598,17.13,21.32,15.019,20.796,20.632,18.112,15.142,16.966,16.888,18.141,18.471,18.799,22.066,20.515,19.167,19.376,21.28,20.43,16.576,17.101,21.115,15.037,20.749,20.579,18.276,17.121,16.949,16.784,18.116,18.532,18.874,21.969,20.549,19.355,21.925,11.03,10.304,16.319,8.698,8.614,14.968,14.374,20.873,16.866,16.883,15.18,11.57,8.512,10.635,17.545,10.596,13.286,8.251,21.845,11.014,10.243,16.576,8.615,8.5,15.208,14.527,20.84,16.809,15.198,14.956,11.465,8.165,10.694,17.688,10.808,13.174,8.052,18.62
2026-01-02 02:30:00,19.458,21.31,20.477,16.701,17.259,21.183,15.018,20.5,20.616,18.26,17.279,17.102,16.842,18.279,18.525,18.871,21.87,20.514,19.382,19.376,21.28,20.43,16.576,17.101,21.115,15.037,20.749,20.579,18.276,17.121,16.949,16.784,18.116,18.532,18.874,21.969,20.549,19.355,21.726,11.011,10.041,16.812,8.645,8.642,15.071,14.563,21.022,16.848,14.959,14.832,11.414,8.246,10.743,17.831,10.792,12.981,8.208,21.845,11.014,10.243,16.576,8.615,8.5,15.208,14.527,20.84,16.809,15.198,14.956,11.465,8.165,10.694,17.688,10.808,13.174,8.052,23.9
2026-01-02 02:32:00,19.502,21.195,20.526,16.855,16.944,21.086,15.041,20.869,20.816,18.423,17.119,16.85,16.779,18.113,18.562,18.77,22.15,20.465,19.437,19.376,21.28,20.43,16.576,17.101,21.115,15.037,20.749,20.579,18.276,17.121,16.949,16.784,18.116,18.532,18.874,21.969,20.549,19.355,21.906,10.774,10.224,16.392,8.973,8.466,15.214,14.676,20.647,16.913,15.179,15.021,11.249,8.241,10.469,17.701,10.869,13.259,8.189,21.845,11.014,10.243,16.576,8.615,8.5,15.208,14.527,20.84,16.809,15.198,14.956,11.465,8.165,10.694,17.688,10.808,13.174,8.052,23.25
2026-01-02 02:34:00,19.402,21.153,20.439,16.58,17.08,21.212,14.982,21.051,20.714,18.169,16.828,17.099,16.815,18.127,18.418,18.705,21.749,20.854,19.546,19.376,21.28,20.43,16.576,17.101,21.115,15.037,20.749,20.579,18.276,17.121,16.949,16.784,18.116,18.532,18.874,21.969,20.549,19.355,21.597,11.279,10.219,16.593,8.768,8.773,15.089,14.533,20.873,17.018,15.257,15.294,11.585,8.082,10.605,17.67,10.81,13.078,8.095,21.845,11.014,10.243,16.576,8.615,8.5,15.208,14.527,20.84,16.809,15.198,14.956,11.465,8.165,10.694,17.688,10.808,13.174,8.052,23.62
2026-01-02 02:36:00,19.312,20.6,20.211,16.66,17.186,21.014,14.984,20.626,20.585,18.432,17.24,16.999,16.918,17.904,18.773,18.869,21.813,18.777,19.279,19.376,21.28,20.43,16.576,17.101,21.115,15.037,20.749,20.579,18.276,17.121,16.949,16.784,18.116,18.532,18.874,21.969,20.549,19.355,21.991,13.668,10.403,16.685,8.68,8.726,15.431,14.358,20.886,16.9,15.037,14.731,11.451,8.025,10.667,17.506,10.915,13.96,7.844,21.845,11.014,10.243,16.576,8.615,8.5,15.208,14.527,20.84,16.809,15.198,14.956,11.465,8.165,10.694,17.688,10.808,13.174,8.052,14.4
2026-01-02 02:38:00,19.388,21.318,20.153,16.727,17.307,20.992,15.213,20.899,20.701,18.47,16.956,17.036,16.664,18.398,18.417,18.729,22.103,20.623,19.359,19.376,21.28,20.43,16.576,17.101,21.115,15.037,20.749,20.579,18.276,17.121,16.949,16.784,18.116,18.532,18.874,21.969,20.549,19.355,21.802,11.027,10.085,16.633,8.44,8.765,15.273,14.601,20.858,16.827,14.965,15.006,11.57,8.037,10.725,17.523,10.945,13.185,8.293,21.845,11.014,10.243,16.576,8.615,8.5,15.208,14.527,20.84,16.809,15.198,14.956,11.465,8.165,10.694,17.688,10.808,13.174,8.052,24.11
2026-01-02 02:40:00,19.392,21.354,20.636,16.492,17.035,21.046,,20.75,20.426,18.312,14.548,16.912,16.755,18.087,18.709,19.071,21.093,20.738,19.321,19.376,21.28,20.43,16.576,17.101,21.115,15.037,20.749,20.579,18.276,17.121,16.949,16.784,18.116,18.532,18.874,21.969,20.549,19.355,21.979,10.939,10.281,16.863,8.822,8.431,15.062,14.44,20.714,16.737,18.537,15.029,11.695,8.018,10.767,17.828,12.952,13.07,7.812,21.845,11.014,10.243,16.576,8.615,8.5,15.208,14.527,20.84,16.809,15.198,14.956,11.465,8.165,10.694,17.688,10.808,13.174,8.052,11.13
2026-01-02 02:42:00,19.544,21.274,20.457,16.609,16.941,21.042,15.018,20.793,20.565,18.174,16.983,16.95,16.643,17.975,18.52,18.896,21.869,20.335,19.39,19.376,21.28,20.43,16.576,17.101,21.115,15.037,20.749,20.579,18.276,17.121,16.949,16.784,18.116,18.532,18.874,21.969,20.549,19.355,21.634,10.888,10.357,16.723,8.54,8.348,15.44,14.526,20.805,17.082,15.165,14.764,11.623,8.089,10.467,17.838,10.674,13.085,8.147,21.845,11.014,10.243,16.576,8.615,8.5,15.208,14.527,20.84,16.809,15.198,14.956,11.465,8.165,10.694,17.688,10.808,13.174,8.052,24.11
2026-01-02 02:44:00,19.474,18.819,20.385,16.298,17.209,20.984,15.123,20.678,20.562,18.253,16.906,17.279,15.894,18.129,16.983,18.846,22.134,20.325,19.338,19.376,21.28,20.43,16.576,17.101,21.115,15.037,20.749,20.579,18.276,17.121,16.949,16.784,18.116,18.532,18.874,21.969,20.549,19.355,22.025,12.766,10.299,16.722,8.819,8.492,15.088,14.597,20.615,17.021,15.129,14.742,13.474,8.338,13.383,17.508,11.037,13.243,8.054,21.845,11.014,10.243,16.576,8.615,8.5,15.208,14.527,20.84,16.809,15.198,14.956,11.465,8.165,10.694,17.688,10.808,13.174,8.052,7.1
2026-01-02 02:46:00,18.789,21.295,20.477,16.486,16.904,20.958,14.988,20.838,20.589,18.468,17.133,16.972,16.808,17.908,18.601,18.741,20.183,20.83,18.508,19.376,21.28,20.43,16.576,17.101,21.115,15.037,20.749,20.579,18.276,17.121,16.949,16.784,18.116,18.532,18.874,21.969,20.549,19.355,23.259,11.179,10.316,16.583,8.648,8.534,15.224,14.523,20.87,17.025,15.041,14.691,11.346,8.226,10.63,17.691,12.423,13.227,8.99,21.845,11.014,10.243,16.576,8.615,8.5,15.208,14.527,20.84,16.809,15.198,14.956,11.465,8.165,10.694,17.688,10.808,13.174,8.052,14.56
2026-01-02 02:48:00,19.39,21.316,20.445,16.577,17.034,21.354,14.796,20.625,20.758,18.341,17.029,16.841,16.754,18.432,18.591,18.751,21.997,20.473,19.535,19.376,21.28,20.43,16.576,17.101,21.115,15.037,20.749,20.579,18.276,17.121,16.949,16.784,18.116,18.532,18.874,21.969,20.549,19.355,21.965,11.092,10.175,16.511,8.596,8.339,15.145,14.366,20.737,16.544,14.984,15.144,11.238,8.218,10.771,17.833,10.745,13.207,8.023,21.845,11.014,10.243,16.576,8.615,8.5,15.208,14.527,20.84,16.809,15.198,14.956,11.465,8.165,10.694,17.688,10.808,13.174,8.052,23.97
2026-01-02 02:50:00,19.411,21.432,20.449,16.821,17.151,21.149,14.915,20.698,20.626,18.216,17.42,16.948,16.693,18.234,18.468,18.923,21.957,20.462,19.522,19.376,21.28,20.43,16.576,17.101,21.115,15.037,20.749,20.579,18.276,17.121,16.949,16.784,18.116,18.532,18.874,21.969,20.549,19.355,21.876,11.06,10.37,16.565,8.53,8.386,15.043,14.523,20.928,16.749,15.268,15.134,11.355,8.328,10.726,17.546,10.678,13.21,8.034,21.845,11.014,10.243,16.576,8.615,8.5,15.208,14.527,20.84,16.809,15.198,14.956,11.465,8.165,10.694,17.688,10.808,13.174,8.052,23.63
2026-01-02 02:52:00,19.387,21.411,20.389,16.405,16.952,21.053,15.015,20.755,20.641,18.126,17.149,16.803,16.702,18.423,18.685,18.831,22.184,20.719,18.454,19.376,21.28,20.43,16.576,,21.115,15.037,20.749,20.579,18.276,17.121,16.949,16.784,18.116,18.532,18.874,21.969,20.549,19.355,21.94,10.727,10.409,16.742,8.442,8.394,15.497,14.644,20.811,16.757,15.198,15.069,11.419,8.233,10.604,17.385,10.824,13.089,9.658,21.845,11.014,10.243,16.576,8.615,8.5,15.208,14.527,20.84,16.809,15.198,14.956,11.465,8.165,10.694,17.688,10.808,13.174,8.052,20.44
2026-01-02 02:54:00,19.552,21.251,20.415,16.473,17.171,20.964,14.976,20.804,20.519,18.317,17.34,16.831,16.953,18.034,18.42,18.902,22.092,20.463,19.268,19.376,21.28,20.43,16.576,17.101,21.115,15.037,20.749,20.579,18.276,17.121,16.949,16.784,18.116,18.532,18.874,21.969,20.549,19.355,21.887,11.113,10.047,16.69,8.352,8.638,15.238,14.668,21.074,16.982,15.055,14.795,11.507,8.202,10.744,17.541,10.636,13.179,8.281,21.845,11.014,10.243,16.576,8.615,8.5,15.208,14.527,20.84,16.809,15.198,14.956,11.465,8.165,10.694,17.688,10.808,13.174,8.052,23.65
2026-01-02 02:56:00,19.323,21.194,20.452,16.491,17.071,21.157,14.987,20.887,20.498,18.183,17.366,17.13,16.793,18.215,18.573,18.813,22.05,19.825,19.509,19.376,21.28,20.43,16.576,17.101,21.115,15.037,20.749,20.579,18.276,17.121,16.949,16.784,18.116,18.532,18.874,21.969,20.549,19.355,21.697,11.069,10.308,16.525,8.201,8.583,14.901,14.502,20.609,16.687,15.337,14.641,11.258,8.051,10.552,17.687,10.776,14.966,8.049,21.845,11.014,10.243,16.576,8.615,8.5,15.208,14.527,20.84,16.809,15.198,14.956,11.465,8.165,10.694,17.688,10.808,13.174,8.052,20.42
2026-01-02 02:58:00,19.155,21.377,20.45,16.494,17.05,21.066,14.878,20.68,20.673,18.093,17.076,16.665,16.715,18.163,18.526,18.88,21.834,20.617,19.247,19.376,21.28,20.43,16.576,17.101,21.115,15.037,20.749,20.579,18.276,17.121,16.949,16.784,18.116,18.532,18.874,21.969,20.549,19.355,21.844,11.26,10.086,16.607,8.592,8.606,14.771,14.395,20.894,16.791,15.378,14.704,11.811,8.227,10.634,17.562,10.654,13.067,8.053,21.845,11.014,10.243,16.576,8.615,8.5,15.208,14.527,20.84,16.809,15.198,14.956,11.465,8.165,10.694,17.688,10.808,13.174,8.052,23.63
2026-01-02 03:00:00,19.485,21.306,20.384,16.755,17.054,21.238,15.049,20.749,20.7,18.328,17.12,16.935,16.81,18.126,18.493,17.776,21.658,20.535,19.326,19.376,21.28,20.43,16.576,17.101,21.115,15.037,20.749,20.579,18.276,17.121,16.949,16.784,18.116,18.532,18.874,21.969,20.549,19.355,21.705,11.068,10.164,16.66,8.48,8.513,15.08,14.69,20.829,16.846,15.453,14.984,11.349,8.136,10.619,20.12,11.084,13.438,8.032,21.845,11.014,10.243,16.576,8.615,8.5,15.208,14.527,20.84,16.809,15.198,14.956,11.465,8.165,10.694,17.688,10.808,13.174,8.052,18.99
2026-01-02 03:02:00,19.521,21.334,20.567,16.785,17.088,21.014,15.135,20.677,20.549,18.448,17.188,17.081,16.622,18.12,18.666,18.721,21.993,20.597,19.079,19.376,21.28,20.43,16.576,17.101,21.115,15.037,20.749,20.579,18.276,17.121,16.949,16.784,18.116,18.532,18.874,21.969,20.549,19.355,21.85,11.182,10.351,16.221,8.484,8.428,15.103,14.535,20.914,16.628,15.325,14.955,11.568,8.443,10.62,17.401,10.736,13.165,7.982,21.845,11.014,10.243,16.576,8.615,8.5,15.208,14.527,20.84,16.809,15.198,14.956,11.465,8.165,10.694,17.688,10.808,13.174,8.052,24.81
2026-01-02 03:04:00,19.568,21.195,20.413,14.964,15.483,21.171,14.984,20.754,20.481,18.44,16.987,16.993,16.849,18.105,18.499,18.843,22.092,20.603,19.346,19.376,21.28,20.43,16.576,17.101,21.115,15.037,20.749,20.579,18.276,17.121,16.949,16.784,18.116,18.532,18.874,21.969,20.549,19.355,21.81,10.86,10.321,18.245,11.499,8.357,15.216,14.592,20.69,16.795,15.073,15.203,11.597,8.196,10.391,17.79,10.635,13.314,8.238,21.845,11.014,10.243,16.576,8.615,8.5,15.208,14.527,20.84,16.809,15.198,14.956,11.465,8.165,10.694,17.688,10.808,13.174,8.052,13.58
2026-01-02 03:06:00,19.245,21.3,20.494,16.573,17.274,20.886,15.337,20.727,20.443,18.067,17.226,17.018,16.758,18.11,18.553,18.824,22.107,20.624,19.341,19.376,21.28,20.43,16.576,17.101,21.115,15.037,20.749,20.579,18.276,17.121,16.949,16.784,18.116,18.532,18.874,21.969,20.549,19.355,22.028,11.021,10.106,16.623,8.672,8.026,15.099,14.63,20.786,17.006,15.212,15.035,11.541,8.241,10.895,17.645,10.662,12.961,8.074,21.845,11.014,10.243,16.576,8.615,8.5,15.208,14.527,20.84,16.809,15.198,14.956,11.465,8.165,10.694,17.688,10.808,13.174,8.052,24.33
2026-01-02 03:08:00,19.179,21.446,20.373,16.453,17.257,19.906,14.796,20.55,20.532,18.125,17.103,17.264,16.221,17.168,18.629,18.982,21.955,20.372,19.485,19.376,21.28,20.43,16.576,17.101,21.115,15.037,20.749,20.579,18.276,17.121,16.949,16.784,18.116,18.532,18.874,21.969,20.549,19.355,21.661,10.853,10.281,16.524,8.587,10.143,15.265,14.447,20.839,16.646,15.218,15.035,13.273,9.528,10.714,17.74,10.845,13.115,7.765,21.845,11.014,10.243,16.576,8.615,8.5,15.208,14.527,20.84,16.809,15.198,14.956,11.465,8.165,10.694,17.688,10.808,13.174,8.052,12.92
2026-01-02 03:10:00,19.355,21.336,20.516,16.48,17.305,21.125,15.065,20.698,20.666,18.398,17.055,17.02,16.733,17.969,18.493,18.949,22.036,20.68,19.275,19.376,21.28,20.43,16.576,17.101,21.115,15.037,20.749,20.579,18.276,17.121,16.949,16.784,18.116,18.532,18.874,21.969,20.549,19.355,21.77,11.08,10.334,16.603,8.587,8.417,15.158,14.331,21.146,16.761,15.218,15.023,11.324,8.003,10.59,17.686,10.916,13.072,7.968,21.845,11.014,10.243,16.576,8.615,8.5,15.208,14.527,20.84,16.809,15.198,14.956,11.465,8.165,10.694,17.688,10.808,13.174,8.052,23.65
2026-01-02 03:12:00,19.34,21.29,20.506,16.564,16.988,20.93,15.18,20.878,20.501,18.455,17.115,17.005,16.937,18.059,18.44,16.726,22.007,20.604,17.349,19.376,21.28,20.43,16.576,17.101,21.115,15.037,20.749,20.579,18.276,17.121,16.949,16.784,18.116,18.532,18.874,21.969,20.549,19.355,21.713,11.046,10.267,16.694,8.798,8.572,15.171,14.447,20.879,16.781,15.255,15.082,11.369,8.253,10.708,18.742,10.939,13.162,8.943,21.845,11.014,10.243,16.576,8.615,8.5,15.208,14.527,20.84,16.809,15.198,14.956,11.465,8.165,10.694,17.688,10.808,13.174,8.052,14.9
2026-01-02 03:14:00,19.45,21.295,20.57,16.455,17.15,21.178,15.024,20.958,20.634,18.44,17.231,16.929,17.019,18.251,18.536,18.862,21.846,20.532,19.329,19.376,21.28,20.43,16.576,17.101,21.115,15.037,20.749,20.579,18.276,17.121,16.949,16.784,18.116,18.532,18.874,21.969,20.549,19.355,21.939,11.158,10.092,16.545,8.414,8.452,15.238,14.55,20.834,17.028,15.319,15.002,11.507,8.165,10.606,17.56,10.783,13.261,7.961,21.845,11.014,10.243,16.576,8.615,8.5,15.208,14.527,20.84,16.809,15.198,14.956,11.465,8.165,10.694,17.688,10.808,13.174,8.052,24.34
2026-01-02 03:16:00,19.403,21.232,20.501,15.603,16.913,21.056,14.931,20.597,20.551,16.727,16.989,16.71,16.767,16.197,18.463,18.909,21.921,20.654,19.531,19.376,21.28,20.43,16.576,17.101,21.115,15.037,20.749,20.579,18.276,17.121,16.949,16.784,18.116,18.532,18.874,21.969,20.549,19.355,21.549,11.11,10.205,18.772,8.651,8.337,15.051,14.454,20.51,19.054,15.119,14.897,11.265,10.591,10.807,17.926,10.736,13.403,8.107,21.845,11.014,10.243,16.576,8.615,8.5,15.208,14.527,20.84,16.809,15.198,14.956,11.465,8.165,10.694,17.688,10.808,13.174,8.052,7.74
2026-01-02 03:18:00,19.359,21.425,20.301,16.604,16.951,21.14,14.965,20.78,20.447,18.306,17.137,16.883,16.69,17.975,18.487,18.925,21.955,20.57,19.511,19.376,21.28,20.43,16.576,17.101,21.115,15.037,20.749,20.579,18.276,17.121,16.949,16.784,18.116,18.532,18.874,21.969,20.549,19.355,21.638,11.194,10.161,16.666,8.687,8.464,15.155,14.639,20.741,16.672,15.382,14.938,11.707,7.955,10.687,17.699,10.674,13.384,8.048,21.845,11.014,10.243,16.576,8.615,8.5,15.208,14.527,20.84,16.809,15.198,14.956,11.465,8.165,10.694,17.688,10.808,13.174,8.052,24.12
2026-01-02 03:20:00,19.339,21.319,20.532,16.641,17.151,21.127,15.272,20.742,20.536,18.35,17.321,17.122,16.791,18.219,18.595,18.887,22.05,20.626,19.375,19.376,21.28,20.43,16.576,17.101,21.115,15.037,20.749,20.579,18.276,17.121,16.949,16.784,18.116,18.532,18.874,21.969,20.549,19.355,21.578,11.102,10.026,16.597,8.687,8.856,15.139,14.542,20.762,16.718,15.305,15.129,11.588,7.783,10.819,17.668,10.635,13.048,7.728,21.845,11.014,10.243,16.576,8.615,8.5,15.208,14.527,20.84,16.809,15.198,14.956,11.465,8.165,10.694,17.688,10.808,13.174,8.052,24.45
2026-01-02 03:22:00,17.307,21.238,20.601,15.401,17.359,21.151,15.018,20.559,20.576,18.573,16.936,16.766,16.888,18.193,18.315,18.871,22.013,20.369,19.474,19.376,21.28,20.43,16.576,17.101,21.115,15.037,20.749,20.579,18.276,17.121,16.949,16.784,18.116,18.532,18.874,21.969,20.549,19.355,22.887,10.993,10.266,19.372,8.476,8.59,15.327,14.518,20.821,16.91,15.477,15.004,11.459,8.124,10.774,17.658,10.848,13.263,7.962,21.845,11.014,10.243,16.576,8.615,8.5,15.208,14.527,20.84,16.809,15.198,14.956,11.465,8.165,10.694,17.688,10.808,13.174,8.052,12.43
2026-01-02 03:24:00,19.219,21.42,20.457,16.496,16.911,21.077,15.028,20.736,20.511,18.253,17.229,16.842,16.762,18.174,18.532,18.28,22.159,20.509,19.384,19.376,21.28,20.43,16.576,17.101,21.115,15.037,20.749,20.579,18.276,17.121,16.949,16.784,18.116,18.532,18.874,21.969,20.549,19.355,22.033,11.335,10.145,16.709,8.367,8.624,14.945,14.737,20.991,16.557,15.119,14.671,11.759,8.406,10.733,18.493,10.844,13.208,8.231,21.845,11.014,10.243,16.576,8.615,8.5,15.208,14.527,20.84,16.809,15.198,14.956,11.465,8.165,10.694,17.688,10.808,13.174,8.052,22.03
2026-01-02 03:26:00,19.025,21.241,20.513,16.444,17.264,20.891,15.202,20.689,20.459,18.22,17.092,16.829,14.606,18.055,17.921,18.926,22.132,20.477,18.558,19.376,21.28,20.43,16.576,17.101,21.115,15.037,20.749,20.579,18.276,17.121,16.949,16.784,18.116,18.532,18.874,21.969,20.549,19.355,22.17,,10.413,16.587,8.594,8.65,15.219,14.473,20.681,16.641,15.102,14.792,13.102,8.141,11.867,17.71,10.826,13.213,10.801,21.845,11.014,10.243,16.576,8.615,8.5,15.208,14.527,20.84,16.809,15.198,14.956,11.465,8.165,10.694,17.688,10.808,13.174,8.052,8.61
2026-01-02 03:28:00,19.338,21.3,20.488,16.79,17.188,21.137,15.202,20.656,20.423,18.358,17.143,16.965,16.898,18.077,18.52,18.922,22.049,20.669,19.371,19.376,21.28,20.43,16.576,17.101,21.115,15.037,20.749,20.579,18.276,17.121,16.949,16.784,18.116,18.532,18.874,21.969,20.549,19.355,21.948,10.839,10.162,16.627,8.489,8.843,15.266,14.559,21.031,16.509,15.376,14.815,11.342,7.855,10.848,17.68,10.574,13.156,8.233,21.845,11.014,10.243,16.576,8.615,8.5,15.208,14.527,20.84,16.809,15.198,14.956,11.465,8.165,10.694,17.688,10.808,13.174,8.052,23.45
2026-01-02 03:30:00,19.409,20.991,20.579,16.389,17.097,21.422,14.999,20.56,20.775,18.21,17.103,16.931,16.874,18.21,18.518,19.01,21.861,20.631,19.282,19.376,21.28,20.43,16.576,17.101,21.115,15.037,20.749,20.579,18.276,17.121,16.949,16.784,18.116,18.532,18.874,21.969,20.549,19.355,21.716,11.051,10.093,16.546,8.909,8.503,15.113,14.712,20.575,16.818,15.321,14.715,11.561,8.506,10.932,17.544,10.899,13.095,7.986,21.845,11.014,10.243,16.576,8.615,8.5,15.208,14.527,20.84,16.809,15.198,14.956,11.465,8.165,10.694,17.688,10.808,13.174,8.052,23.65
2026-01-02 03:32:00,19.461,21.201,20.378,16.755,16.967,20.975,15.107,20.717,20.529,18.259,17.377,16.825,16.753,18.136,18.42,18.871,22.028,20.44,19.49,19.376,21.28,20.43,16.576,17.101,21.115,15.037,20.749,20.579,18.276,17.121,16.949,16.784,18.116,18.532,18.874,21.969,20.549,19.355,22.1,11.045,10.245,16.582,8.452,8.304,15.166,14.568,20.835,17.051,15.305,14.89,11.44,8.462,10.948,17.804,10.642,13.061,8.0,21.845,11.014,10.243,16.576,8.615,8.5,15.208,14.527,20.84,16.809,15.198,14.956,11.465,8.165,10.694,17.688,10.808,13.174,8.052,23.69
2026-01-02 03:34:00,19.239,21.264,20.471,16.959,16.892,21.149,15.34,20.677,20.711,18.302,16.95,16.997,16.678,18.126,18.352,18.963,21.679,20.529,19.51,19.376,21.28,20.43,16.576,17.101,21.115,15.037,20.749,20.579,18.276,17.121,16.949,16.784,18.116,18.532,18.874,21.969,20.549,19.355,21.913,11.065,10.341,16.282,8.637,8.657,15.291,14.533,20.788,16.763,15.045,14.947,11.649,8.165,10.92,17.643,10.736,13.351,7.887,21.845,11.014,10.243,16.576,8.615,8.5,15.208,14.527,20.84,16.809,15.198,14.956,11.465,8.165,10.694,17.688,10.808,13.174,8.052,23.98
2026-01-02 03:36:00,19.438,21.239,20.402,16.526,17.428,21.109,15.035,20.661,20.523,18.349,17.048,16.852,16.718,18.073,18.553,18.816,21.946,20.459,19.504,19.376,21.28,20.43,16.576,17.101,21.115,15.037,20.749,20.579,18.276,17.121,16.949,16.784,18.116,18.532,18.874,21.969,20.549,19.355,21.785,10.809,10.244,16.435,8.5,8.388,15.119,14.635,21.028,17.336,15.247,15.134,11.333,8.204,10.66,17.715,10.863,13.129,7.988,21.845,11.014,10.243,16.576,8.615,8.5,15.208,14.527,20.84,16.809,15.198,14.956,11.465,8.165,10.694,17.688,10.808,13.174,8.052,25.47
2026-01-02 03:38:00,19.387,21.243,20.465,16.571,16.913,21.093,15.235,20.809,20.721,18.195,16.943,16.865,16.946,17.996,18.437,19.007,21.938,20.525,19.401,19.376,21.28,20.43,16.576,17.101,21.115,15.037,20.749,20.579,18.276,17.121,16.949,16.784,18.116,18.532,18.874,21.969,20.549,19.355,21.742,10.943,10.312,16.346,8.869,8.655,15.085,14.69,20.92,16.661,15.076,15.017,11.352,8.196,10.63,17.911,10.616,13.393,7.955,21.845,11.014,10.243,16.576,8.615,8.5,15.208,14.527,20.84,16.809,15.198,14.956,11.465,8.165,10.694,17.688,10.808,13.174,8.052,23.79
2026-01-02 03:40:00,19.386,21.244,20.46,16.491,17.096,21.194,14.91,20.723,20.442,18.365,17.195,17.062,16.908,18.238,18.618,18.781,22.081,20.439,19.635,19.376,21.28,20.43,16.576,17.101,21.115,15.037,20.749,20.579,18.276,17.121,16.949,16.784,18.116,18.532,18.874,21.969,20.549,19.355,21.88,11.321,10.084,16.392,8.448,8.171,15.112,14.896,,16.765,15.322,15.048,11.15,8.24,10.954,17.924,10.556,13.218,8.24,21.845,11.014,10.243,16.576,8.615,8.5,15.208,14.527,20.84,16.809,15.198,14.956,11.465,8.165,10.694,17.688,10.808,13.174,8.052,24.86
2026-01-02 03:42:00,19.41,21.352,20.282,16.705,17.242,20.926,14.97,20.692,20.502,18.441,17.381,16.821,15.007,18.084,18.696,17.826,20.163,20.695,19.264,19.376,21.28,20.43,16.576,17.101,21.115,15.037,20.749,20.579,18.276,17.121,16.949,16.784,18.116,18.532,18.874,21.969,20.549,19.355,21.977,10.922,10.296,16.639,8.548,8.526,15.234,14.429,20.795,16.716,15.433,15.003,13.68,8.225,10.849,18.941,13.439,12.999,8.102,21.845,11.014,10.243,16.576,8.615,8.5,15.208,14.527,20.84,16.809,15.198,14.956,11.465,8.165,10.694,17.688,10.808,13.174,8.052,8.32
2026-01-02 03:44:00,19.518,21.219,20.566,16.646,17.051,21.023,15.016,20.888,20.578,18.195,17.52,16.759,16.757,18.18,18.406,18.873,21.918,20.37,19.41,19.376,21.28,20.43,16.576,17.101,21.115,15.037,20.749,20.579,18.276,17.121,16.949,16.784,18.116,18.532,18.874,21.969,20.549,19.355,21.888,10.759,9.972,16.415,8.694,8.382,15.141,14.214,21.326,16.761,14.999,14.721,11.634,8.143,10.731,17.733,10.783,13.266,8.392,21.845,11.014,10.243,16.576,8.615,8.5,15.208,14.527,20.84,16.809,15.198,14.956,11.465,8.165,10.694,17.688,10.808,13.174,8.052,24.62
2026-01-02 03:46:00,19.239,21.19,20.577,16.442,17.173,21.256,15.156,20.804,20.551,18.106,17.138,17.002,16.722,17.996,18.635,18.747,22.021,20.49,19.152,19.376,21.28,20.43,16.576,17.101,21.115,15.037,20.749,20.579,18.276,17.121,16.949,16.784,18.116,18.532,18.874,21.969,20.549,19.355,21.769,11.02,10.344,16.635,8.821,8.551,15.149,14.649,20.612,16.823,15.249,15.244,11.37,8.139,10.691,17.493,10.784,13.124,7.985,21.845,11.014,10.243,16.576,8.615,8.5,15.208,14.527,20.84,16.809,15.198,14.956,11.465,8.165,10.694,17.688,10.808,13.174,8.052,23.65
2026-01-02 03:48:00,19.569,21.353,20.494,16.405,17.084,21.147,14.946,20.945,20.335,18.358,16.892,16.759,16.628,18.182,18.443,18.791,21.856,20.367,19.244,19.376,21.28,20.43,16.576,17.101,21.115,15.037,20.749,20.579,18.276,17.121,16.949,16.784,18.116,18.532,18.874,21.969,20.549,19.355,21.881,11.283,10.178,16.683,8.648,8.451,15.314,14.731,20.956,16.853,15.281,14.891,11.615,8.217,10.666,17.612,10.86,12.986,7.983,21.845,11.014,10.243,16.576,8.615,8.5,15.208,14.527,20.84,16.809,15.198,14.956,11.465,8.165,10.694,17.688,10.808,13.174,8.052,24.42
2026-01-02 03:50:00,19.253,21.238,20.38,16.283,17.018,21.255,14.974,20.734,18.98,18.186,17.105,16.779,16.756,17.907,18.564,18.677,22.038,20.661,19.151,19.376,21.28,20.43,16.576,17.101,21.115,15.037,20.749,20.579,18.276,17.121,16.949,16.784,18.116,18.532,18.874,21.969,20.549,19.355,21.638,11.237,10.482,16.643,8.469,8.483,15.474,14.643,22.586,17.171,15.496,15.128,11.53,,10.708,17.815,10.987,13.239,8.073,21.845,11.014,10.243,16.576,8.615,8.5,15.208,14.527,20.84,16.809,15.198,14.956,11.465,8.165,10.694,17.688,10.808,13.174,8.052,19.64
2026-01-02 03:52:00,19.447,21.222,20.559,16.502,17.057,21.069,15.177,20.505,20.66,18.275,17.051,16.909,16.885,18.203,18.723,18.786,21.729,20.47,19.32,19.376,21.28,20.43,16.576,17.101,21.115,15.037,20.749,20.579,18.276,17.121,16.949,16.784,18.116,18.532,18.874,21.969,20.549,19.355,21.952,11.316,10.345,16.366,8.637,8.554,15.39,14.391,20.764,16.661,15.436,15.002,11.594,8.312,10.685,17.424,11.084,12.916,8.096,21.845,11.014,10.243,16.576,8.615,8.5,15.208,14.527,20.84,16.809,15.198,14.956,11.465,8.165,10.694,17.688,10.808,13.174,8.052,24.35
2026-01-02 03:54:00,19.311,21.415,20.691,16.61,16.875,21.227,14.947,20.741,20.668,18.307,17.101,16.971,16.863,18.178,16.399,18.502,21.08,20.466,19.441,19.376,21.28,20.43,16.576,17.101,21.115,15.037,20.749,20.579,18.276,17.121,16.949,16.784,18.116,18.532,18.874,21.969,20.549,19.355,21.932,10.991,10.301,16.613,8.666,8.577,14.954,14.29,21.014,16.634,15.242,15.195,11.52,7.997,12.594,17.686,12.131,13.259,7.963,21.845,11.014,10.243,16.576,8.615,8.5,15.208,14.527,20.84,16.809,15.198,14.956,11.465,8.165,10.694,17.688,10.808,13.174,8.052,14.75
2026-01-02 03:56:00,19.389,21.37,20.246,16.537,17.166,21.096,14.976,20.768,20.764,18.01,17.299,16.969,16.668,18.182,18.524,19.007,21.859,20.652,19.234,19.376,21.28,20.43,16.576,17.101,21.115,15.037,20.749,20.579,18.276,17.121,16.949,16.784,18.116,18.532,18.874,21.969,20.549,19.355,21.904,11.215,10.197,16.662,8.842,8.588,15.147,14.205,20.646,16.881,15.18,14.972,11.986,8.27,10.631,17.929,11.041,13.197,8.142,21.845,11.014,10.243,16.576,8.615,8.5,15.208,14.527,20.84,16.809,15.198,14.956,11.465,8.165,10.694,17.688,10.808,13.174,8.052,23.25
2026-01-02 03:58:00,19.401,21.351,20.407,16.64,17.017,21.229,14.964,20.651,20.553,18.256,17.008,17.032,16.756,18.175,18.34,18.704,21.924,20.417,19.327,19.376,21.28,20.43,16.576,17.101,21.115,15.037,20.749,20.579,18.276,17.121,16.949,16.784,18.116,18.532,18.874,21.969,20.549,19.355,21.908,11.005,10.113,16.771,8.774,8.389,15.275,14.439,20.689,16.902,15.202,14.961,11.509,8.26,10.8,17.585,10.833,13.288,7.873,21.845,11.014,10.243,16.576,8.615,8.5,15.208,14.527,20.84,16.809,15.198,14.956,11.465,8.165,10.694,17.688,10.808,13.174,8.052,23.54
2026-01-02 04:00:00,19.43,21.401,20.593,16.658,17.004,21.168,14.961,20.801,20.44,18.424,17.158,16.902,16.608,18.137,18.456,18.892,21.87,20.471,19.417,19.376,21.28,20.43,16.576,17.101,21.115,15.037,20.749,20.579,18.276,17.121,16.949,16.784,18.116,18.532,18.874,21.969,20.549,19.355,21.89,10.842,10.248,16.698,8.667,8.508,15.227,14.39,21.021,16.654,14.927,14.9,11.345,8.239,10.646,17.534,10.649,13.001,7.815,21.845,11.014,10.243,16.576,8.615,8.5,15.208,14.527,20.84,16.809,15.198,14.956,11.465,8.165,10.694,17.688,10.808,13.174,8.052,24.0
2026-01-02 04:02:00,19.541,21.116,20.394,16.611,17.07,21.05,15.284,20.635,20.61,18.205,17.097,16.662,16.878,18.078,18.404,19.062,21.923,20.463,19.242,19.376,21.28,20.43,16.576,17.101,21.115,15.037,20.749,20.579,18.276,17.121,16.949,16.784,18.116,18.532,18.874,21.969,20.549,19.355,21.836,11.257,10.108,16.443,8.573,8.463,15.196,14.723,20.822,16.804,15.194,14.786,11.311,7.828,10.59,17.57,10.791,13.323,7.731,21.845,11.014,10.243,16.576,8.615,8.5,15.208,14.527,20.84,16.809,15.198,14.956,11.465,8.165,10.694,17.688,10.808,13.174,8.052,24.37
2026-01-02 04:04:00,19.491,21.272,20.381,16.405,16.981,21.144,15.022,20.495,20.462,18.291,17.431,16.846,16.505,18.195,18.462,18.704,22.024,20.509,19.227,19.376,21.28,20.43,16.576,17.101,21.115,15.037,20.749,20.579,18.276,17.121,16.949,16.784,18.116,18.532,18.874,21.969,20.549,19.355,21.953,11.269,10.232,16.587,8.864,8.607,15.273,14.4,20.757,16.924,15.345,14.977,11.669,8.404,10.421,17.649,10.738,13.232,8.438,21.845,11.014,10.243,16.576,8.615,8.5,15.208,14.527,20.84,16.809,15.198,14.956,11.465,8.165,10.694,17.688,10.808,13.174,8.052,23.74
2026-01-02 04:06:00,19.206,21.254,20.428,16.351,17.207,20.95,15.193,20.776,20.545,18.304,17.038,16.929,16.97,18.035,18.618,18.755,21.954,20.652,19.199,19.376,21.28,20.43,16.576,17.101,21.115,15.037,20.749,20.579,18.276,17.121,16.949,16.784,18.116,18.532,,21.969,20.549,19.355,21.725,10.905,10.359,16.44,8.566,8.671,15.43,14.782,21.017,16.777,15.197,15.154,11.408,8.282,10.616,17.846,10.927,12.988,7.993,21.845,11.014,10.243,16.576,8.615,8.5,15.208,14.527,20.84,16.809,15.198,14.956,11.465,8.165,10.694,17.688,10.808,13.174,8.052,23.83
2026-01-02 04:08:00,19.404,21.01,20.28,16.514,17.195,21.189,14.915,20.721,20.59,18.076,17.16,17.099,16.921,18.033,18.471,18.75,21.897,20.507,19.425,19.376,21.28,20.43,16.576,17.101,21.115,15.037,20.749,20.579,18.276,17.121,16.949,16.784,18.116,18.532,18.874,21.969,20.549,19.355,21.78,11.146,10.205,16.256,8.611,8.536,15.029,14.728,21.019,16.605,15.214,14.591,11.334,7.973,10.669,17.716,10.842,13.094,7.974,21.845,11.014,10.243,16.576,8.615,8.5,15.208,14.527,20.84,16.809,15.198,14.956,11.465,8.165,10.694,17.688,10.808,13.174,8.052,24.34
2026-01-02 04:10:00,19.373,21.157,20.516,16.67,17.016,18.817,15.013,20.539,20.584,18.344,17.343,16.96,16.738,18.086,18.593,18.958,21.854,20.56,19.422,19.376,21.28,20.43,16.576,17.101,21.115,15.037,20.749,20.579,18.276,17.121,16.949,16.784,18.116,18.532,18.874,21.969,20.549,19.355,21.919,10.934,10.47,16.56,8.594,11.24,15.161,14.681,20.973,16.858,15.025,14.943,11.432,8.211,10.731,17.659,10.798,13.159,7.929,21.845,11.014,10.243,16.576,8.615,8.5,15.208,14.527,20.84,16.809,15.198,14.956,11.465,8.165,10.694,17.688,10.808,13.174,8.052,16.39
2026-01-02 04:12:00,19.123,21.433,20.392,16.669,17.084,21.074,15.016,20.772,20.672,18.232,16.975,16.854,16.656,18.195,18.406,19.046,21.973,20.527,19.501,19.376,21.28,20.43,16.576,17.101,21.115,15.037,20.749,20.579,18.276,17.121,16.949,16.784,18.116,18.532,18.874,21.969,20.549,19.355,21.814,10.917,10.245,16.383,8.893,8.666,15.261,14.451,20.92,16.76,15.356,14.975,11.461,7.864,10.575,17.73,10.63,13.143,8.185,21.845,11.014,10.243,16.576,8.615,8.5,15.208,14.527,20.84,16.809,15.198,14.956,11.465,8.165,10.694,17.688,10.808,13.174,8.052,24.06
2026-01-02 04:14:00,19.321,21.234,20.512,16.654,16.971,21.399,15.094,20.587,20.548,18.376,17.137,15.241,17.058,15.94,18.763,18.946,21.879,20.72,19.262,19.376,21.28,20.43,16.576,17.101,21.115,15.037,20.749,20.579,18.276,17.121,16.949,16.784,18.116,18.532,18.874,21.969,20.549,19.355,22.066,10.938,9.784,16.58,8.705,8.262,15.397,14.511,21.08,16.8,15.224,16.506,11.575,10.428,10.591,17.782,10.74,13.418,8.137,21.845,11.014,10.243,16.576,8.615,8.5,15.208,14.527,20.84,16.809,15.198,14.956,11.465,8.165,10.694,17.688,10.808,13.174,8.052,12.39
2026-01-02 04:16:00,19.481,21.35,20.319,16.483,17.071,21.154,15.188,20.749,20.8,18.373,17.037,16.868,16.787,18.046,18.515,18.961,21.994,20.66,19.267,19.376,21.28,20.43,16.576,17.101,21.115,15.037,20.749,20.579,18.276,17.121,16.949,16.784,18.116,18.532,18.874,21.969,20.549,19.355,21.847,10.988,10.518,16.592,8.689,8.347,15.325,14.544,20.729,16.665,15.357,14.96,11.561,8.278,10.926,17.894,10.744,13.138,7.748,21.845,11.014,10.243,16.576,8.615,8.5,15.208,14.527,20.84,16.809,15.198,14.956,11.465,8.165,10.694,17.688,10.808,13.174,8.052,24.35
2026-01-02 04:18:00,19.266,20.085,20.211,16.517,17.104,21.086,15.033,20.989,18.651,18.239,17.058,16.836,16.942,18.108,18.678,18.735,22.19,20.817,17.068,19.376,21.28,20.43,16.576,17.101,21.115,15.037,20.749,20.579,18.276,17.121,16.949,16.784,18.116,18.532,18.874,21.969,20.549,19.355,21.849,12.792,10.004,16.575,8.618,8.485,15.229,14.352,22.044,17.124,15.183,14.875,11.421,8.387,10.484,17.971,10.721,13.25,10.051,21.845,11.014,10.243,16.576,8.615,8.5,15.208,14.527,20.84,16.809,15.198,14.956,11.465,8.165,10.694,17.688,10.808,13.174,8.052,8.89
2026-01-02 04:20:00,19.371,21.261,20.493,16.417,17.154,21.199,14.962,20.474,20.495,18.225,17.21,16.872,16.643,18.187,18.574,18.96,21.971,20.673,19.414,19.376,21.28,20.43,16.576,17.101,21.115,15.037,20.749,20.579,18.276,17.121,16.949,16.784,18.116,18.532,18.874,21.969,20.549,19.355,21.715,10.964,10.359,16.555,8.376,8.567,15.03,14.6,20.831,16.577,15.325,14.978,11.634,8.178,10.587,17.394,10.796,12.996,7.97,21.845,11.014,10.243,16.576,8.615,8.5,15.208,14.527,20.84,16.809,15.198,14.956,11.465,8.165,10.694,17.688,10.808,13.174,8.052,23.81
2026-01-02 04:22:00,19.159,21.302,20.52,16.578,17.274,21.058,15.118,20.599,20.577,18.207,16.999,16.79,16.809,18.165,18.454,18.724,21.861,20.638,19.209,19.376,21.28,20.43,16.576,17.101,21.115,15.037,20.749,20.579,18.276,17.121,16.949,16.784,18.116,18.532,18.874,21.969,20.549,19.355,21.503,10.722,10.241,16.61,8.916,8.689,15.043,14.655,20.798,16.528,15.274,14.828,11.291,8.004,10.676,17.625,10.742,13.163,8.141,21.845,11.014,10.243,16.576,8.615,8.5,15.208,14.527,20.84,16.809,15.198,14.956,11.465,8.165,10.694,17.688,10.808,13.174,8.052,24.74
2026-01-02 04:24:00,19.51,21.078,20.461,16.654,17.246,21.061,14.943,20.576,20.687,18.258,17.064,16.897,16.813,18.118,18.672,18.615,22.068,20.483,19.344,19.376,21.28,20.43,16.576,17.101,21.115,15.037,20.749,20.579,18.276,17.121,16.949,16.784,18.116,18.532,18.874,21.969,20.549,19.355,21.739,10.925,10.253,16.621,8.703,8.711,14.823,14.688,20.89,16.967,15.052,14.977,11.679,8.393,10.876,17.728,10.667,13.154,7.743,21.845,11.014,10.243,16.576,8.615,8.5,15.208,14.527,20.84,16.809,15.198,14.956,11.465,8.165,10.694,17.688,10.808,13.174,8.052,23.14
2026-01-02 04:26:00,19.336,21.269,20.519,16.602,16.927,21.105,15.024,20.792,20.583,18.265,17.243,16.817,17.045,18.047,18.407,18.968,22.097,20.698,19.529,19.376,21.28,20.43,16.576,17.101,21.115,15.037,20.749,20.579,18.276,17.121,16.949,16.784,18.116,18.532,18.874,21.969,20.549,19.355,21.784,10.816,10.189,16.521,8.686,8.594,15.266,14.586,20.879,17.049,15.162,14.879,11.317,8.177,10.81,17.954,10.766,13.299,8.016,21.845,11.014,10.243,16.576,8.615,8.5,15.208,14.527,20.84,16.809,15.198,14.956,11.465,8.165,10.694,17.688,10.808,13.174,8.052,23.85
2026-01-02 04:28:00,19.432,21.287,20.474,16.575,17.035,21.307,15.254,20.749,20.552,18.216,16.919,16.867,16.722,18.113,18.412,18.646,22.047,20.755,19.1,19.376,21.28,20.43,16.576,17.101,21.115,15.037,20.749,20.579,18.276,17.121,16.949,16.784,18.116,18.532,18.874,21.969,20.549,19.355,21.971,10.831,10.308,16.67,8.335,8.463,15.056,14.542,20.897,16.822,15.294,14.996,11.556,8.127,10.798,17.502,10.915,13.076,8.009,21.845,11.014,10.243,16.576,8.615,8.5,15.208,14.527,20.84,16.809,15.198,14.956,11.465,8.165,10.694,17.688,10.808,13.174,8.052,23.84
2026-01-02 04:30:00,19.359,21.383,,16.404,17.105,21.087,14.961,20.946,20.76,18.355,17.114,16.911,16.891,18.088,18.712,19.026,21.898,20.642,19.545,19.376,21.28,20.43,16.576,17.101,21.115,15.037,20.749,20.579,18.276,17.121,16.949,16.784,18.116,18.532,18.874,21.969,20.549,19.355,21.876,11.056,10.398,16.508,8.66,8.329,14.997,14.769,20.816,16.916,15.207,14.751,11.599,8.286,10.825,17.928,10.78,13.193,7.953,21.845,11.014,10.243,16.576,8.615,8.5,15.208,14.527,20.84,16.809,15.198,14.956,11.465,8.165,10.694,17.688,10.808,13.174,8.052,23.59
2026-01-02 04:32:00,19.456,21.169,20.4,16.538,17.119,21.122,14.998,20.855,20.746,18.212,16.948,16.998,16.789,18.171,18.455,18.915,21.865,20.685,19.563,19.376,21.28,20.43,16.576,17.101,21.115,15.037,20.749,20.579,18.276,17.121,16.949,16.784,18.116,18.532,18.874,21.969,20.549,19.355,21.786,10.902,10.118,16.494,8.633,8.378,15.116,14.407,20.624,16.686,15.164,15.01,11.616,8.284,10.666,17.623,10.764,13.157,7.871,21.845,11.014,10.243,16.576,8.615,8.5,15.208,14.527,20.84,16.809,15.198,14.956,11.465,8.165,10.694,17.688,10.808,13.174,8.052,23.61
2026-01-02 04:34:00,19.27,20.975,20.378,16.52,17.132,21.124,15.103,21.082,20.52,18.238,,16.735,16.886,18.049,18.368,18.781,22.037,20.658,19.514,19.376,21.28,20.43,16.576,17.101,21.115,15.037,20.749,20.579,18.276,17.121,16.949,16.784,18.116,18.532,18.874,21.969,20.549,19.355,21.925,11.011,10.206,16.432,8.804,8.737,15.044,14.79,20.793,16.917,14.939,14.969,11.616,8.153,10.852,17.719,10.968,13.479,7.916,21.845,11.014,10.243,16.576,8.615,8.5,15.208,14.527,20.84,16.809,15.198,14.956,11.465,8.165,10.694,17.688,10.808,13.174,8.052,23.52
2026-01-02 04:36:00,19.437,21.203,20.506,16.576,17.391,20.877,15.24,20.851,20.638,18.275,17.064,16.843,16.607,18.371,18.655,18.966,22.023,20.33,19.333,19.376,21.28,20.43,16.576,17.101,21.115,15.037,20.749,20.579,18.276,17.121,16.949,16.784,18.116,18.532,18.874,21.969,20.549,19.355,21.867,10.87,9.946,16.422,8.676,8.627,15.302,14.562,20.814,16.687,15.195,14.909,11.13,8.318,10.614,17.468,10.887,13.224,8.322,21.845,11.014,10.243,16.576,8.615,8.5,15.208,14.527,20.84,16.809,15.198,14.956,11.465,8.165,10.694,17.688,10.808,13.174,8.052,24.9
2026-01-02 04:38:00,19.402,21.431,20.321,16.621,17.084,21.13,14.955,20.804,20.601,18.063,17.279,17.225,16.691,18.266,18.427,18.824,22.193,20.586,19.55,19.376,21.28,20.43,16.576,17.101,21.115,15.037,20.749,20.579,18.276,17.121,16.949,16.784,18.116,18.532,18.874,21.969,20.549,19.355,21.759,10.874,10.398,16.512,8.781,8.572,14.959,14.347,20.645,17.0,15.303,15.037,11.263,8.206,10.139,17.692,10.79,13.336,8.123,21.845,11.014,10.243,16.576,8.615,8.5,15.208,14.527,20.84,16.809,15.198,14.956,11.465,8.165,10.694,17.688,10.808,13.174,8.052,24.04
2026-01-02 04:40:00,19.424,21.415,20.424,16.762,17.33,21.21,14.983,20.719,20.481,18.363,15.776,16.88,16.909,18.061,18.765,16.554,22.175,20.479,19.251,19.376,21.28,20.43,16.576,17.101,21.115,15.037,20.749,20.579,18.276,17.121,16.949,16.784,18.116,18.532,18.874,21.969,20.549,19.355,21.682,10.995,10.056,16.505,8.504,8.935,15.087,14.437,20.845,17.095,17.523,15.141,11.6,8.024,10.624,19.759,10.488,12.942,7.718,21.845,11.014,10.243,16.576,8.615,8.5,15.208,14.527,20.84,16.809,15.198,14.956,11.465,,10.694,17.688,10.808,13.174,8.052,12.41
2026-01-02 04:42:00,19.172,21.374,20.311,16.754,17.134,21.223,14.899,20.694,20.618,18.38,16.983,17.007,16.701,18.229,18.521,18.855,22.038,20.704,19.343,19.376,21.28,20.43,16.576,17.101,21.115,15.037,20.749,20.579,18.276,17.121,16.949,16.784,18.116,18.532,18.874,21.969,20.549,19.355,21.698,11.006,10.065,16.622,8.638,8.588,15.168,14.491,20.727,16.977,15.208,15.113,11.323,8.17,10.674,17.512,10.723,12.898,7.904,21.845,11.014,10.243,16.576,8.615,8.5,15.208,14.527,20.84,16.809,15.198,14.956,11.465,8.165,10.694,17.688,10.808,13.174,8.052,23.67
2026-01-02 04:44:00,19.539,21.178,20.481,16.459,17.143,21.022,15.058,20.84,20.481,18.082,17.117,17.028,16.828,15.962,18.648,18.856,22.076,20.459,19.424,19.376,21.28,20.43,16.576,17.101,21.115,15.037,20.749,20.579,18.276,17.121,16.949,16.784,18.116,18.532,18.874,21.969,20.549,19.355,22.168,11.017,10.019,16.675,8.782,8.794,15.294,14.664,20.861,16.672,15.229,14.909,11.261,10.426,10.652,17.534,10.742,13.319,8.013,21.845,11.014,10.243,16.576,8.615,8.5,15.208,14.527,20.84,16.809,15.198,14.956,11.465,8.165,10.694,17.688,10.808,13.174,8.052,17.35
2026-01-02 04:46:00,19.533,21.217,20.411,16.667,17.18,21.173,15.038,20.578,20.595,18.137,17.147,16.685,16.971,18.358,18.6,18.789,21.947,20.67,19.449,19.376,21.28,20.43,16.576,17.101,21.115,15.037,20.749,20.579,18.276,17.121,16.949,16.784,18.116,18.532,18.874,21.969,20.549,19.355,21.728,11.213,10.116,16.691,8.619,8.405,15.367,14.636,20.959,16.81,15.169,14.445,11.41,8.116,10.835,18.058,10.813,13.555,8.034,21.845,11.014,10.243,16.576,8.615,8.5,15.208,14.527,20.84,16.809,15.198,14.956,11.465,8.165,10.694,17.688,10.808,13.174,8.052,24.44
2026-01-02 04:48:00,19.307,21.439,20.531,16.655,17.074,21.129,14.967,20.786,20.515,18.43,17.141,16.989,16.838,18.168,18.377,19.041,21.995,20.498,19.254,19.376,21.28,20.43,16.576,17.101,21.115,15.037,20.749,20.579,18.276,17.121,16.949,16.784,18.116,18.532,18.874,21.969,20.549,19.355,22.017,11.197,9.963,16.846,8.439,8.475,15.065,14.417,20.65,16.745,15.424,14.768,11.626,8.233,10.809,17.761,10.94,13.287,7.887,21.845,11.014,10.243,16.576,8.615,8.5,15.208,14.527,20.84,16.809,15.198,14.956,11.465,8.165,10.694,17.688,10.808,13.174,8.052,24.37
2026-01-02 04:50:00,19.309,21.222,20.446,16.488,17.128,21.146,14.969,21.025,20.579,18.329,17.148,16.944,16.878,18.293,18.537,18.786,22.047,20.306,19.387,19.376,21.28,20.43,16.576,17.101,21.115,15.037,20.749,20.579,18.276,17.121,16.949,16.784,18.116,18.532,18.874,21.969,20.549,19.355,21.609,11.17,10.32,16.829,8.623,8.467,15.061,14.224,20.885,17.042,15.17,15.079,11.591,7.912,10.736,17.511,10.835,13.262,8.007,21.845,11.014,10.243,16.576,8.615,8.5,15.208,14.527,20.84,16.809,15.198,14.956,11.465,8.165,10.694,17.688,10.808,13.174,8.052,23.53
2026-01-02 04:52:00,19.366,21.332,20.263,16.537,16.991,21.063,15.118,20.737,20.52,18.427,17.134,16.719,16.671,18.174,18.594,18.91,22.009,20.451,19.353,19.376,21.28,20.43,16.576,17.101,21.115,15.037,20.749,20.579,18.276,17.121,16.949,16.784,18.116,18.532,18.874,21.969,20.549,19.355,21.833,11.183,10.56,16.419,8.553,8.38,15.039,14.601,20.741,16.983,15.376,14.935,11.297,8.173,10.684,17.582,11.001,13.145,7.88,21.845,11.014,10.243,16.576,8.615,8.5,15.208,14.527,20.84,16.809,15.198,14.956,11.465,8.165,10.694,17.688,10.808,13.174,8.052,23.41
2026-01-02 04:54:00,19.243,21.19,20.33,16.485,17.068,21.095,14.949,20.883,20.532,18.464,17.246,16.811,16.894,17.955,18.708,18.918,21.855,20.293,19.311,19.376,21.28,20.43,16.576,17.101,21.115,15.037,20.749,20.579,18.276,17.121,16.949,16.784,18.116,18.532,18.874,21.969,20.549,19.355,21.936,10.779,10.409,16.536,8.833,8.509,14.97,14.419,20.881,16.722,15.158,15.031,11.227,8.08,10.514,17.683,10.904,13.142,7.884,21.845,11.014,10.243,16.576,8.615,8.5,15.208,14.527,20.84,16.809,15.198,14.956,11.465,8.165,10.694,17.688,10.808,13.174,8.052,24.74
2026-01-02 04:56:00,19.219,21.413,20.285,16.552,17.161,21.118,15.069,20.721,20.666,18.166,17.189,16.807,16.806,17.981,18.508,18.944,22.115,20.336,19.264,19.376,21.28,20.43,16.576,17.101,21.115,15.037,20.749,20.579,18.276,17.121,16.949,16.784,18.116,18.532,18.874,21.969,20.549,19.355,21.753,10.923,10.291,16.645,8.655,8.592,15.052,14.342,20.595,16.921,15.213,14.795,11.557,8.086,10.597,17.528,10.82,13.211,8.072,21.845,11.014,10.243,16.576,8.615,8.5,15.208,14.527,20.84,16.809,15.198,14.956,11.465,8.165,10.694,17.688,10.808,13.174,8.052,24.29
2026-01-02 04:58:00,19.26,21.424,20.327,16.659,17.04,20.944,15.049,20.613,20.665,18.373,17.278,16.828,16.969,18.229,18.319,19.136,22.167,20.425,19.393,19.376,21.28,20.43,16.576,17.101,21.115,15.037,20.749,20.579,18.276,17.121,16.949,16.784,18.116,18.532,18.874,21.969,20.549,19.355,21.794,10.969,10.212,16.506,8.194,8.409,15.119,14.552,20.762,16.753,15.115,14.804,11.194,8.051,10.689,17.704,10.968,13.39,8.04,21.845,11.014,10.243,16.576,8.615,8.5,15.208,14.527,20.84,16.809,15.198,14.956,11.465,8.165,10.694,17.688,10.808,13.174,8.052,23.93
2026-01-02 05:00:00,19.216,21.263,20.45,16.648,17.002,21.11,14.925,20.793,20.657,18.283,17.256,17.037,16.827,18.252,18.383,18.869,21.757,20.545,19.298,19.376,21.28,20.43,16.576,17.101,21.115,15.037,20.749,20.579,18.276,17.121,16.949,16.784,18.116,18.532,18.874,21.969,20.549,19.355,21.86,10.93,10.236,16.412,8.528,8.496,15.292,14.414,20.749,16.935,15.148,14.986,11.592,8.168,10.625,17.871,10.742,13.21,7.902,21.845,11.014,10.243,16.576,8.615,8.5,15.208,14.527,20.84,16.809,15.198,14.956,11.465,8.165,10.694,17.688,10.808,13.174,8.052,24.33
2026-01-02 05:02:00,19.472,21.227,20.352,16.564,17.084,21.174,12.781,20.569,20.389,18.411,14.645,16.893,16.652,18.219,18.463,17.881,21.884,20.582,19.444,19.376,21.28,20.43,16.576,17.101,21.115,15.037,20.749,20.579,18.276,17.121,16.949,16.784,18.116,18.532,18.874,21.969,20.549,19.355,22.094,10.928,10.477,16.51,8.563,8.281,16.144,14.525,20.962,16.694,16.054,15.077,11.441,8.057,10.7,19.264,10.741,13.277,7.75,21.845,11.014,10.243,16.576,8.615,8.5,15.208,14.527,20.84,16.809,15.198,14.956,11.465,8.165,10.694,17.688,10.808,13.174,8.052,11.79
2026-01-02 05:04:00,19.489,21.138,20.385,16.566,16.883,21.198,15.082,20.808,20.413,18.296,17.172,17.07,16.721,18.195,18.764,18.822,21.919,20.509,19.177,19.376,21.28,20.43,16.576,17.101,21.115,15.037,20.749,20.579,18.276,17.121,16.949,16.784,18.116,18.532,18.874,21.969,20.549,19.355,22.074,11.038,10.058,16.633,8.617,8.656,15.328,14.499,20.921,17.023,15.414,15.021,11.467,8.048,10.751,17.785,10.832,12.868,7.989,21.845,11.014,10.243,16.576,8.615,8.5,15.208,14.527,20.84,16.809,15.198,14.956,11.465,8.165,10.694,17.688,10.808,13.174,8.052,24.42
2026-01-02 05:06:00,19.332,21.473,20.319,16.553,17.243,21.181,15.063,20.708,20.565,18.276,17.202,16.958,16.895,17.894,18.629,18.811,21.97,20.498,19.431,19.376,21.28,20.43,16.576,17.101,21.115,15.037,20.749,20.579,18.276,17.121,16.949,16.784,18.116,18.532,18.874,21.969,20.549,19.355,21.751,11.024,10.206,16.555,8.577,8.61,15.071,14.549,20.714,16.902,15.242,14.978,11.593,8.247,10.866,17.48,10.81,13.063,8.252,21.845,11.014,10.243,16.576,8.615,8.5,15.208,14.527,20.84,16.809,15.198,14.956,11.465,8.165,10.694,17.688,10.808,13.174,8.052,24.55
2026-01-02 05:08:00,19.361,21.355,20.334,16.599,17.247,21.247,14.995,20.766,20.536,18.261,17.123,17.093,16.853,18.289,18.714,18.725,22.005,20.496,19.164,19.376,21.28,20.43,16.576,17.101,21.115,15.037,20.749,20.579,18.276,17.121,16.949,16.784,18.116,18.532,18.874,21.969,20.549,19.355,21.915,10.968,10.375,16.552,8.633,8.456,15.37,14.533,21.032,16.69,15.212,14.818,11.592,8.143,10.539,17.803,10.939,13.169,7.951,21.845,11.014,10.243,16.576,8.615,8.5,15.208,14.527,20.84,16.809,15.198,14.956,11.465,8.165,10.694,17.688,10.808,13.174,8.052,24.4
2026-01-02 05:10:00,19.248,21.221,20.628,16.587,17.08,21.112,14.949,20.769,20.569,18.083,17.059,17.346,16.859,18.105,18.611,18.76,21.98,20.653,19.166,19.376,21.28,20.43,16.576,17.101,21.115,15.037,20.749,20.579,18.276,17.121,16.949,16.784,18.116,18.532,18.874,21.969,20.549,19.355,21.888,11.252,10.105,16.323,8.607,8.297,14.961,14.564,20.902,16.929,15.251,15.05,11.478,8.387,10.644,17.59,11.034,13.272,8.041,21.845,11.014,10.243,16.576,8.615,8.5,15.208,14.527,20.84,16.809,15.198,14.956,11.465,8.165,10.694,17.688,10.808,13.174,8.052,23.94
2026-01-02 05:12:00,19.29,21.234,20.397,16.517,17.134,21.236,15.078,20.87,20.703,18.206,17.154,16.906,16.862,18.075,18.511,19.075,21.949,20.366,19.37,19.376,21.28,20.43,16.576,17.101,21.115,15.037,20.749,20.579,18.276,17.121,16.949,16.784,18.116,18.532,18.874,21.969,20.549,19.355,21.867,10.933,10.122,16.312,8.356,8.569,15.142,14.417,20.759,16.898,15.407,14.949,11.324,8.08,10.654,17.786,10.824,13.283,7.856,21.845,11.014,10.243,16.576,8.615,8.5,15.208,14.527,20.84,16.809,15.198,14.956,11.465,8.165,10.694,17.688,10.808,13.174,8.052,23.63
2026-01-02 05:14:00,19.412,21.222,20.439,16.697,17.041,21.094,14.955,20.789,20.566,18.168,17.104,17.165,16.585,17.954,18.573,18.713,22.199,20.375,19.204,19.376,21.28,20.43,16.576,17.101,21.115,15.037,20.749,20.579,18.276,17.121,16.949,16.784,18.116,18.532,18.874,21.969,20.549,19.355,21.893,11.27,10.304,16.53,8.663,8.644,15.256,14.683,20.611,16.853,15.236,15.016,11.462,8.148,10.747,17.508,10.727,13.137,8.104,21.845,11.014,10.243,16.576,8.615,8.5,15.208,14.527,20.84,16.809,15.198,14.956,11.465,8.165,10.694,17.688,10.808,13.174,8.052,24.92
2026-01-02 05:16:00,19.317,21.409,20.525,16.645,17.138,21.269,14.825,20.783,20.749,18.152,17.16,17.094,16.932,18.101,18.752,18.935,22.096,20.425,19.268,19.376,21.28,20.43,16.576,17.101,21.115,15.037,20.749,20.579,18.276,17.121,16.949,16.784,18.116,18.532,18.874,21.969,20.549,19.355,21.839,10.91,10.374,16.616,8.632,8.568,15.233,14.709,20.819,16.663,15.258,15.034,11.586,8.253,10.679,17.916,10.722,13.077,8.154,21.845,11.014,10.243,16.576,8.615,8.5,15.208,14.527,20.84,16.809,15.198,14.956,11.465,8.165,10.694,17.688,10.808,13.174,8.052,22.84
2026-01-02 05:18:00,19.288,21.489,20.158,16.363,17.196,21.134,14.692,20.704,20.545,18.419,16.899,16.889,16.91,18.207,18.426,18.843,21.798,20.71,19.307,19.376,21.28,20.43,16.576,17.101,21.115,15.037,20.749,20.579,18.276,17.121,16.949,16.784,18.116,18.532,18.874,21.969,20.549,19.355,21.746,11.19,10.115,16.606,8.643,8.432,14.948,14.569,20.881,16.808,15.127,14.769,11.369,7.903,10.946,17.639,10.988,13.155,8.274,21.845,11.014,10.243,16.576,8.615,8.5,15.208,14.527,20.84,16.809,15.198,14.956,11.465,8.165,10.694,17.688,10.808,13.174,8.052,23.68
2026-01-02 05:20:00,19.526,21.376,20.328,16.562,17.179,21.169,15.217,20.881,20.62,18.359,17.041,16.882,16.857,18.157,18.405,18.868,21.878,20.487,19.509,19.376,21.28,,16.576,17.101,21.115,15.037,20.749,20.579,18.276,17.121,16.949,16.784,18.116,18.532,18.874,21.969,20.549,19.355,21.76,10.911,10.129,16.59,8.486,8.294,15.429,14.723,20.745,16.943,14.859,14.99,11.758,8.458,10.809,17.858,10.849,13.4,8.002,21.845,11.014,10.243,16.576,8.615,8.5,15.208,14.527,20.84,16.809,15.198,14.956,11.465,8.165,10.694,17.688,10.808,13.174,8.052,24.14
2026-01-02 05:22:00,19.268,21.207,20.499,16.588,17.124,20.95,15.037,20.709,20.489,18.214,17.09,17.05,17.006,18.132,18.708,18.891,21.8,20.559,19.508,19.376,21.28,20.43,16.576,17.101,21.115,15.037,20.749,20.579,18.276,17.121,16.949,16.784,18.116,18.532,18.874,21.969,20.549,19.355,21.505,11.18,10.267,16.585,8.712,8.604,15.018,14.551,20.745,16.773,15.371,14.951,11.382,8.188,10.679,17.703,10.939,13.182,7.998,21.845,11.014,10.243,16.576,8.615,8.5,15.208,14.527,20.84,16.809,15.198,14.956,11.465,8.165,10.694,17.688,10.808,13.174,8.052,23.67
2026-01-02 05:24:00,19.542,21.182,19.6,16.495,17.02,21.058,15.209,20.799,20.69,18.022,17.119,16.94,14.875,18.066,18.675,18.799,21.811,20.363,19.507,19.376,21.28,20.43,16.576,17.101,21.115,15.037,20.749,20.579,18.276,17.121,16.949,16.784,18.116,18.532,18.874,21.969,20.549,19.355,21.821,10.87,11.568,16.675,8.349,8.488,15.396,14.295,20.791,17.077,15.262,15.077,13.609,8.401,10.781,17.897,10.674,13.1,7.923,21.845,11.014,10.243,16.576,8.615,8.5,15.208,14.527,20.84,16.809,15.198,14.956,11.465,8.165,10.694,17.688,10.808,13.174,8.052,14.51
2026-01-02 05:26:00,19.468,21.195,20.563,16.562,17.092,20.95,14.978,20.766,20.608,18.216,17.242,17.121,16.695,18.167,18.36,18.928,21.862,20.536,19.381,19.376,21.28,20.43,16.576,17.101,21.115,15.037,20.749,20.579,18.276,17.121,16.949,16.784,18.116,18.532,18.874,21.969,20.549,19.355,21.906,10.881,10.261,16.803,8.744,8.415,15.29,14.393,20.964,16.645,15.311,15.109,11.281,8.313,10.899,17.926,11.029,13.285,8.167,21.845,11.014,10.243,16.576,8.615,8.5,15.208,14.527,20.84,16.809,15.198,14.956,11.465,8.165,10.694,17.688,10.808,13.174,8.052,24.0
2026-01-02 05:28:00,19.353,21.407,20.345,16.528,17.145,21.117,15.072,20.73,20.492,18.358,17.136,17.059,16.945,18.081,18.452,18.828,21.899,20.324,19.552,19.376,21.28,20.43,16.576,17.101,21.115,15.037,20.749,20.579,18.276,17.121,16.949,16.784,18.116,18.532,18.874,21.969,20.549,19.355,21.767,11.307,10.274,16.739,8.726,8.521,15.064,14.64,20.881,16.689,15.445,15.031,11.42,8.108,10.908,17.65,10.774,12.91,8.038,21.845,11.014,10.243,16.576,8.615,8.5,15.208,14.527,20.84,16.809,15.198,14.956,11.465,8.165,10.694,17.688,10.808,13.174,8.052,24.1
2026-01-02 05:30:00,19.429,21.557,20.371,16.651,17.139,21.113,15.157,20.756,20.577,18.301,16.869,16.873,14.422,18.313,16.98,16.958,22.048,20.533,19.553,19.376,21.28,20.43,16.576,17.101,21.115,15.037,20.749,20.579,18.276,17.121,16.949,16.784,18.116,18.532,18.874,21.969,20.549,19.355,21.776,11.172,10.46,16.756,8.412,8.567,15.442,14.514,20.835,16.823,15.007,14.92,13.788,8.219,12.171,19.946,10.773,13.481,8.263,21.845,11.014,10.243,16.576,8.615,8.5,15.208,14.527,20.84,16.809,15.198,14.956,11.465,8.165,10.694,17.688,10.808,13.174,8.052,7.01
2026-01-02 05:32:00,19.358,21.124,18.279,14.644,17.12,21.164,15.155,20.932,20.654,18.477,17.162,17.198,16.632,18.232,18.572,18.896,21.828,20.68,19.34,19.376,21.28,20.43,16.576,17.101,21.115,15.037,20.749,20.579,18.276,17.121,16.949,16.784,18.116,18.532,18.874,21.969,20.549,19.355,21.981,11.073,11.746,19.317,8.757,8.636,15.216,14.297,20.641,17.022,15.058,15.085,11.463,8.127,10.765,17.906,10.946,13.387,7.925,21.845,11.014,10.243,16.576,8.615,8.5,15.208,14.527,20.84,16.809,15.198,14.956,11.465,8.165,10.694,17.688,10.808,13.174,8.052,12.53
2026-01-02 05:34:00,19.268,21.215,20.41,16.596,17.004,21.016,15.092,20.748,20.814,18.234,17.215,17.158,16.768,18.237,18.574,18.888,22.161,20.442,19.293,19.376,21.28,20.43,16.576,17.101,21.115,15.037,20.749,20.579,18.276,17.121,16.949,16.784,18.116,18.532,18.874,21.969,20.549,19.355,21.783,11.214,10.267,16.554,8.421,8.457,15.155,14.627,20.847,16.574,14.932,15.136,11.282,7.963,10.519,17.619,10.874,13.183,7.971,21.845,11.014,10.243,16.576,8.615,8.5,15.208,14.527,20.84,16.809,15.198,14.956,11.465,8.165,10.694,17.688,10.808,13.174,8.052,24.99
2026-01-02 05:36:00,19.179,21.274,20.551,16.554,17.203,21.035,15.176,20.743,20.532,18.472,17.127,17.022,16.805,18.204,18.553,18.743,22.008,20.611,19.407,19.376,21.28,20.43,16.576,17.101,21.115,15.037,20.749,20.579,18.276,17.121,16.949,16.784,18.116,18.532,18.874,21.969,20.549,19.355,21.792,10.909,10.218,16.488,8.643,8.359,15.161,14.576,20.716,16.75,15.285,14.931,11.429,8.144,10.718,17.31,10.858,13.149,8.327,21.845,11.014,10.243,16.576,8.615,8.5,15.208,14.527,20.84,16.809,15.198,14.956,11.465,8.165,10.694,17.688,10.808,13.174,8.052,24.29
2026-01-02 05:38:00,19.357,21.497,20.353,16.598,17.133,20.997,14.907,20.832,20.664,18.299,16.944,16.923,16.819,18.194,18.676,18.934,22.087,20.747,19.093,19.376,21.28,20.43,16.576,17.101,21.115,15.037,20.749,20.579,18.276,17.121,16.949,16.784,18.116,18.532,18.874,21.969,20.549,19.355,21.629,11.202,10.226,16.53,8.637,8.5,15.023,14.583,20.923,16.654,15.304,14.977,11.556,8.243,10.71,17.951,10.809,12.96,8.171,21.845,11.014,10.243,16.576,8.615,8.5,15.208,14.527,20.84,16.809,15.198,14.956,11.465,8.165,10.694,17.688,10.808,13.174,8.052,24.11
2026-01-02 05:40:00,19.497,21.237,20.492,16.608,16.991,21.018,15.094,20.735,20.671,18.238,17.375,16.926,17.03,18.035,18.603,19.011,21.824,20.444,19.409,19.376,21.28,20.43,16.576,17.101,21.115,15.037,20.749,20.579,18.276,17.121,16.949,16.784,18.116,18.532,18.874,21.969,20.549,19.355,21.606,11.023,10.199,16.247,8.367,8.811,15.092,14.185,20.684,16.735,15.316,14.706,11.449,8.144,10.642,17.829,10.763,12.85,8.02,21.845,11.014,10.243,16.576,8.615,,15.208,14.527,20.84,16.809,15.198,14.956,11.465,8.165,10.694,17.688,10.808,13.174,8.052,24.15
2026-01-02 05:42:00,19.514,21.444,20.5,16.704,16.974,21.073,15.209,20.692,20.558,18.082,17.106,16.772,16.832,18.291,18.574,18.9,21.929,20.618,19.234,19.376,21.28,20.43,16.576,17.101,21.115,15.037,20.749,20.579,18.276,17.121,16.949,16.784,18.116,18.532,18.874,21.969,20.549,19.355,21.721,10.959,10.294,16.214,8.596,8.512,15.024,14.221,21.014,16.923,14.953,14.836,11.329,8.11,10.5,17.766,10.817,13.296,8.033,21.845,11.014,10.243,16.576,8.615,8.5,15.208,14.527,20.84,16.809,15.198,14.956,11.465,8.165,10.694,17.688,10.808,13.174,8.052,23.74
2026-01-02 05:44:00,19.329,21.535,20.286,16.517,16.947,21.262,15.015,20.608,20.441,18.409,17.204,17.046,16.782,16.524,18.688,18.956,21.789,20.327,17.505,19.376,21.28,20.43,16.576,17.101,21.115,15.037,20.749,20.579,18.276,17.121,16.949,16.784,18.116,18.532,18.874,21.969,20.549,19.355,22.071,10.848,10.342,16.663,8.597,8.554,15.155,14.317,20.802,16.932,14.86,15.191,11.25,10.209,10.509,17.781,10.687,13.199,9.573,21.845,11.014,10.243,16.576,8.615,8.5,15.208,14.527,20.84,16.809,15.198,14.956,11.465,8.165,10.694,17.688,10.808,13.174,8.052,13.84
2026-01-02 05:46:00,19.411,21.113,20.31,16.585,17.004,20.972,15.151,20.809,20.674,18.385,17.29,16.947,16.765,17.916,18.506,18.808,22.091,20.628,19.527,19.376,21.28,20.43,16.576,17.101,21.115,15.037,20.749,20.579,18.276,17.121,16.949,16.784,18.116,18.532,18.874,21.969,20.549,19.355,21.848,11.072,10.222,16.522,8.797,8.433,15.194,14.606,20.717,16.747,15.206,14.958,11.439,8.093,10.726,17.774,10.596,13.05,8.033,21.845,11.014,10.243,16.576,8.615,8.5,15.208,14.527,20.84,16.809,15.198,14.956,11.465,8.165,10.694,17.688,10.808,13.174,8.052,24.05
2026-01-02 05:48:00,19.503,21.419,20.492,16.594,17.059,21.114,14.928,20.795,20.571,18.042,16.811,16.866,16.731,18.081,18.681,18.802,21.822,20.593,19.471,19.376,21.28,20.43,16.576,17.101,21.115,15.037,20.749,20.579,18.276,17.121,16.949,16.784,18.116,18.532,18.874,21.969,20.549,19.355,21.868,11.124,10.304,16.498,8.463,8.545,15.098,14.372,20.954,16.705,15.129,14.978,11.117,8.539,10.895,17.967,10.786,13.184,8.187,21.845,11.014,10.243,16.576,8.615,8.5,15.208,14.527,20.84,16.809,15.198,14.956,11.465,8.165,10.694,17.688,10.808,13.174,8.052,24.36
2026-01-02 05:50:00,19.565,21.164,20.401,16.527,17.275,21.195,15.039,20.832,20.538,18.252,17.117,16.891,16.754,18.155,18.559,19.044,22.067,20.539,17.91,19.376,21.28,20.43,16.576,17.101,21.115,15.037,20.749,20.579,18.276,17.121,16.949,16.784,18.116,18.532,18.874,21.969,20.549,19.355,21.855,11.055,10.172,16.439,8.796,8.578,15.223,14.436,21.166,16.749,14.897,15.022,11.12,8.35,10.599,17.681,10.807,13.125,10.395,21.845,11.014,10.243,16.576,8.615,8.5,15.208,14.527,20.84,16.809,15.198,14.956,11.465,8.165,10.694,17.688,10.808,13.174,8.052,18.91
2026-01-02 05:52:00,19.204,21.222,20.384,16.425,17.056,21.126,14.962,20.73,20.567,18.193,17.02,16.932,16.812,17.994,18.295,18.762,21.201,20.361,18.605,19.376,21.28,20.43,16.576,17.101,21.115,15.037,20.749,20.579,18.276,17.121,16.949,16.784,18.116,18.532,18.874,21.969,20.549,19.355,21.914,11.048,10.115,16.678,8.704,8.352,15.204,14.279,20.44,16.93,15.191,15.131,11.489,8.207,10.748,17.77,13.522,13.006,11.048,21.845,11.014,10.243,16.576,8.615,8.5,15.208,14.527,20.84,16.809,15.198,14.956,11.465,8.165,10.694,17.688,10.808,13.174,8.052,12.65
2026-01-02 05:54:00,19.305,21.292,20.338,16.64,17.104,21.154,14.811,20.828,20.384,18.234,17.177,16.923,16.837,18.131,18.538,18.778,22.079,20.673,19.29,19.376,21.28,20.43,16.576,17.101,21.115,15.037,20.749,20.579,18.276,17.121,16.949,16.784,18.116,18.532,18.874,21.969,20.549,19.355,21.53,11.053,10.559,16.878,8.839,8.4,15.302,14.393,20.986,16.78,15.106,15.01,11.622,7.944,10.653,17.721,10.846,13.054,8.041,21.845,11.014,10.243,16.576,8.615,8.5,15.208,14.527,20.84,16.809,15.198,14.956,11.465,8.165,10.694,17.688,10.808,13.174,8.052,24.25
2026-01-02 05:56:00,19.27,21.3,20.34,16.588,17.19,21.187,15.201,20.797,20.457,18.174,17.178,17.162,16.74,18.007,18.686,18.856,22.043,20.667,19.239,19.376,21.28,20.43,16.576,17.101,21.115,15.037,20.749,20.579,18.276,17.121,16.949,16.784,18.116,18.532,18.874,21.969,20.549,19.355,21.741,11.149,10.296,16.809,8.513,8.386,15.244,14.701,20.879,16.768,14.946,14.901,11.504,8.331,10.484,17.768,10.862,13.497,8.227,21.845,11.014,10.243,16.576,8.615,8.5,15.208,14.527,20.84,16.809,15.198,14.956,11.465,8.165,10.694,17.688,10.808,13.174,8.052,24.17
2026-01-02 05:58:00,19.331,21.213,20.486,16.646,17.041,21.174,14.83,20.784,20.614,18.271,16.952,16.933,16.658,18.275,18.495,18.847,21.951,20.605,19.359,19.376,21.28,20.43,16.576,17.101,21.115,15.037,20.749,20.579,18.276,17.121,16.949,16.784,18.116,18.532,18.874,21.969,20.549,19.355,21.617,10.933,10.212,16.475,8.54,8.292,15.141,14.398,20.798,16.733,15.223,14.963,11.465,8.133,10.493,17.656,10.993,13.167,8.057,21.845,11.014,10.243,16.576,8.615,8.5,15.208,14.527,20.84,16.809,15.198,14.956,11.465,8.165,10.694,17.688,10.808,13.174,8.052,24.99
2026-01-02 06:00:00,19.432,21.171,20.55,14.134,17.182,21.137,15.153,20.736,20.409,18.141,17.091,17.101,16.732,18.117,18.669,16.859,21.999,20.576,19.283,19.376,21.28,20.43,16.576,17.101,21.115,15.037,20.749,20.579,18.276,17.121,16.949,16.784,18.116,18.532,18.874,21.969,20.549,19.355,21.915,11.019,10.151,18.545,8.471,8.344,15.204,14.452,20.675,16.832,15.283,14.93,11.379,8.437,10.711,19.158,10.947,13.396,7.859,21.845,11.014,10.243,16.576,8.615,8.5,15.208,14.527,20.84,16.809,15.198,14.956,11.465,8.165,10.694,17.688,10.808,13.174,8.052,13.2
2026-01-02 06:02:00,19.397,21.394,20.543,16.534,17.425,21.15,15.001,20.663,20.464,18.363,16.792,16.927,16.625,18.092,18.523,18.723,21.853,20.687,19.288,19.376,21.28,20.43,16.576,17.101,21.115,15.037,20.749,20.579,18.276,17.121,16.949,16.784,18.116,18.532,18.874,21.969,20.549,19.355,21.677,10.969,10.336,16.4,8.803,8.533,15.462,14.542,20.912,16.935,15.134,14.783,11.419,7.93,10.497,17.673,10.864,13.303,8.253,21.845,11.014,10.243,16.576,8.615,8.5,15.208,14.527,20.84,16.809,15.198,14.956,11.465,8.165,10.694,17.688,10.808,13.174,8.052,24.56
2026-01-02 06:04:00,19.37,21.24,20.519,16.709,17.2,21.173,15.096,20.61,20.722,18.208,17.017,16.902,16.69,18.157,18.609,19.014,21.953,20.477,19.319,19.376,21.28,20.43,16.576,17.101,21.115,15.037,20.749,20.579,18.276,17.121,16.949,16.784,18.116,18.532,18.874,21.969,20.549,19.355,21.739,10.803,10.454,16.593,8.629,8.283,15.043,14.631,20.734,16.99,15.045,15.152,11.27,7.934,10.648,17.585,10.692,13.252,8.164,21.845,11.014,10.243,16.576,8.615,8.5,15.208,14.527,20.84,16.809,15.198,14.956,11.465,8.165,10.694,17.688,10.808,13.174,8.052,23.45
2026-01-02 06:06:00,19.239,21.193,20.65,16.485,17.045,21.181,15.061,20.83,20.477,18.151,17.265,16.868,16.768,18.135,18.319,18.848,21.891,20.603,19.316,19.376,21.28,20.43,16.576,17.101,21.115,15.037,20.749,20.579,18.276,17.121,16.949,16.784,18.116,18.532,18.874,21.969,20.549,19.355,21.662,11.137,10.447,16.761,8.594,8.431,15.202,14.573,20.71,16.584,15.225,14.998,11.476,7.973,10.439,17.628,10.863,13.313,7.973,21.845,11.014,10.243,16.576,8.615,8.5,15.208,14.527,20.84,16.809,15.198,14.956,11.465,8.165,10.694,17.688,10.808,13.174,8.052,23.49
2026-01-02 06:08:00,19.118,21.365,20.137,16.526,17.018,21.041,15.031,20.851,20.477,18.202,17.2,17.001,16.86,18.148,18.5,18.815,21.91,20.646,19.519,19.376,21.28,20.43,16.576,17.101,21.115,15.037,20.749,20.579,18.276,17.121,16.949,16.784,18.116,18.532,18.874,21.969,20.549,19.355,21.619,10.842,10.157,16.667,8.35,8.405,15.093,14.511,20.788,16.659,15.32,15.133,11.597,8.238,10.809,17.758,10.827,12.924,8.078,21.845,11.014,10.243,16.576,8.615,8.5,15.208,14.527,20.84,16.809,15.198,14.956,11.465,8.165,10.694,17.688,10.808,13.174,8.052,24.01
2026-01-02 06:10:00,19.594,21.159,20.398,16.572,17.078,20.983,15.278,20.914,20.556,18.22,17.116,16.808,16.741,18.198,18.714,18.971,22.111,20.425,18.985,19.376,21.28,20.43,16.576,17.101,21.115,15.037,20.749,20.579,18.276,17.121,16.949,16.784,18.116,18.532,18.874,21.969,20.549,19.355,21.919,10.935,10.376,16.58,8.448,8.655,15.081,14.585,20.677,16.623,15.269,14.86,11.4,8.112,10.732,17.922,10.761,13.205,8.005,21.845,11.014,10.243,16.576,8.615,8.5,15.208,14.527,20.84,16.809,15.198,14.956,11.465,8.165,10.694,17.688,10.808,13.174,8.052,24.31
2026-01-02 06:12:00,19.527,21.297,20.416,16.761,16.988,21.002,14.948,20.927,20.682,18.069,17.305,16.946,16.828,18.024,18.741,18.92,22.114,20.431,19.43,19.376,21.28,20.43,16.576,17.101,21.115,15.037,20.749,20.579,18.276,17.121,16.949,16.784,18.116,18.532,18.874,21.969,20.549,19.355,22.095,11.044,10.123,16.495,8.861,8.518,15.501,14.396,20.956,16.779,15.206,14.99,11.599,8.145,10.761,17.6,10.741,13.263,8.181,21.845,11.014,10.243,16.576,8.615,8.5,15.208,14.527,20.84,16.809,15.198,14.956,11.465,8.165,10.694,17.688,10.808,13.174,8.052,23.3
2026-01-02 06:14:00,19.382,21.251,20.333,16.492,16.964,21.035,15.03,20.81,20.398,18.153,17.047,16.758,16.747,18.081,18.506,18.917,22.071,20.635,19.383,19.376,21.28,20.43,16.576,17.101,21.115,15.037,20.749,20.579,18.276,17.121,16.949,16.784,18.116,18.532,18.874,21.969,20.549,19.355,21.864,11.278,10.133,16.39,8.784,8.572,15.12,14.764,20.828,17.188,14.961,14.864,11.584,8.37,10.941,17.628,10.825,13.26,8.198,21.845,11.014,10.243,16.576,8.615,8.5,15.208,14.527,20.84,16.809,15.198,14.956,11.465,8.165,10.694,17.688,10.808,13.174,8.052,24.2
2026-01-02 06:16:00,19.439,21.185,20.318,16.646,17.161,21.361,15.007,20.631,20.608,18.22,17.015,17.1,16.999,18.153,18.453,18.899,21.958,20.386,19.446,19.376,21.28,20.43,16.576,17.101,21.115,15.037,20.749,20.579,18.276,17.121,16.949,16.784,18.116,18.532,18.874,21.969,20.549,19.355,21.796,11.012,10.015,16.752,8.492,8.597,15.262,14.592,20.811,16.926,15.307,14.826,11.469,8.211,10.566,17.75,10.99,13.373,8.024,21.845,11.014,10.243,16.576,8.615,8.5,15.208,14.527,20.84,16.809,15.198,14.956,11.465,8.165,10.694,17.688,10.808,13.174,8.052,24.23
2026-01-02 06:18:00,19.411,21.42,20.362,16.57,17.084,20.914,15.32,20.506,20.445,18.231,16.938,16.993,16.727,18.12,18.555,18.879,21.976,20.528,19.401,19.376,21.28,20.43,16.576,17.101,21.115,15.037,20.749,20.579,18.276,17.121,16.949,16.784,18.116,18.532,18.874,21.969,20.549,19.355,21.404,11.142,10.372,16.579,8.647,8.433,15.094,14.653,21.049,16.853,15.066,14.735,11.58,8.278,10.902,17.66,10.741,13.098,8.222,21.845,11.014,10.243,16.576,8.615,8.5,15.208,14.527,20.84,16.809,15.198,14.956,11.465,8.165,10.694,17.688,10.808,13.174,8.052,24.28
2026-01-02 06:20:00,19.465,21.248,20.376,16.528,17.133,21.07,14.99,20.573,20.798,18.132,17.311,17.038,16.899,18.143,18.586,18.906,22.035,20.643,19.529,19.376,21.28,20.43,16.576,17.101,21.115,15.037,20.749,20.579,18.276,17.121,16.949,16.784,18.116,18.532,18.874,21.969,20.549,19.355,22.138,10.903,10.194,16.546,8.737,8.404,15.361,14.622,20.892,16.969,15.08,14.859,11.702,8.169,10.608,17.662,10.675,13.318,7.955,21.845,11.014,10.243,16.576,8.615,8.5,15.208,14.527,20.84,16.809,15.198,14.956,11.465,8.165,10.694,17.688,10.808,13.174,8.052,24.77
2026-01-02 06:22:00,19.26,21.335,20.614,16.736,16.982,21.15,15.068,20.776,20.319,18.375,16.935,17.201,16.86,18.104,18.605,18.891,21.907,20.538,19.396,19.376,21.28,20.43,16.576,17.101,21.115,15.037,20.749,20.579,18.276,17.121,16.949,16.784,18.116,18.532,18.874,21.969,20.549,19.355,21.993,11.151,10.247,16.883,8.646,8.581,15.361,14.44,20.68,16.882,15.099,14.794,11.336,8.312,10.995,17.713,10.819,13.246,8.189,21.845,11.014,10.243,16.576,8.615,8.5,15.208,14.527,20.84,16.809,15.198,14.956,11.465,8.165,10.694,17.688,10.808,13.174,8.052,23.3
2026-01-02 06:24:00,19.283,21.364,20.56,16.702,17.239,21.266,15.12,20.902,20.588,18.324,17.287,17.175,16.745,17.949,18.782,19.011,22.182,20.656,19.385,19.376,21.28,20.43,16.576,17.101,21.115,15.037,20.749,20.579,18.276,17.121,16.949,16.784,18.116,18.532,18.874,21.969,20.549,19.355,21.871,10.957,10.378,16.526,8.523,8.404,15.133,14.511,20.845,16.911,15.141,14.966,11.42,8.189,10.886,17.643,10.581,13.326,8.137,21.845,11.014,10.243,16.576,8.615,8.5,15.208,14.527,20.84,16.809,15.198,14.956,11.465,8.165,10.694,17.688,10.808,13.174,8.052,23.49
2026-01-02 06:26:00,19.304,21.171,20.601,16.693,17.14,20.988,14.978,20.679,20.547,17.942,17.15,17.133,16.723,18.121,18.566,18.761,22.021,20.456,19.306,19.376,21.28,20.43,16.576,17.101,21.115,15.037,20.749,20.579,18.276,17.121,16.949,16.784,18.116,18.532,18.874,21.969,20.549,19.355,21.933,10.688,10.096,16.643,8.605,8.472,15.381,14.379,20.778,16.86,15.083,14.86,11.446,8.076,10.67,17.861,10.632,13.091,7.968,21.845,11.014,10.243,16.576,8.615,8.5,15.208,14.527,20.84,16.809,15.198,14.956,11.465,8.165,10.694,17.688,10.808,13.174,8.052,24.27
2026-01-02 06:28:00,19.408,21.276,20.443,16.472,17.189,20.991,15.138,20.695,20.443,18.268,17.0,16.89,16.769,15.97,17.369,18.933,20.027,20.373,19.332,19.376,21.28,20.43,16.576,17.101,21.115,15.037,20.749,20.579,18.276,17.121,16.949,16.784,18.116,18.532,18.874,21.969,20.549,19.355,21.809,11.093,10.498,16.79,9.017,8.279,15.117,14.913,20.885,16.87,15.191,14.912,11.7,10.095,12.878,17.725,11.702,13.287,8.158,21.845,11.014,10.243,16.576,8.615,8.5,15.208,14.527,20.84,16.809,15.198,14.956,11.465,8.165,10.694,17.688,10.808,13.174,8.052,8.73
2026-01-02 06:30:00,19.341,21.268,20.371,16.518,17.198,20.961,15.04,20.899,20.492,18.163,17.098,16.911,16.817,18.277,18.52,18.942,21.903,20.494,19.392,19.376,21.28,20.43,16.576,17.101,21.115,15.037,20.749,20.579,18.276,17.121,16.949,16.784,18.116,18.532,18.874,21.969,20.549,19.355,21.919,11.016,10.313,16.586,8.476,8.538,15.013,14.557,20.75,17.073,15.308,14.931,11.435,8.329,10.581,17.936,11.044,13.301,8.019,21.845,11.014,10.243,16.576,8.615,8.5,15.208,14.527,20.84,16.809,15.198,14.956,11.465,8.165,10.694,17.688,10.808,13.174,8.052,24.24
2026-01-02 06:32:00,17.548,21.424,18.263,16.56,16.981,21.066,14.922,20.694,20.374,16.237,17.328,16.731,16.99,18.104,18.638,18.758,22.209,20.424,19.348,19.376,21.28,20.43,16.576,17.101,21.115,15.037,20.749,20.579,18.276,17.121,16.949,16.784,18.116,18.532,18.874,21.969,20.549,19.355,23.129,11.002,10.815,16.465,8.814,8.502,15.16,14.756,20.95,19.259,15.28,14.793,11.48,7.963,10.879,17.589,11.158,13.001,7.905,21.845,11.014,10.243,16.576,8.615,8.5,15.208,14.527,20.84,16.809,15.198,14.956,11.465,8.165,10.694,17.688,10.808,13.174,8.052,9.84
2026-01-02 06:34:00,19.561,21.132,20.157,16.57,17.013,21.002,14.931,20.578,20.747,18.421,16.962,16.938,16.732,18.247,18.435,19.068,21.971,20.457,19.346,19.376,21.28,20.43,16.576,17.101,21.115,15.037,20.749,20.579,18.276,17.121,16.949,16.784,18.116,18.532,18.874,21.969,20.549,19.355,22.015,10.752,10.234,16.62,9.027,8.564,15.284,14.528,20.826,16.712,15.277,14.913,11.437,7.912,10.798,17.707,10.78,13.202,8.269,21.845,11.014,10.243,16.576,8.615,8.5,15.208,14.527,20.84,16.809,15.198,14.956,11.465,8.165,10.694,17.688,10.808,13.174,8.052,23.12
2026-01-02 06:36:00,19.308,21.549,20.449,16.521,17.114,21.291,14.924,20.55,20.736,18.35,17.069,16.941,16.917,17.793,18.684,18.855,22.05,20.544,19.724,19.376,21.28,20.43,16.576,17.101,21.115,15.037,20.749,20.579,18.276,17.121,16.949,16.784,18.116,18.532,18.874,21.969,20.549,19.355,21.463,11.16,10.19,16.525,8.704,8.628,15.018,14.724,20.748,17.039,15.188,15.418,11.293,8.211,10.935,17.594,10.879,12.842,7.799,21.845,11.014,10.243,16.576,8.615,8.5,15.208,14.527,20.84,16.809,15.198,14.956,11.465,8.165,10.694,17.688,10.808,13.174,8.052,24.92
2026-01-02 06:38:00,19.303,20.66,20.121,16.582,17.196,20.932,14.796,20.761,20.701,18.418,17.04,15.826,16.616,18.325,18.464,19.028,19.928,20.51,19.55,19.376,21.28,20.43,16.576,17.101,21.115,15.037,20.749,20.579,18.276,17.121,16.949,16.784,18.116,18.532,18.874,21.969,20.549,19.355,21.639,12.902,10.016,16.629,8.563,8.065,15.297,14.701,20.953,16.925,15.128,16.917,11.476,8.192,10.816,17.978,13.687,13.132,7.672,21.845,11.014,10.243,16.576,8.615,8.5,15.208,14.527,20.84,16.809,15.198,14.956,11.465,8.165,10.694,17.688,10.808,13.174,8.052,9.09
2026-01-02 06:40:00,19.272,21.436,20.388,16.472,16.368,21.25,15.028,20.707,20.399,18.417,17.247,16.988,16.878,17.727,18.468,18.894,21.981,20.481,19.384,19.376,21.28,20.43,16.576,17.101,21.115,15.037,20.749,20.579,18.276,17.121,16.949,16.784,18.116,18.532,18.874,21.969,20.549,19.355,21.587,11.051,10.059,16.86,11.218,8.452,15.262,14.425,20.805,17.003,15.373,15.232,11.694,8.369,10.429,17.671,10.692,13.155,8.104,21.845,11.014,10.243,16.576,8.615,8.5,15.208,14.527,20.84,16.809,15.198,14.956,11.465,8.165,10.694,17.688,10.808,13.174,,18.17
2026-01-02 06:42:00,19.288,21.202,20.281,16.593,17.015,21.055,15.203,20.743,18.905,18.091,17.058,17.067,16.85,18.122,18.511,18.882,22.016,20.51,19.057,19.376,21.28,20.43,16.576,17.101,21.115,15.037,20.749,20.579,18.276,17.121,16.949,16.784,18.116,18.532,18.874,21.969,20.549,19.355,21.934,11.106,10.417,16.693,8.825,8.305,15.059,14.558,23.102,16.572,14.898,15.091,11.419,8.262,10.823,17.755,10.686,13.307,7.995,21.845,11.014,10.243,16.576,8.615,8.5,15.208,14.527,20.84,16.809,15.198,14.956,11.465,8.165,10.694,17.688,10.808,13.174,8.052,18.11
2026-01-02 06:44:00,19.611,21.417,20.411,16.746,16.944,21.27,15.06,20.855,20.538,18.294,17.191,17.075,16.846,18.169,18.461,19.08,21.993,20.521,19.316,19.376,21.28,20.43,16.576,17.101,21.115,15.037,20.749,20.579,18.276,17.121,16.949,16.784,18.116,18.532,18.874,21.969,20.549,19.355,21.97,10.793,10.313,16.568,8.561,8.598,15.26,14.543,20.893,16.678,15.246,14.795,11.293,8.175,10.734,17.564,10.649,12.997,7.972,21.845,11.014,10.243,16.576,8.615,8.5,15.208,14.527,20.84,16.809,15.198,14.956,11.465,8.165,10.694,17.688,10.808,13.174,8.052,24.46
2026-01-02 06:46:00,19.231,21.192,20.247,16.601,17.091,21.141,14.887,20.698,20.502,18.394,16.942,16.767,16.938,18.159,18.344,19.036,22.147,20.686,19.108,19.376,21.28,20.43,16.576,17.101,21.115,15.037,20.749,20.579,18.276,17.121,16.949,16.784,18.116,18.532,18.874,21.969,20.549,19.355,21.742,11.26,10.048,16.538,8.77,8.532,15.205,14.743,21.017,16.99,15.129,15.066,11.566,8.069,10.828,17.728,10.731,13.199,8.098,21.845,11.014,10.243,16.576,8.615,8.5,15.208,14.527,20.84,16.809,15.198,14.956,11.465,8.165,10.694,17.688,10.808,13.174,8.052,23.8
2026-01-02 06:48:00,19.39,21.177,20.398,16.387,17.309,21.032,15.07,20.845,20.653,18.325,17.074,16.975,16.757,17.842,18.652,18.799,21.906,19.649,19.188,19.376,21.28,20.43,16.576,17.101,21.115,15.037,20.749,20.579,18.276,17.121,16.949,16.784,18.116,18.532,18.874,21.969,20.549,19.355,21.859,10.995,9.968,16.538,8.603,8.202,15.299,14.507,20.938,16.854,15.152,14.672,11.406,7.971,10.571,17.595,10.727,15.586,8.132,21.845,11.014,10.243,16.576,8.615,8.5,15.208,14.527,20.84,16.809,15.198,14.956,11.465,8.165,10.694,17.688,10.808,13.174,8.052,19.38
2026-01-02 06:50:00,19.23,21.064,20.486,16.718,17.11,20.977,15.193,20.71,20.388,18.049,17.143,17.122,16.737,18.039,18.498,18.772,21.902,20.578,19.268,19.376,21.28,20.43,16.576,17.101,21.115,15.037,20.749,20.579,18.276,17.121,16.949,16.784,18.116,18.532,18.874,21.969,20.549,19.355,21.857,10.85,10.151,16.637,8.873,8.394,15.099,14.421,20.813,16.904,15.085,14.869,11.381,8.394,10.687,17.852,10.971,13.161,8.096,21.845,11.014,10.243,16.576,8.615,8.5,15.208,14.527,20.84,16.809,15.198,14.956,11.465,8.165,10.694,17.688,10.808,13.174,8.052,23.57
2026-01-02 06:52:00,19.487,21.163,19.344,16.617,17.054,21.078,14.997,20.949,20.482,18.417,17.242,16.908,16.977,17.829,18.561,18.889,19.499,20.648,19.306,19.376,21.28,20.43,16.576,17.101,21.115,15.037,20.749,20.579,18.276,17.121,16.949,16.784,18.116,18.532,18.874,21.969,20.549,19.355,21.806,10.967,10.973,16.454,8.523,8.6,15.139,14.377,20.888,16.712,15.134,14.81,11.581,8.096,10.731,17.522,13.275,12.703,8.135,21.845,11.014,10.243,16.576,8.615,8.5,15.208,14.527,20.84,16.809,15.198,14.956,11.465,8.165,10.694,17.688,10.808,13.174,8.052,14.33
2026-01-02 06:54:00,19.353,21.418,20.415,16.452,17.169,21.104,14.968,20.814,20.486,18.157,17.089,16.925,16.79,17.97,18.105,18.955,21.985,20.575,19.054,19.376,21.28,20.43,16.576,17.101,21.115,15.037,20.749,20.579,18.276,17.121,16.949,16.784,18.116,18.532,18.874,21.969,20.549,19.355,22.161,10.72,10.489,16.761,8.75,8.452,15.14,14.716,20.768,16.615,15.094,14.989,11.441,8.13,12.028,17.982,10.865,13.24,7.898,21.845,11.014,10.243,16.576,8.615,8.5,15.208,14.527,20.84,16.809,15.198,14.956,11.465,8.165,10.694,17.688,10.808,13.174,8.052,20.42
2026-01-02 06:56:00,19.486,21.157,20.489,16.432,17.219,21.05,15.011,20.931,20.697,18.11,17.037,16.971,16.755,18.212,18.449,18.648,21.858,20.526,19.42,19.376,21.28,20.43,16.576,17.101,21.115,15.037,20.749,20.579,18.276,17.121,16.949,16.784,18.116,18.532,18.874,21.969,20.549,19.355,21.772,11.171,10.315,16.662,8.58,8.282,15.167,14.47,21.1,16.649,15.101,15.234,11.424,8.081,10.821,17.588,10.798,13.126,8.145,21.845,11.014,10.243,16.576,8.615,8.5,15.208,14.527,20.84,16.809,15.198,14.956,11.465,8.165,10.694,17.688,10.808,13.174,8.052,23.93
2026-01-02 06:58:00,19.464,21.429,20.457,16.551,17.188,21.102,14.98,20.692,20.69,18.453,17.278,16.756,16.914,17.98,18.49,18.944,21.808,20.401,19.264,19.376,21.28,20.43,16.576,17.101,21.115,15.037,20.749,20.579,18.276,17.121,16.949,16.784,18.116,18.532,18.874,21.969,20.549,19.355,21.796,11.05,10.079,16.507,8.623,8.392,15.295,14.515,20.518,17.072,15.133,15.083,11.555,8.173,10.762,17.758,10.676,13.293,7.894,21.845,11.014,10.243,16.576,8.615,8.5,15.208,14.527,20.84,16.809,15.198,14.956,11.465,8.165,10.694,17.688,10.808,13.174,8.052,24.12
2026-01-02 07:00:00,19.577,21.409,20.321,16.592,17.117,21.152,14.951,20.921,20.533,18.373,16.918,16.995,16.801,18.278,18.219,18.94,22.065,20.516,19.512,19.376,21.28,20.43,16.576,,21.115,15.037,20.749,20.579,18.276,17.121,16.949,16.784,18.116,18.532,18.874,21.969,20.549,19.355,22.02,10.918,10.295,16.552,8.71,8.446,15.151,14.481,20.881,16.988,15.038,14.527,11.435,8.088,10.726,17.692,10.736,13.135,8.029,21.845,11.014,10.243,16.576,8.615,8.5,15.208,14.527,20.84,16.809,15.198,14.956,11.465,8.165,10.694,17.688,10.808,13.174,8.052,23.31
2026-01-02 07:02:00,19.627,21.386,20.526,16.738,17.153,21.262,15.108,20.666,20.453,18.416,17.193,16.868,16.787,18.291,18.326,18.766,22.052,20.647,19.214,19.376,21.28,20.43,16.576,17.101,21.115,15.037,20.749,20.579,18.276,17.121,16.949,16.784,18.116,18.532,18.874,21.969,20.549,19.355,21.71,10.847,10.079,16.353,8.591,8.627,15.387,14.426,20.893,16.648,15.182,14.904,11.709,8.089,10.596,17.531,10.641,13.284,8.265,21.845,11.014,10.243,16.576,8.615,8.5,15.208,14.527,20.84,16.809,15.198,14.956,11.465,8.165,10.694,17.688,10.808,13.174,8.052,24.13
2026-01-02 07:04:00,19.256,21.3,20.598,14.681,15.851,21.238,15.034,20.693,20.44,18.419,17.153,15.913,16.826,18.167,18.632,19.08,21.84,20.539,19.3,19.376,21.28,20.43,16.576,17.101,21.115,15.037,20.749,20.579,18.276,17.121,16.949,16.784,18.116,18.532,18.874,21.969,20.549,19.355,21.733,10.819,10.13,17.446,9.498,8.704,15.052,14.511,20.883,16.578,15.155,16.38,11.522,8.181,10.66,17.318,10.688,13.179,7.941,21.845,11.014,10.243,16.576,8.615,8.5,15.208,14.527,20.84,16.809,15.198,14.956,11.465,8.165,10.694,17.688,10.808,13.174,8.052,13.12
2026-01-02 07:06:00,19.577,21.245,20.236,16.573,17.013,21.025,14.983,20.591,20.347,18.509,17.105,16.836,16.858,18.275,18.321,18.82,22.002,20.447,19.409,19.376,21.28,20.43,16.576,17.101,21.115,15.037,20.749,20.579,18.276,17.121,16.949,16.784,18.116,18.532,18.874,21.969,20.549,19.355,21.926,11.045,10.308,16.568,8.711,8.416,15.137,14.615,20.658,16.547,15.281,15.098,11.548,8.48,10.698,17.416,10.72,12.849,8.003,21.845,11.014,10.243,16.576,8.615,8.5,15.208,14.527,20.84,16.809,15.198,14.956,11.465,8.165,10.694,17.688,10.808,13.174,8.052,24.34
2026-01-02 07:08:00,19.226,21.2,20.415,16.627,17.105,21.032,14.992,20.494,20.835,18.226,17.085,16.98,16.852,18.156,18.45,18.675,21.947,20.452,19.288,19.376,21.28,20.43,16.576,17.101,21.115,15.037,20.749,20.579,18.276,17.121,16.949,16.784,18.116,18.532,18.874,21.969,20.549,19.355,21.862,11.231,10.502,16.594,8.814,8.61,15.12,14.429,20.582,16.758,15.147,14.821,11.448,8.063,10.971,17.457,10.953,13.071,7.989,21.845,11.014,10.243,16.576,8.615,8.5,15.208,14.527,20.84,16.809,15.198,14.956,11.465,8.165,10.694,17.688,10.808,13.174,8.052,23.27
2026-01-02 07:10:00,19.375,21.309,20.584,16.558,15.676,21.184,15.147,20.55,18.346,18.297,16.087,16.969,16.83,18.186,18.669,18.872,21.967,20.838,19.226,19.376,21.28,20.43,16.576,17.101,21.115,15.037,20.749,20.579,18.276,17.121,16.949,16.784,18.116,18.532,18.874,21.969,20.549,19.355,21.89,10.692,10.149,16.661,10.911,8.269,14.81,14.431,22.79,16.737,17.941,14.99,11.646,7.906,10.563,17.551,11.031,13.101,7.891,21.845,11.014,10.243,16.576,8.615,8.5,15.208,14.527,20.84,16.809,15.198,14.956,11.465,8.165,10.694,17.688,10.808,13.174,8.052,6.71
2026-01-02 07:12:00,19.342,21.237,20.521,16.708,16.941,21.262,14.893,21.061,20.498,18.407,17.088,17.033,16.693,18.131,18.534,18.885,22.063,20.495,19.315,19.376,21.28,20.43,16.576,17.101,21.115,15.037,20.749,20.579,18.276,17.121,16.949,16.784,18.116,18.532,18.874,21.969,20.549,19.355,21.574,11.045,10.03,16.434,8.704,8.498,15.217,14.578,20.703,16.616,15.111,14.793,11.583,8.227,10.678,17.718,10.734,13.123,8.172,21.845,11.014,10.243,16.576,8.615,8.5,15.208,14.527,20.84,16.809,15.198,14.956,11.465,8.165,10.694,17.688,10.808,13.174,8.052,23.59
2026-01-02 07:14:00,19.217,21.263,20.37,16.682,17.181,21.027,15.089,20.906,20.553,18.134,17.416,15.008,16.868,18.416,18.435,18.91,21.74,20.607,19.402,19.376,21.28,20.43,16.576,17.101,21.115,15.037,20.749,20.579,18.276,17.121,16.949,16.784,18.116,18.532,18.874,21.969,20.549,19.355,21.6,11.04,10.401,16.431,8.588,8.492,15.157,14.634,20.877,16.808,15.14,16.27,11.549,8.12,10.581,17.634,11.067,13.056,8.179,21.845,11.014,10.243,16.576,8.615,8.5,15.208,14.527,20.84,16.809,15.198,14.956,11.465,8.165,10.694,17.688,10.808,13.174,8.052,18.62
2026-01-02 07:16:00,19.281,21.177,20.408,16.548,17.291,21.085,15.017,20.727,17.926,18.216,16.958,16.963,16.52,17.98,18.562,16.508,21.78,20.667,19.194,19.376,21.28,20.43,16.576,17.101,21.115,15.037,20.749,20.579,18.276,17.121,16.949,16.784,18.116,18.532,18.874,21.969,20.549,19.355,21.674,10.85,10.47,16.398,8.616,8.724,14.925,14.485,21.896,16.707,15.284,14.988,11.422,8.223,10.641,19.033,10.857,13.42,8.164,21.845,11.014,10.243,16.576,8.615,8.5,15.208,14.527,20.84,16.809,15.198,14.956,11.465,8.165,10.694,17.688,10.808,13.174,8.052,13.54
2026-01-02 07:18:00,19.374,21.316,20.301,16.373,17.284,21.047,15.098,20.656,20.622,18.117,16.955,16.822,16.708,18.039,18.491,18.925,21.903,20.66,19.275,19.376,21.28,20.43,16.576,17.101,21.115,15.037,20.749,20.579,18.276,17.121,16.949,16.784,18.116,18.532,18.874,21.969,20.549,19.355,21.871,10.796,10.125,16.672,8.64,8.668,15.143,,20.607,16.848,15.294,14.925,11.51,8.191,10.802,17.551,10.661,13.039,8.052,21.845,11.014,10.243,16.576,8.615,8.5,15.208,14.527,20.84,16.809,15.198,14.956,11.465,8.165,10.694,17.688,10.808,13.174,8.052,24.32
2026-01-02 07:20:00,19.454,21.437,19.077,16.337,17.307,20.902,15.206,20.097,20.621,18.161,17.233,17.03,16.717,18.041,18.634,18.998,22.06,20.502,19.355,19.376,21.28,20.43,16.576,17.101,21.115,15.037,20.749,20.579,18.276,17.121,16.949,16.784,18.116,18.532,18.874,21.969,20.549,19.355,21.854,10.79,13.096,16.646,8.493,8.531,15.041,15.396,20.659,16.819,14.968,14.704,11.579,8.155,10.573,17.824,10.48,13.276,8.095,21.845,11.014,10.243,16.576,8.615,8.5,15.208,14.527,20.84,16.809,15.198,14.956,11.465,8.165,10.694,17.688,10.808,13.174,8.052,15.08
2026-01-02 07:22:00,19.488,21.38,20.565,16.593,17.016,21.149,15.09,20.684,20.633,18.174,17.151,16.876,17.038,18.258,18.563,18.716,21.82,20.632,19.336,19.376,21.28,20.43,16.576,17.101,21.115,15.037,20.749,20.579,18.276,17.121,16.949,16.784,18.116,18.532,18.874,21.969,20.549,19.355,21.766,11.026,10.405,16.655,8.614,8.544,15.386,14.401,20.933,16.597,15.415,15.038,11.367,8.239,10.62,17.722,10.642,13.27,8.09,21.845,11.014,10.243,16.576,8.615,8.5,15.208,14.527,20.84,16.809,15.198,14.956,11.465,8.165,10.694,17.688,10.808,13.174,8.052,23.88
2026-01-02 07:24:00,19.412,19.093,18.355,16.589,17.075,20.954,14.94,20.842,20.527,18.344,17.319,16.989,16.799,18.043,16.889,18.7,21.836,20.546,19.178,19.376,21.28,20.43,16.576,17.101,21.115,15.037,20.749,20.579,18.276,17.121,16.949,16.784,18.116,18.532,18.874,21.969,20.549,19.355,21.857,12.856,11.506,16.602,8.683,8.385,15.116,14.786,20.748,16.822,15.047,14.745,11.636,8.319,11.828,17.356,10.674,13.503,8.125,21.845,11.014,10.243,16.576,8.615,8.5,15.208,14.527,20.84,16.809,15.198,14.956,11.465,8.165,10.694,17.688,10.808,13.174,8.052,9.79
2026-01-02 07:26:00,19.493,21.205,20.493,16.539,17.07,21.116,14.8,20.617,20.522,18.541,17.218,17.035,16.659,18.222,18.68,18.964,22.283,20.386,19.225,19.376,21.28,20.43,16.576,17.101,21.115,15.037,20.749,20.579,18.276,17.121,16.949,16.784,18.116,18.532,18.874,21.969,20.549,19.355,21.849,10.966,10.244,16.551,8.764,8.538,15.38,14.473,21.073,16.838,15.131,14.801,11.353,8.226,10.819,17.589,10.708,13.453,8.063,21.845,11.014,10.243,16.576,8.615,8.5,15.208,14.527,20.84,16.809,15.198,14.956,11.465,8.165,10.694,17.688,10.808,13.174,8.052,23.88
2026-01-02 07:28:00,19.343,21.163,20.435,16.638,17.099,21.126,15.085,20.841,20.499,18.194,17.263,16.907,16.683,18.149,18.489,18.888,21.96,20.623,19.464,19.376,21.28,20.43,16.576,17.101,21.115,15.037,20.749,20.579,18.276,17.121,16.949,16.784,18.116,18.532,18.874,21.969,20.549,19.355,21.959,11.001,10.08,16.502,8.375,8.403,15.078,14.426,20.69,16.565,15.2,15.005,11.477,8.356,10.857,17.656,10.859,13.227,8.187,21.845,11.014,10.243,16.576,8.615,8.5,15.208,14.527,20.84,16.809,15.198,14.956,11.465,8.165,10.694,17.688,10.808,13.174,8.052,23.72
2026-01-02 07:30:00,19.275,21.133,20.62,16.493,16.914,20.886,15.031,20.67,20.358,18.16,16.993,17.067,16.811,18.113,18.378,18.851,22.046,20.566,19.48,19.376,21.28,20.43,16.576,17.101,21.115,15.037,20.749,20.579,18.276,17.121,16.949,16.784,18.116,18.532,18.874,21.969,20.549,19.355,21.768,11.287,10.252,16.764,8.489,8.452,15.031,14.523,20.771,16.717,15.314,14.885,11.505,8.002,10.471,17.994,10.9,13.237,7.91,21.845,11.014,10.243,16.576,8.615,8.5,15.208,14.527,20.84,16.809,15.198,14.956,11.465,8.165,10.694,17.688,10.808,13.174,8.052,23.66
2026-01-02 07:32:00,19.383,21.362,20.483,16.507,17.26,21.156,15.134,18.648,20.447,18.252,17.023,17.021,15.18,18.261,18.601,18.737,20.391,20.469,19.265,19.376,21.28,20.43,16.576,17.101,21.115,15.037,20.749,20.579,18.276,17.121,16.949,16.784,18.116,18.532,18.874,21.969,20.549,19.355,21.91,11.021,10.245,16.745,8.846,8.605,15.086,15.906,20.862,16.627,15.109,14.818,13.074,8.328,10.722,17.833,13.307,13.19,8.111,21.845,11.014,10.243,16.576,8.615,8.5,15.208,14.527,20.84,16.809,15.198,14.956,11.465,8.165,10.694,17.688,10.808,13.174,8.052,8.05
2026-01-02 07:34:00,19.381,21.278,18.603,15.991,17.15,21.287,15.01,20.787,20.516,18.223,17.28,17.001,16.836,18.018,18.735,18.851,21.889,20.544,17.103,19.376,21.28,20.43,16.576,17.101,21.115,15.037,20.749,20.579,18.276,17.121,16.949,16.784,18.116,18.532,18.874,21.969,20.549,19.355,21.773,11.101,11.013,19.185,8.669,8.624,15.433,14.27,20.923,17.034,15.3,14.905,11.181,8.269,10.439,17.828,10.633,13.152,10.244,21.845,11.014,10.243,16.576,8.615,8.5,15.208,14.527,20.84,16.809,15.198,14.956,11.465,8.165,10.694,17.688,10.808,13.174,8.052,7.6
2026-01-02 07:36:00,19.464,21.455,20.301,16.523,17.286,21.386,14.96,20.735,20.393,18.175,17.014,16.935,16.64,18.225,18.523,18.843,22.077,20.515,19.205,19.376,21.28,20.43,16.576,17.101,21.115,15.037,20.749,20.579,18.276,17.121,16.949,16.784,18.116,18.532,18.874,21.969,20.549,19.355,21.849,11.226,10.273,16.569,8.585,8.385,15.342,14.285,20.696,16.783,14.973,14.688,11.43,7.904,10.932,17.814,11.025,13.383,8.196,21.845,11.014,10.243,16.576,8.615,8.5,15.208,14.527,20.84,16.809,15.198,14.956,11.465,8.165,10.694,17.688,10.808,13.174,8.052,24.6
2026-01-02 07:38:00,19.377,21.539,20.44,16.638,17.076,21.087,15.096,20.43,20.429,18.203,17.088,17.121,17.076,18.19,18.578,18.955,22.147,20.429,19.295,19.376,21.28,20.43,16.576,17.101,21.115,15.037,20.749,20.579,18.276,17.121,16.949,16.784,18.116,18.532,18.874,21.969,20.549,19.355,21.713,11.116,10.339,16.616,8.515,8.118,15.293,14.501,20.961,16.585,15.042,14.748,11.451,8.248,10.677,17.917,10.981,13.267,8.22,21.845,11.014,10.243,16.576,8.615,8.5,15.208,14.527,20.84,16.809,15.198,14.956,11.465,8.165,10.694,17.688,10.808,13.174,8.052,24.04
2026-01-02 07:40:00,19.393,21.315,20.201,16.626,16.909,21.205,15.137,20.476,20.638,18.297,17.046,17.061,17.022,18.173,18.399,18.7,21.827,20.425,19.488,19.376,21.28,20.43,16.576,17.101,21.115,15.037,20.749,20.579,18.276,17.121,16.949,16.784,18.116,18.532,18.874,21.969,20.549,19.355,21.754,11.051,10.454,16.472,8.756,8.759,15.348,14.898,20.783,16.812,15.076,15.145,11.509,8.179,10.911,17.585,10.869,13.345,7.786,21.845,11.014,10.243,16.576,8.615,8.5,15.208,14.527,20.84,16.809,15.198,14.956,11.465,8.165,10.694,17.688,10.808,13.174,8.052,24.53
2026-01-02 07:42:00,19.408,21.276,20.532,16.577,17.104,21.012,14.961,20.75,20.438,18.472,17.134,16.882,16.899,17.987,18.657,18.883,22.192,20.481,19.306,19.376,21.28,20.43,16.576,17.101,21.115,15.037,20.749,20.579,18.276,17.121,16.949,16.784,18.116,18.532,18.874,21.969,20.549,19.355,21.929,11.141,10.033,16.811,8.682,8.434,15.22,14.474,20.965,17.011,15.242,14.88,11.402,8.176,10.709,17.605,11.034,12.867,8.131,21.845,11.014,10.243,16.576,8.615,8.5,15.208,14.527,20.84,16.809,15.198,14.956,11.465,8.165,10.694,17.688,10.808,13.174,8.052,24.39
2026-01-02 07:44:00,19.273,21.129,20.458,16.448,17.137,21.036,15.161,20.441,18.457,16.782,17.119,16.871,16.991,18.064,18.581,18.841,21.11,20.557,19.434,19.376,21.28,20.43,16.576,17.101,21.115,15.037,20.749,20.579,18.276,17.121,16.949,16.784,18.116,18.532,18.874,21.969,20.549,19.355,22.09,10.925,10.534,16.524,8.732,8.569,15.068,14.587,22.342,19.816,15.279,14.925,11.593,8.504,10.812,17.68,13.338,13.202,7.989,21.845,11.014,10.243,16.576,8.615,8.5,15.208,14.527,20.84,16.809,15.198,14.956,11.465,8.165,10.694,17.688,10.808,13.174,8.052,8.04
2026-01-02 07:46:00,19.24,21.222,20.259,16.622,16.997,21.023,15.112,20.745,20.626,18.256,17.168,16.957,16.648,18.138,18.488,18.843,22.0,20.48,19.226,19.376,21.28,20.43,16.576,17.101,21.115,15.037,20.749,20.579,18.276,17.121,16.949,16.784,18.116,18.532,18.874,21.969,20.549,19.355,21.622,10.916,10.499,16.772,8.701,8.579,15.485,14.745,20.826,16.834,15.315,14.879,11.542,8.243,10.752,17.75,10.881,13.22,8.087,21.845,11.014,10.243,16.576,8.615,8.5,15.208,14.527,20.84,16.809,15.198,14.956,11.465,8.165,10.694,17.688,10.808,13.174,8.052,24.13
2026-01-02 07:48:00,19.515,21.498,20.386,16.711,17.145,19.757,14.934,20.713,20.526,18.233,17.104,15.646,16.885,17.978,18.401,18.983,22.057,20.72,17.364,19.376,21.28,20.43,16.576,17.101,21.115,15.037,20.749,20.579,18.276,17.121,16.949,16.784,18.116,18.532,18.874,21.969,20.549,19.355,21.876,10.997,10.299,16.526,8.624,10.38,15.261,14.556,20.728,17.006,15.002,16.626,11.504,8.159,10.827,17.756,11.032,12.938,11.093,21.845,11.014,10.243,16.576,8.615,8.5,15.208,14.527,20.84,16.809,15.198,14.956,11.465,8.165,10.694,17.688,10.808,13.174,8.052,7.54
2026-01-02 07:50:00,19.296,21.415,20.416,16.559,16.997,21.161,14.751,20.809,20.337,18.378,16.932,17.028,17.078,18.08,18.39,19.105,21.913,20.413,19.503,19.376,21.28,20.43,16.576,17.101,21.115,15.037,20.749,20.579,18.276,17.121,16.949,16.784,18.116,18.532,18.874,21.969,20.549,19.355,21.968,11.055,9.996,,8.73,8.319,15.305,,20.941,16.824,15.19,14.954,11.378,8.083,10.793,17.424,10.904,13.2,8.257,21.845,11.014,10.243,16.576,8.615,8.5,15.208,14.527,20.84,16.809,15.198,14.956,11.465,8.165,10.694,17.688,10.808,13.174,8.052,22.97
2026-01-02 07:52:00,19.032,21.1,20.27,16.491,16.856,21.211,15.157,20.739,20.527,18.086,17.175,16.862,16.855,18.235,18.535,18.618,21.854,20.71,19.386,19.376,21.28,20.43,16.576,17.101,21.115,15.037,20.749,20.579,18.276,17.121,16.949,16.784,18.116,18.532,18.874,21.969,20.549,19.355,21.932,11.338,10.526,16.545,8.734,8.401,15.296,14.592,20.807,16.986,15.137,15.02,11.612,8.131,10.599,17.686,10.706,13.393,8.129,21.845,11.014,10.243,16.576,8.615,8.5,15.208,14.527,20.84,16.809,15.198,14.956,11.465,8.165,10.694,17.688,10.808,13.174,8.052,23.9
2026-01-02 07:54:00,19.544,21.01,20.414,16.553,16.904,21.035,15.152,20.811,20.513,18.312,17.262,16.817,16.817,18.239,18.447,19.029,21.956,20.68,19.464,19.376,21.28,20.43,16.576,17.101,21.115,15.037,20.749,20.579,18.276,17.121,16.949,16.784,18.116,18.532,18.874,21.969,20.549,19.355,21.979,10.978,10.109,16.657,8.519,8.538,15.085,14.367,20.961,16.786,15.149,15.113,11.145,8.326,10.694,17.491,10.609,13.075,8.1,21.845,11.014,10.243,16.576,8.615,8.5,15.208,14.527,20.84,16.809,15.198,14.956,11.465,8.165,10.694,17.688,10.808,13.174,8.052,24.23
2026-01-02 07:56:00,19.405,21.243,20.349,16.595,17.124,21.281,15.025,20.789,20.78,18.313,17.174,17.14,16.793,18.162,18.621,18.859,21.833,20.371,19.329,19.376,21.28,20.43,16.576,17.101,21.115,15.037,20.749,20.579,18.276,17.121,16.949,16.784,18.116,18.532,18.874,21.969,20.549,19.355,21.616,11.131,10.228,16.605,8.531,8.453,15.299,14.618,20.696,16.675,15.121,15.205,11.389,8.356,10.687,17.95,10.942,13.23,8.051,21.845,11.014,10.243,16.576,8.615,8.5,15.208,14.527,20.84,16.809,15.198,14.956,11.465,8.165,10.694,17.688,10.808,13.174,8.052,24.32
2026-01-02 07:58:00,19.509,21.398,20.624,16.683,17.022,20.938,14.973,20.715,20.489,18.384,17.024,17.017,16.876,17.905,18.479,19.023,22.068,20.561,19.221,19.376,21.28,20.43,16.576,17.101,21.115,15.037,20.749,20.579,18.276,17.121,16.949,16.784,18.116,18.532,18.874,21.969,20.549,19.355,21.98,11.211,10.174,16.641,8.422,8.334,15.134,14.746,20.902,16.762,15.476,14.82,11.387,8.12,10.663,17.701,10.753,13.267,8.039,21.845,11.014,10.243,16.576,8.615,8.5,15.208,14.527,20.84,16.809,15.198,14.956,11.465,8.165,10.694,17.688,10.808,13.174,8.052,23.23
2026-01-02 08:00:00,19.29,21.289,20.579,16.634,17.089,21.141,15.128,20.536,20.459,18.277,17.264,17.076,15.436,18.116,18.441,18.826,21.984,18.545,18.527,19.376,21.28,20.43,16.576,17.101,21.115,15.037,20.749,20.579,18.276,17.121,16.949,16.784,18.116,18.532,18.874,21.969,20.549,19.355,21.841,10.918,10.15,16.664,8.589,8.507,15.136,14.278,20.776,16.411,15.214,15.104,14.003,7.961,10.551,17.72,10.785,15.537,10.141,21.845,11.014,10.243,16.576,8.615,8.5,15.208,14.527,20.84,16.809,15.198,14.956,11.465,8.165,10.694,17.688,10.808,13.174,8.052,6.56
2026-01-02 08:02:00,19.234,21.088,20.405,16.597,17.173,21.015,14.948,20.898,19.194,18.379,17.051,16.861,16.644,18.232,18.393,18.665,21.876,20.698,19.356,19.376,21.28,20.43,16.576,17.101,21.115,15.037,20.749,20.579,18.276,17.121,16.949,16.784,18.116,18.532,18.874,21.969,20.549,19.355,21.861,10.969,10.249,16.656,8.723,8.503,15.04,14.618,21.868,16.821,15.358,14.779,11.466,8.282,10.603,17.701,10.789,13.23,7.928,21.845,11.014,10.243,16.576,8.615,8.5,15.208,14.527,20.84,16.809,15.198,14.956,11.465,8.165,10.694,17.688,10.808,13.174,8.052,20.17
2026-01-02 08:04:00,18.029,21.292,20.422,14.676,16.931,21.312,14.066,20.891,20.39,18.338,16.977,16.792,16.814,18.237,18.693,19.031,21.934,20.64,19.281,19.376,21.28,20.43,16.576,17.101,21.115,15.037,20.749,20.579,18.276,17.121,16.949,16.784,18.116,18.532,18.874,,20.549,19.355,24.936,10.805,10.253,17.384,8.759,8.278,16.117,14.58,20.651,16.692,15.112,15.0,11.543,7.887,10.706,17.928,11.0,13.25,7.852,21.845,11.014,10.243,16.576,8.615,8.5,15.208,14.527,20.84,16.809,15.198,14.956,11.465,8.165,10.694,17.688,10.808,13.174,8.052,10.61
2026-01-02 08:06:00,19.309,21.307,20.413,16.676,16.879,21.249,14.965,20.923,20.714,18.135,17.113,17.028,16.687,18.025,18.493,18.961,22.075,20.496,19.452,19.376,21.28,20.43,16.576,17.101,21.115,15.037,20.749,20.579,18.276,17.121,16.949,16.784,18.116,18.532,18.874,21.969,20.549,19.355,21.982,10.904,10.269,16.642,8.593,8.622,15.225,14.486,20.747,16.758,15.087,14.785,11.613,8.376,10.707,17.505,10.722,13.161,7.894,21.845,11.014,10.243,16.576,8.615,8.5,15.208,14.527,20.84,16.809,15.198,14.956,11.465,8.165,10.694,17.688,10.808,13.174,8.052,24.39
2026-01-02 08:08:00,19.55,21.388,20.34,16.474,17.133,21.211,15.086,20.701,20.467,18.425,17.102,17.17,16.645,18.074,18.454,19.093,22.115,20.488,19.124,19.376,21.28,20.43,16.576,17.101,21.115,15.037,20.749,20.579,18.276,17.121,16.949,16.784,18.116,18.532,18.874,21.969,20.549,19.355,21.827,11.058,10.049,16.331,8.724,8.546,15.319,14.448,20.771,17.077,15.311,15.117,11.604,8.062,10.722,17.364,10.995,12.856,8.119,21.845,11.014,10.243,16.576,8.615,8.5,15.208,14.527,20.84,16.809,15.198,14.956,11.465,8.165,10.694,17.688,10.808,13.174,8.052,24.28
2026-01-02 08:10:00,19.512,21.295,20.294,16.396,17.148,21.089,12.568,20.795,20.534,18.242,17.199,16.935,15.695,18.191,18.295,19.022,22.021,20.457,19.333,19.376,21.28,20.43,16.576,17.101,21.115,15.037,20.749,20.579,18.276,17.121,16.949,16.784,18.116,18.532,18.874,21.969,20.549,19.355,21.783,11.165,10.338,16.588,8.605,8.53,16.796,14.562,20.964,16.997,15.08,15.171,14.287,8.279,10.57,17.978,10.862,13.303,8.362,21.845,11.014,10.243,16.576,8.615,8.5,15.208,14.527,20.84,16.809,15.198,14.956,11.465,8.165,10.694,17.688,10.808,13.174,8.052,12.76
2026-01-02 08:12:00,19.521,21.346,20.217,16.455,17.122,21.327,15.127,20.725,20.648,18.277,17.085,16.994,16.529,18.236,18.596,18.822,21.867,20.405,19.388,19.376,21.28,20.43,16.576,17.101,21.115,15.037,20.749,20.579,18.276,17.121,16.949,16.784,18.116,18.532,18.874,21.969,20.549,19.355,22.025,11.265,10.057,16.491,8.657,8.456,15.149,14.468,20.697,17.043,15.382,14.978,11.661,8.024,11.187,17.642,11.014,13.102,8.133,21.845,11.014,10.243,16.576,8.615,8.5,15.208,14.527,20.84,16.809,15.198,14.956,11.465,8.165,10.694,17.688,10.808,13.174,8.052,23.27
2026-01-02 08:14:00,19.393,21.301,20.634,14.746,16.406,21.023,15.15,20.719,20.467,18.3,17.17,17.141,16.814,17.333,18.472,18.778,22.027,20.646,19.328,19.376,21.28,20.43,16.576,17.101,21.115,15.037,20.749,20.579,18.276,17.121,16.949,16.784,18.116,18.532,18.874,21.969,20.549,19.355,22.012,11.219,10.161,18.277,9.46,8.767,15.189,14.415,20.592,16.46,14.956,15.048,11.296,9.523,10.589,17.52,10.685,13.246,7.995,21.845,11.014,10.243,16.576,8.615,8.5,15.208,14.527,20.84,16.809,15.198,14.956,11.465,8.165,10.694,17.688,10.808,13.174,8.052,13.01
2026-01-02 08:16:00,19.36,21.445,20.442,16.636,16.972,21.043,14.783,20.586,20.623,18.424,17.09,16.807,16.795,18.252,18.512,18.984,21.961,20.402,19.247,19.376,21.28,20.43,16.576,17.101,21.115,15.037,20.749,20.579,18.276,17.121,16.949,16.784,18.116,18.532,18.874,21.969,20.549,19.355,21.955,11.035,10.024,16.521,8.754,8.749,15.011,14.604,21.018,17.164,15.167,15.108,11.325,8.339,10.816,17.467,10.72,13.139,8.108,21.845,11.014,10.243,16.576,8.615,8.5,15.208,14.527,20.84,16.809,15.198,14.956,11.465,8.165,10.694,17.688,10.808,13.174,8.052,23.99
2026-01-02 08:18:00,19.345,19.556,19.845,16.548,17.136,21.14,14.984,20.736,20.549,18.364,17.307,17.107,16.746,18.182,17.626,18.745,21.978,20.621,19.348,19.376,21.28,20.43,16.576,17.101,21.115,15.037,20.749,20.579,18.276,17.121,16.949,16.784,18.116,18.532,18.874,21.969,20.549,19.355,21.87,13.922,11.491,16.419,8.427,8.558,15.045,14.454,20.827,17.065,15.227,15.183,11.592,8.032,13.527,17.633,10.996,13.236,7.983,21.845,11.014,10.243,16.576,8.615,8.5,15.208,14.527,20.84,16.809,15.198,14.956,11.465,8.165,10.694,17.688,10.808,13.174,8.052,8.58
2026-01-02 08:20:00,19.474,21.379,20.52,16.558,16.94,21.329,14.98,20.836,20.638,18.235,17.339,17.03,16.783,18.066,18.417,18.724,22.037,20.497,19.302,19.376,21.28,20.43,16.576,17.101,21.115,15.037,20.749,20.579,18.276,17.121,16.949,16.784,18.116,18.532,18.874,21.969,20.549,19.355,21.598,11.099,10.233,16.936,8.542,8.512,15.136,14.432,21.042,17.005,15.032,14.882,11.418,8.043,10.839,17.701,10.754,13.21,8.115,21.845,11.014,10.243,16.576,8.615,8.5,15.208,14.527,20.84,16.809,15.198,14.956,11.465,8.165,10.694,17.688,10.808,13.174,8.052,23.99
2026-01-02 08:22:00,19.436,21.239,19.583,16.501,15.641,21.224,14.956,20.821,20.64,18.277,16.925,16.794,16.654,17.963,18.634,18.771,21.821,20.489,19.344,19.376,21.28,20.43,16.576,17.101,21.115,15.037,20.749,20.579,18.276,17.121,16.949,16.784,18.116,18.532,18.874,21.969,20.549,19.355,21.815,10.997,11.843,16.676,11.386,8.601,14.947,14.501,21.008,17.14,15.31,15.03,11.844,8.407,10.738,17.689,10.502,13.308,7.948,21.845,11.014,10.243,16.576,8.615,8.5,15.208,14.527,20.84,16.809,15.198,14.956,11.465,8.165,10.694,17.688,10.808,13.174,8.052,13.98
2026-01-02 08:24:00,19.178,21.352,20.516,16.506,17.197,20.931,14.971,20.729,20.588,18.412,17.082,16.829,16.809,18.134,18.585,18.835,21.989,20.481,19.422,19.376,21.28,20.43,16.576,17.101,21.115,15.037,20.749,20.579,18.276,17.121,16.949,16.784,18.116,18.532,18.874,21.969,20.549,19.355,21.907,10.821,10.138,16.731,8.723,8.95,15.355,14.815,20.92,16.803,15.174,14.977,11.582,8.521,10.723,17.553,10.836,12.928,8.13,21.845,11.014,10.243,16.576,8.615,8.5,15.208,14.527,20.84,16.809,15.198,14.956,11.465,8.165,10.694,17.688,10.808,13.174,8.052,24.4
2026-01-02 08:26:00,19.297,21.207,20.568,16.486,17.101,21.182,14.999,20.855,20.511,18.396,16.937,16.789,16.792,18.284,18.722,18.773,21.965,20.49,19.102,19.376,21.28,20.43,16.576,17.101,21.115,15.037,20.749,20.579,18.276,17.121,16.949,16.784,18.116,18.532,18.874,21.969,20.549,19.355,21.473,10.691,10.319,16.677,8.511,8.496,15.282,14.615,20.689,16.805,14.921,14.789,11.362,8.166,10.817,17.663,10.76,13.195,8.024,21.845,11.014,10.243,16.576,8.615,8.5,15.208,14.527,20.84,16.809,15.198,14.956,11.465,8.165,10.694,17.688,10.808,13.174,8.052,24.54
2026-01-02 08:28:00,19.461,21.236,20.591,16.609,17.038,21.033,15.014,20.802,20.521,18.606,17.146,16.815,16.793,18.25,18.582,18.835,21.89,20.455,19.215,19.376,21.28,20.43,16.576,17.101,21.115,15.037,20.749,20.579,18.276,17.121,16.949,16.784,18.116,18.532,18.874,21.969,20.549,19.355,21.785,11.192,10.284,16.707,8.394,8.366,15.144,14.417,20.843,16.787,15.285,15.204,11.387,8.196,10.779,17.9,10.649,13.204,8.028,21.845,11.014,10.243,16.576,8.615,8.5,15.208,14.527,20.84,16.809,15.198,14.956,11.465,8.165,10.694,17.688,10.808,13.174,8.052,23.73
2026-01-02 08:30:00,16.914,21.311,20.363,16.768,17.145,21.062,15.033,20.921,20.378,18.303,17.437,17.067,16.677,18.13,18.504,19.203,21.889,20.516,19.316,19.376,21.28,20.43,16.576,17.101,21.115,15.037,20.749,20.579,18.276,17.121,16.949,16.784,18.116,18.532,18.874,21.969,20.549,19.355,24.939,11.22,10.141,16.53,8.684,8.592,14.944,14.972,20.792,16.752,15.215,15.05,11.471,8.343,10.71,17.686,10.743,13.234,8.293,21.845,11.014,10.243,16.576,8.615,8.5,15.208,14.527,20.84,16.809,15.198,14.956,11.465,8.165,10.694,17.688,10.808,13.174,8.052,16.27
2026-01-02 08:32:00,19.207,20.891,20.401,16.637,17.05,21.173,15.125,20.831,20.379,18.453,17.222,17.044,16.785,18.115,18.468,18.924,22.077,20.481,19.452,19.376,21.28,20.43,16.576,17.101,21.115,15.037,20.749,20.579,18.276,17.121,16.949,16.784,18.116,18.532,18.874,21.969,20.549,19.355,21.877,11.191,10.254,16.813,8.588,8.177,15.115,14.501,20.831,16.9,15.148,14.798,11.548,8.126,10.919,17.726,10.89,13.154,7.976,21.845,11.014,10.243,16.576,8.615,8.5,15.208,14.527,20.84,16.809,15.198,14.956,11.465,8.165,10.694,17.688,10.808,13.174,8.052,24.26
2026-01-02 08:34:00,19.32,21.35,20.412,16.678,17.329,21.141,14.979,20.698,20.653,18.217,17.237,16.984,16.891,18.05,18.419,18.786,22.015,20.456,19.437,19.376,21.28,20.43,16.576,17.101,21.115,15.037,20.749,20.579,18.276,17.121,16.949,16.784,18.116,18.532,18.874,21.969,20.549,19.355,21.992,10.999,10.084,16.662,8.601,8.461,15.328,14.332,20.924,16.837,15.209,14.964,11.371,8.067,10.727,17.704,10.963,13.072,8.194,21.845,11.014,10.243,16.576,8.615,8.5,15.208,14.527,20.84,16.809,15.198,14.956,11.465,8.165,10.694,17.688,10.808,13.174,8.052,24.71
2026-01-02 08:36:00,19.133,21.202,20.41,16.36,17.029,20.938,15.029,20.72,20.667,18.176,16.929,16.885,16.8,18.127,18.552,19.019,21.927,20.524,19.256,19.376,21.28,20.43,16.576,17.101,21.115,15.037,20.749,20.579,18.276,17.121,16.949,16.784,18.116,18.532,18.874,21.969,20.549,19.355,22.119,10.81,10.454,16.644,8.605,8.505,15.362,14.288,20.992,16.876,15.352,14.645,11.088,8.248,10.492,17.756,10.779,12.99,7.806,21.845,11.014,10.243,16.576,8.615,8.5,15.208,14.527,20.84,16.809,15.198,14.956,11.465,8.165,10.694,17.688,10.808,13.174,8.052,24.16
2026-01-02 08:38:00,19.306,19.958,20.473,14.547,17.244,20.88,14.989,20.864,20.595,18.342,17.225,16.985,16.636,18.16,16.215,18.589,21.935,20.614,19.37,19.376,21.28,20.43,16.576,17.101,21.115,15.037,20.749,20.579,18.276,17.121,16.949,16.784,18.116,18.532,18.874,21.969,20.549,19.355,21.993,13.114,10.049,19.397,8.43,8.573,15.029,14.528,20.96,16.671,15.262,14.792,11.592,8.048,12.798,17.534,10.954,13.658,7.984,21.845,11.014,10.243,16.576,8.615,8.5,15.208,14.527,20.84,16.809,15.198,14.956,11.465,8.165,10.694,17.688,10.808,13.174,8.052,5.04
2026-01-02 08:40:00,19.377,21.487,20.463,16.002,17.141,21.31,14.994,18.909,20.796,18.232,17.246,16.79,16.823,18.204,18.435,18.664,21.976,20.511,19.379,19.376,21.28,20.43,16.576,17.101,21.115,15.037,20.749,20.579,18.276,17.121,16.949,16.784,18.116,18.532,18.874,21.969,20.549,19.355,21.8,10.959,10.098,19.124,8.752,8.258,15.431,17.057,20.727,16.721,15.051,14.941,11.403,7.947,10.698,17.617,10.998,13.35,7.831,21.845,11.014,10.243,16.576,8.615,8.5,15.208,14.527,20.84,16.809,15.198,14.956,11.465,8.165,10.694,17.688,10.808,13.174,8.052,12.08
2026-01-02 08:42:00,19.412,21.381,20.616,16.629,16.922,19.296,15.085,20.768,20.769,18.309,17.081,17.006,16.597,18.231,18.542,19.077,22.052,20.596,19.38,19.376,21.28,20.43,16.576,17.101,21.115,15.037,20.749,20.579,18.276,17.121,16.949,16.784,18.116,18.532,18.874,21.969,20.549,19.355,21.859,11.067,10.161,16.482,8.633,9.466,15.016,14.52,20.82,16.89,15.141,14.731,11.436,8.218,10.511,17.689,10.864,13.076,7.846,21.845,11.014,10.243,16.576,8.615,8.5,15.208,14.527,20.84,16.809,15.198,14.956,11.465,8.165,10.694,17.688,10.808,13.174,8.052,19.81
2026-01-02 08:44:00,19.239,21.274,20.468,16.696,17.156,21.2,15.122,20.69,20.619,18.254,16.977,16.774,16.886,18.289,18.704,18.778,,20.737,19.27,19.376,21.28,20.43,16.576,17.101,21.115,15.037,20.749,20.579,18.276,17.121,16.949,16.784,18.116,18.532,18.874,21.969,20.549,19.355,21.923,11.321,10.52,16.494,8.506,8.313,15.231,14.474,20.775,16.942,15.167,15.238,11.435,8.137,10.59,17.906,10.839,13.341,7.944,21.845,11.014,10.243,16.576,8.615,8.5,15.208,14.527,20.84,16.809,15.198,14.956,11.465,8.165,10.694,17.688,10.808,13.174,8.052,23.31
2026-01-02 08:46:00,19.437,21.487,20.445,16.721,17.032,21.079,15.145,20.734,20.599,18.291,17.005,17.13,16.773,18.081,18.484,18.887,21.863,20.656,19.32,19.376,21.28,20.43,16.576,17.101,21.115,15.037,20.749,20.579,18.276,17.121,16.949,16.784,18.116,18.532,18.874,21.969,20.549,19.355,21.847,11.123,9.994,16.636,8.702,8.324,15.29,14.405,20.765,16.736,15.335,14.85,11.41,8.208,10.603,17.811,10.707,13.132,8.057,21.845,11.014,10.243,16.576,8.615,8.5,15.208,14.527,20.84,16.809,15.198,14.956,11.465,8.165,10.694,17.688,10.808,13.174,8.052,24.51
2026-01-02 08:48:00,19.474,21.182,20.314,16.472,17.133,20.963,15.141,20.714,20.69,18.235,15.536,16.832,14.653,18.19,18.471,19.004,21.89,20.613,19.262,19.376,21.28,20.43,16.576,17.101,21.115,15.037,20.749,20.579,18.276,17.121,16.949,16.784,18.116,18.532,18.874,21.969,20.549,19.355,21.877,11.047,10.489,16.45,8.756,8.867,15.285,14.559,20.822,16.839,16.606,15.059,13.209,8.306,10.701,17.485,10.54,13.279,8.04,21.845,11.014,10.243,16.576,8.615,8.5,15.208,14.527,20.84,16.809,15.198,14.956,11.465,8.165,10.694,17.688,10.808,13.174,8.052,13.88
2026-01-02 08:50:00,19.174,21.454,20.409,16.695,17.126,20.916,15.087,20.88,20.736,17.146,17.171,16.34,16.796,16.48,18.622,18.963,22.013,20.46,19.435,19.376,21.28,20.43,16.576,17.101,21.115,15.037,20.749,20.579,18.276,17.121,16.949,16.784,18.116,18.532,18.874,21.969,20.549,19.355,21.934,10.814,10.42,16.514,8.384,8.367,15.369,14.776,20.869,19.447,15.417,17.178,11.101,11.138,10.778,17.669,11.101,13.09,8.187,21.845,11.014,10.243,16.576,8.615,8.5,15.208,14.527,20.84,16.809,15.198,14.956,11.465,8.165,10.694,17.688,10.808,13.174,8.052,7.23
2026-01-02 08:52:00,19.314,21.431,20.361,16.517,17.066,20.996,14.934,20.718,20.291,18.515,17.168,16.986,16.682,18.141,18.533,18.888,21.795,20.537,19.134,19.376,21.28,20.43,16.576,17.101,21.115,15.037,20.749,20.579,18.276,17.121,16.949,16.784,18.116,18.532,18.874,21.969,20.549,19.355,21.811,11.042,10.312,16.707,8.497,8.685,15.29,14.785,20.64,16.711,15.272,14.938,11.164,7.949,10.391,17.665,10.861,12.673,8.06,21.845,11.014,10.243,16.576,8.615,8.5,15.208,14.527,20.84,16.809,15.198,14.956,11.465,8.165,10.694,17.688,10.808,13.174,8.052,23.72
2026-01-02 08:54:00,19.354,21.177,20.36,16.54,17.203,21.262,15.042,20.623,20.758,18.111,17.057,16.925,16.698,18.275,18.581,19.004,21.935,20.653,19.339,19.376,21.28,20.43,16.576,17.101,21.115,15.037,20.749,20.579,18.276,17.121,16.949,16.784,18.116,18.532,18.874,21.969,20.549,19.355,21.976,10.919,10.149,16.742,8.263,8.549,15.337,14.531,20.948,17.025,15.156,15.055,11.498,8.188,10.835,17.985,10.716,13.353,7.868,21.845,11.014,10.243,16.576,8.615,8.5,15.208,14.527,20.84,16.809,15.198,14.956,11.465,8.165,10.694,17.688,10.808,13.174,8.052,24.03
2026-01-02 08:56:00,17.728,21.317,20.477,16.645,17.077,20.938,15.0,20.431,20.546,18.18,17.219,16.627,17.023,18.075,18.343,18.925,22.027,20.6,19.615,19.376,21.28,20.43,16.576,17.101,21.115,15.037,20.749,20.579,18.276,17.121,16.949,16.784,18.116,18.532,18.874,21.969,20.549,19.355,24.517,11.199,10.149,16.29,8.642,8.379,15.391,14.783,20.975,16.912,15.063,14.888,11.534,8.022,10.854,17.529,10.851,13.142,8.108,21.845,11.014,10.243,16.576,8.615,8.5,15.208,14.527,20.84,16.809,15.198,14.956,11.465,8.165,10.694,17.688,10.808,13.174,8.052,17.97
2026-01-02 08:58:00,19.277,21.316,20.448,16.496,17.136,21.265,14.936,20.802,20.699,18.353,16.931,16.983,16.738,16.285,18.517,19.108,21.822,20.608,16.931,19.376,21.28,20.43,16.576,17.101,21.115,15.037,20.749,20.579,18.276,17.121,16.949,16.784,18.116,18.532,18.874,21.969,20.549,19.355,21.526,11.049,10.136,16.38,8.548,8.33,15.305,14.191,20.936,17.037,15.152,14.934,11.424,9.394,10.714,17.553,10.881,13.175,10.283,21.845,11.014,10.243,16.576,8.615,8.5,15.208,14.527,20.84,16.809,15.198,14.956,11.465,8.165,10.694,17.688,10.808,13.174,8.052,13.0
2026-01-02 09:00:00,19.587,21.468,20.32,16.666,17.096,20.922,14.913,20.761,20.641,18.231,17.156,16.986,16.818,,17.162,16.607,19.389,20.732,19.529,19.376,21.28,20.43,16.576,17.101,21.115,15.037,20.749,20.579,18.276,17.121,16.949,16.784,18.116,18.532,18.874,21.969,20.549,19.355,21.886,11.076,10.171,16.766,8.465,8.296,15.519,14.208,20.489,16.871,15.147,14.942,11.212,7.957,11.828,19.956,11.895,13.282,8.032,21.845,11.014,10.243,16.576,8.615,8.5,15.208,14.527,20.84,16.809,15.198,14.956,11.465,8.165,10.694,17.688,10.808,13.174,8.052,9.16
2026-01-02 09:02:00,19.395,21.529,20.334,16.464,17.027,21.03,15.257,20.755,20.573,18.319,17.311,16.969,16.74,18.148,18.682,18.851,22.137,20.585,19.335,19.376,21.28,20.43,16.576,17.101,21.115,15.037,20.749,20.579,18.276,17.121,16.949,16.784,18.116,18.532,18.874,21.969,20.549,19.355,21.954,11.002,9.961,16.627,8.321,8.585,15.345,14.399,21.049,16.909,15.182,14.963,11.424,8.355,10.695,17.861,10.947,13.083,8.108,21.845,11.014,10.243,16.576,8.615,8.5,15.208,14.527,20.84,16.809,15.198,14.956,11.465,8.165,10.694,17.688,10.808,13.174,8.052,24.93
2026-01-02 09:04:00,19.435,21.516,20.401,16.741,17.169,21.134,15.043,20.847,20.653,18.32,17.2,16.847,16.707,17.997,18.492,18.85,21.925,20.613,19.244,19.376,21.28,20.43,16.576,17.101,21.115,15.037,20.749,20.579,18.276,17.121,16.949,16.784,18.116,18.532,18.874,21.969,20.549,19.355,21.833,11.277,10.167,16.553,8.614,8.284,15.142,14.543,20.563,16.95,15.03,15.213,11.583,8.164,10.726,17.437,10.55,13.386,8.116,21.845,11.014,10.243,16.576,8.615,8.5,15.208,14.527,20.84,16.809,15.198,14.956,11.465,8.165,10.694,17.688,10.808,13.174,8.052,23.73
2026-01-02 09:06:00,19.347,20.711,20.63,16.583,16.112,21.278,14.917,20.778,20.456,18.23,17.17,16.8,16.848,18.1,18.504,18.938,21.872,20.349,19.359,19.376,21.28,20.43,16.576,17.101,21.115,15.037,20.749,20.579,18.276,17.121,16.949,16.784,18.116,18.532,18.874,21.969,20.549,19.355,21.765,13.624,10.429,16.697,9.945,8.371,15.304,14.529,20.881,16.799,15.148,15.21,11.577,8.096,10.809,17.767,10.517,13.139,8.116,21.845,11.014,10.243,16.576,8.615,8.5,15.208,14.527,20.84,16.809,15.198,14.956,11.465,8.165,10.694,17.688,10.808,13.174,8.052,15.65
2026-01-02 09:08:00,19.291,21.257,20.3,16.466,16.98,20.964,14.941,20.656,20.583,18.649,17.048,16.761,16.852,17.97,18.426,18.833,21.973,20.556,19.383,19.376,21.28,20.43,16.576,17.101,21.115,15.037,20.749,20.579,18.276,17.121,16.949,16.784,18.116,18.532,18.874,21.969,20.549,19.355,21.971,10.994,10.345,16.383,8.781,8.757,15.115,14.513,21.188,16.726,15.146,15.117,11.147,7.8,10.498,18.06,10.552,13.076,8.104,21.845,11.014,10.243,16.576,8.615,8.5,15.208,14.527,20.84,16.809,15.198,14.956,11.465,8.165,10.694,17.688,10.808,13.174,8.052,24.68
2026-01-02 09:10:00,19.361,21.41,20.528,16.511,17.075,20.954,15.113,20.723,20.803,18.194,17.299,16.84,16.585,18.013,18.571,18.993,21.864,20.661,19.292,19.376,21.28,20.43,16.576,17.101,21.115,15.037,20.749,20.579,18.276,17.121,16.949,16.784,18.116,18.532,18.874,21.969,20.549,19.355,21.59,10.875,10.206,16.789,8.515,8.681,15.13,14.577,20.954,16.641,15.265,15.076,11.709,8.192,10.893,17.834,10.758,13.284,8.045,21.845,11.014,10.243,16.576,8.615,8.5,15.208,14.527,20.84,16.809,15.198,14.956,11.465,8.165,10.694,17.688,10.808,13.174,8.052,24.45
2026-01-02 09:12:00,19.314,21.243,20.622,16.596,17.135,20.936,15.055,20.779,20.769,18.171,17.036,16.839,16.706,18.192,18.436,19.022,21.97,20.439,19.276,19.376,21.28,20.43,16.576,17.101,21.115,15.037,20.749,20.579,18.276,17.121,16.949,16.784,18.116,18.532,18.874,21.969,20.549,19.355,22.082,10.824,10.439,16.539,8.714,8.586,14.949,14.405,20.745,17.063,15.082,15.061,11.655,8.239,10.449,17.54,10.841,13.159,7.938,21.845,11.014,10.243,16.576,8.615,8.5,15.208,14.527,20.84,16.809,15.198,14.956,11.465,8.165,10.694,17.688,10.808,13.174,8.052,24.29
2026-01-02 09:14:00,17.136,21.108,20.562,16.677,16.983,18.787,15.222,20.661,20.603,18.332,15.167,16.924,16.741,18.126,18.345,18.877,21.986,20.389,19.405,19.376,21.28,20.43,16.576,17.101,21.115,15.037,20.749,20.579,18.276,17.121,16.949,16.784,18.116,18.532,18.874,21.969,20.549,19.355,24.665,11.011,10.3,16.798,8.537,11.487,14.987,14.456,20.892,17.177,16.123,15.026,11.365,8.101,10.675,17.695,10.76,13.337,8.044,21.845,11.014,10.243,16.576,8.615,8.5,15.208,14.527,20.84,16.809,15.198,14.956,11.465,8.165,10.694,17.688,10.808,13.174,8.052,5.32
2026-01-02 09:16:00,19.263,20.969,20.198,16.584,17.163,21.061,14.862,20.725,20.683,18.266,16.944,16.999,16.756,18.091,18.534,18.936,21.951,20.431,19.338,19.376,21.28,20.43,16.576,17.101,21.115,15.037,20.749,20.579,18.276,17.121,16.949,16.784,18.116,18.532,18.874,21.969,20.549,19.355,21.736,11.296,10.025,16.716,8.685,8.487,15.148,14.424,20.631,16.931,15.47,14.755,,8.146,10.7,17.81,10.704,12.911,8.057,21.845,11.014,10.243,16.576,8.615,8.5,15.208,14.527,20.84,16.809,15.198,14.956,11.465,8.165,10.694,17.688,10.808,13.174,8.052,23.87
2026-01-02 09:18:00,19.387,21.414,20.281,16.555,16.993,21.142,14.968,20.382,20.687,18.193,16.988,16.767,16.654,17.958,18.51,18.886,21.954,20.586,19.252,19.376,21.28,20.43,16.576,17.101,21.115,15.037,20.749,20.579,18.276,17.121,16.949,16.784,18.116,18.532,18.874,21.969,20.549,19.355,21.762,11.007,10.066,16.578,8.792,8.495,15.356,14.318,20.988,16.723,15.227,14.721,11.587,8.121,10.817,17.717,10.657,13.334,8.242,21.845,11.014,10.243,16.576,8.615,8.5,15.208,14.527,20.84,16.809,15.198,14.956,11.465,8.165,10.694,17.688,10.808,13.174,8.052,23.64
2026-01-02 09:20:00,19.441,21.263,20.477,16.644,17.053,21.255,15.126,20.696,20.781,18.466,16.936,16.68,16.707,18.165,18.637,18.948,21.962,20.658,19.435,19.376,21.28,20.43,16.576,17.101,21.115,15.037,20.749,20.579,18.276,17.121,16.949,16.784,18.116,18.532,18.874,21.969,20.549,19.355,21.862,10.956,10.333,16.617,8.49,8.308,15.321,14.411,20.7,16.822,15.201,14.809,11.366,8.167,10.242,17.583,10.606,13.276,8.005,21.845,11.014,10.243,16.576,8.615,8.5,15.208,14.527,20.84,16.809,15.198,14.956,11.465,8.165,10.694,17.688,10.808,13.174,8.052,23.68
2026-01-02 09:22:00,19.32,21.298,20.55,16.498,15.674,21.013,15.204,20.823,20.675,18.228,17.114,17.088,16.748,18.251,18.526,18.868,22.03,18.725,19.557,19.376,21.28,20.43,16.576,17.101,21.115,15.037,20.749,20.579,18.276,17.121,16.949,16.784,18.116,18.532,18.874,21.969,20.549,19.355,21.916,11.089,10.091,16.729,9.644,8.515,14.948,14.477,20.91,16.73,15.353,14.811,11.336,7.988,10.507,17.298,10.632,16.362,8.118,21.845,11.014,10.243,16.576,8.615,8.5,15.208,14.527,20.84,16.809,15.198,14.956,11.465,8.165,10.694,17.688,10.808,13.174,8.052,13.65
2026-01-02 09:24:00,19.332,19.666,20.338,16.473,16.837,21.21,15.207,20.606,20.539,18.243,16.937,16.954,16.816,18.054,16.582,18.888,22.036,20.381,19.341,19.376,21.28,20.43,16.576,17.101,21.115,15.037,20.749,20.579,18.276,17.121,16.949,16.784,18.116,18.532,18.874,21.969,20.549,19.355,21.773,13.053,10.149,16.456,8.486,8.636,15.274,14.475,20.79,16.728,15.264,15.05,11.56,8.256,12.768,17.588,10.644,13.037,7.944,21.845,11.014,10.243,16.576,8.615,8.5,15.208,14.527,20.84,16.809,15.198,14.956,11.465,8.165,10.694,17.688,10.808,13.174,8.052,12.87
2026-01-02 09:26:00,19.439,20.95,20.465,16.775,16.949,21.265,15.0,20.817,20.559,18.14,16.918,17.226,16.625,18.082,18.697,18.908,21.987,20.311,19.281,19.376,21.28,20.43,16.576,17.101,21.115,15.037,20.749,20.579,18.276,17.121,16.949,16.784,18.116,18.532,18.874,21.969,20.549,19.355,22.145,11.064,10.396,16.493,8.747,8.504,15.37,14.309,21.058,16.863,15.085,15.017,11.322,8.29,10.852,17.621,10.741,13.189,8.034,21.845,11.014,10.243,16.576,8.615,8.5,15.208,14.527,20.84,16.809,15.198,14.956,11.465,8.165,10.694,17.688,10.808,13.174,8.052,24.49
2026-01-02 09:28:00,19.218,21.068,20.47,16.672,17.009,21.037,15.085,20.85,20.454,18.411,17.229,16.948,16.652,18.18,18.611,19.079,21.896,20.733,19.312,19.376,21.28,20.43,16.576,17.101,21.115,15.037,20.749,20.579,18.276,17.121,16.949,16.784,18.116,18.532,18.874,21.969,20.549,19.355,22.017,10.905,10.169,16.528,8.788,8.699,15.418,14.307,21.153,16.389,15.218,14.962,11.477,8.516,10.874,17.864,10.703,13.516,7.905,21.845,11.014,10.243,16.576,8.615,8.5,15.208,14.527,20.84,16.809,15.198,14.956,11.465,8.165,10.694,17.688,10.808,13.174,8.052,23.55
2026-01-02 09:30:00,19.436,21.266,20.438,16.747,17.019,21.211,15.004,20.743,20.494,18.297,16.885,16.917,16.901,18.213,18.339,18.741,21.918,20.768,19.304,19.376,21.28,20.43,16.576,17.101,21.115,15.037,20.749,20.579,18.276,17.121,16.949,16.784,18.116,18.532,18.874,21.969,20.549,19.355,21.951,11.247,10.358,16.637,8.731,8.36,15.326,14.535,20.997,16.783,15.348,14.812,11.618,8.349,10.539,17.577,10.622,13.149,7.747,21.845,11.014,10.243,16.576,8.615,8.5,15.208,14.527,20.84,16.809,15.198,14.956,11.465,8.165,10.694,17.688,10.808,13.174,8.052,24.5
2026-01-02 09:32:00,19.373,21.25,20.464,16.468,17.13,21.17,15.158,20.644,20.685,18.501,17.213,17.029,16.495,18.272,18.757,19.018,22.027,20.646,19.709,19.376,21.28,20.43,16.576,17.101,21.115,15.037,20.749,20.579,18.276,17.121,16.949,16.784,18.116,18.532,18.874,21.969,20.549,19.355,21.821,10.905,10.287,16.56,8.937,8.596,15.247,14.602,20.992,16.86,15.122,15.118,11.573,7.847,10.58,17.735,11.043,13.337,8.081,21.845,11.014,10.243,16.576,8.615,8.5,15.208,14.527,20.84,16.809,15.198,14.956,11.465,8.165,10.694,17.688,10.808,13.174,8.052,23.59
2026-01-02 09:34:00,19.291,21.232,20.559,16.606,16.845,21.141,15.077,20.637,20.624,18.304,16.907,17.009,17.038,18.322,18.397,18.717,21.975,20.581,19.196,19.376,21.28,20.43,16.576,17.101,21.115,15.037,20.749,20.579,18.276,17.121,16.949,16.784,18.116,18.532,18.874,21.969,20.549,19.355,21.889,11.132,10.243,16.731,8.479,8.602,15.053,14.446,20.846,16.987,14.838,15.124,11.332,8.174,10.957,17.596,10.453,13.417,8.032,21.845,11.014,10.243,16.576,8.615,8.5,15.208,14.527,20.84,16.809,15.198,14.956,11.465,8.165,10.694,17.688,10.808,13.174,8.052,23.53
2026-01-02 09:36:00,19.287,21.441,20.458,16.699,17.097,21.236,14.973,20.686,20.466,18.047,17.073,16.787,16.727,18.132,18.551,18.92,21.921,20.541,19.492,19.376,21.28,20.43,16.576,17.101,21.115,15.037,20.749,20.579,18.276,17.121,16.949,16.784,18.116,18.532,18.874,21.969,20.549,19.355,21.818,11.108,10.085,16.422,8.398,8.495,15.096,14.508,20.911,16.687,15.131,14.997,11.208,8.412,10.96,17.675,10.914,13.262,7.834,21.845,11.014,10.243,16.576,8.615,8.5,15.208,14.527,20.84,16.809,15.198,14.956,11.465,8.165,10.694,17.688,10.808,13.174,8.052,23.78
2026-01-02 09:38:00,19.356,21.283,20.137,16.444,17.23,21.01,14.907,20.862,20.432,18.392,17.108,14.768,16.538,18.272,18.313,18.726,20.717,20.398,19.414,19.376,21.28,20.43,16.576,17.101,21.115,15.037,20.749,20.579,18.276,17.121,16.949,16.784,18.116,18.532,18.874,21.969,20.549,19.355,21.75,11.035,10.161,16.812,8.662,8.542,15.008,14.316,20.75,16.995,14.995,16.924,11.525,8.06,10.562,17.609,13.598,12.787,7.81,21.845,11.014,10.243,16.576,8.615,8.5,15.208,14.527,20.84,16.809,15.198,14.956,11.465,8.165,10.694,17.688,10.808,13.174,8.052,12.43
2026-01-02 09:40:00,19.369,21.246,20.301,16.495,17.132,20.995,15.11,20.775,20.642,18.301,17.186,16.992,16.88,18.158,18.568,18.762,21.76,20.552,19.467,19.376,21.28,20.43,16.576,17.101,21.115,15.037,20.749,20.579,18.276,17.121,16.949,16.784,18.116,18.532,18.874,21.969,20.549,19.355,22.004,10.776,10.375,16.256,8.556,8.292,15.046,14.605,20.726,16.81,14.784,14.71,11.636,8.252,10.607,17.664,10.824,13.167,8.038,21.845,11.014,10.243,16.576,8.615,8.5,15.208,14.527,20.84,16.809,15.198,14.956,11.465,8.165,10.694,17.688,10.808,13.174,8.052,24.56
2026-01-02 09:42:00,19.262,21.088,20.362,16.617,17.201,21.074,14.894,20.739,20.658,18.267,17.239,16.886,16.885,18.308,18.41,18.768,22.043,20.919,19.413,19.376,21.28,20.43,16.576,17.101,21.115,15.037,20.749,20.579,18.276,17.121,16.949,16.784,18.116,18.532,18.874,21.969,20.549,19.355,21.849,11.048,10.459,16.505,8.262,8.573,15.467,14.811,20.864,16.879,15.589,14.717,11.527,8.216,10.553,17.756,10.816,13.027,8.024,21.845,11.014,10.243,16.576,8.615,8.5,15.208,14.527,20.84,16.809,15.198,14.956,11.465,8.165,10.694,17.688,10.808,13.174,8.052,23.31
2026-01-02 09:44:00,19.37,21.434,20.414,16.381,16.985,21.273,14.833,20.576,20.675,18.291,17.263,16.82,16.694,18.071,18.382,18.844,21.945,20.649,19.342,19.376,21.28,20.43,16.576,17.101,21.115,15.037,20.749,20.579,18.276,17.121,16.949,16.784,18.116,18.532,18.874,21.969,20.549,19.355,22.179,11.016,10.189,16.774,8.655,8.596,15.3,14.501,20.95,16.677,15.269,14.866,11.749,8.329,10.934,17.8,11.0,13.081,7.79,21.845,11.014,10.243,16.576,8.615,8.5,15.208,14.527,20.84,16.809,15.198,14.956,11.465,8.165,10.694,17.688,10.808,13.174,8.052,24.76
2026-01-02 09:46:00,19.325,21.337,20.56,16.698,17.132,21.067,14.978,20.59,20.585,18.27,17.316,16.972,16.871,18.269,18.306,18.795,21.938,20.56,19.217,19.376,21.28,20.43,16.576,17.101,21.115,15.037,20.749,20.579,18.276,17.121,16.949,16.784,18.116,18.532,18.874,21.969,20.549,19.355,22.084,11.053,10.264,16.203,9.0,8.52,15.249,14.456,20.971,16.839,14.715,14.817,11.55,8.231,10.466,17.749,10.765,12.745,8.157,21.845,11.014,10.243,16.576,8.615,8.5,15.208,14.527,20.84,16.809,15.198,14.956,11.465,8.165,10.694,17.688,10.808,13.174,8.052,23.87
2026-01-02 09:48:00,19.476,21.386,20.487,16.655,16.967,21.248,14.961,20.52,20.592,18.324,17.037,16.748,16.644,18.095,18.226,18.995,22.086,20.525,19.479,19.376,21.28,20.43,16.576,17.101,21.115,15.037,20.749,20.579,18.276,17.121,16.949,16.784,18.116,18.532,18.874,21.969,20.549,19.355,21.7,10.864,10.274,16.25,8.702,8.651,15.125,14.705,21.029,16.556,15.067,14.952,11.5,7.976,10.554,17.67,10.892,13.193,8.22,21.845,11.014,10.243,16.576,8.615,8.5,15.208,14.527,20.84,16.809,15.198,14.956,11.465,8.165,10.694,17.688,10.808,13.174,8.052,23.14
2026-01-02 09:50:00,19.353,21.142,20.503,16.641,16.988,20.944,14.917,20.886,20.54,18.609,17.04,17.019,16.82,18.086,18.629,18.769,21.959,20.405,19.091,19.376,21.28,20.43,16.576,17.101,21.115,15.037,20.749,20.579,18.276,17.121,16.949,16.784,18.116,18.532,18.874,21.969,20.549,19.355,21.954,11.09,10.207,16.402,8.93,8.351,15.129,14.577,20.698,16.872,15.11,14.971,11.747,8.182,10.708,17.865,10.876,13.275,7.857,21.845,11.014,10.243,16.576,8.615,8.5,15.208,14.527,20.84,16.809,15.198,14.956,11.465,8.165,10.694,17.688,10.808,13.174,8.052,24.96
2026-01-02 09:52:00,19.381,21.141,20.271,16.643,17.079,21.158,15.241,20.768,20.631,18.13,17.219,17.049,16.656,18.192,18.568,18.846,21.976,20.836,19.275,19.376,21.28,20.43,16.576,17.101,21.115,15.037,20.749,20.579,18.276,17.121,16.949,16.784,18.116,18.532,18.874,21.969,20.549,19.355,21.746,11.175,10.184,16.522,8.913,8.454,15.387,14.567,20.841,16.859,15.174,14.797,11.617,8.16,10.918,17.73,10.755,12.828,8.033,21.845,11.014,10.243,16.576,8.615,8.5,15.208,14.527,20.84,16.809,15.198,14.956,11.465,8.165,10.694,17.688,10.808,13.174,8.052,23.87
2026-01-02 09:54:00,19.333,21.29,20.406,16.355,17.176,21.223,15.242,20.679,20.426,18.352,16.996,16.946,16.733,18.136,18.476,18.956,21.856,20.832,19.447,19.376,21.28,20.43,16.576,17.101,21.115,15.037,20.749,20.579,18.276,17.121,16.949,16.784,18.116,18.532,18.874,21.969,20.549,19.355,21.964,10.97,10.269,16.274,8.691,8.467,15.001,14.739,20.92,16.809,15.17,14.901,11.435,8.242,10.665,17.742,11.036,13.221,8.153,21.845,11.014,10.243,16.576,8.615,8.5,15.208,14.527,20.84,16.809,15.198,14.956,11.465,8.165,10.694,17.688,10.808,13.174,8.052,23.6
2026-01-02 09:56:00,19.298,21.163,20.405,16.518,17.0,21.28,15.151,20.617,20.645,18.275,17.212,16.868,17.038,18.123,18.769,18.816,22.129,20.534,19.554,19.376,21.28,20.43,16.576,17.101,21.115,15.037,20.749,20.579,18.276,17.121,16.949,16.784,18.116,18.532,18.874,21.969,20.549,19.355,22.013,11.014,10.328,16.624,8.543,8.407,15.653,14.509,20.954,16.747,15.081,14.658,11.46,8.446,10.73,17.548,10.922,13.247,8.079,21.845,11.014,10.243,16.576,8.615,8.5,15.208,14.527,20.84,16.809,15.198,14.956,11.465,8.165,10.694,17.688,10.808,13.174,8.052,24.53
2026-01-02 09:58:00,19.352,21.151,20.299,16.499,17.172,21.158,15.05,20.875,20.775,18.154,17.241,17.225,16.709,18.046,18.579,18.901,21.903,20.539,19.547,19.376,21.28,20.43,16.576,17.101,21.115,15.037,20.749,20.579,18.276,17.121,16.949,16.784,18.116,18.532,18.874,21.969,20.549,19.355,21.645,10.996,10.426,16.569,8.879,8.561,15.174,14.541,21.062,16.56,15.102,14.78,11.495,8.267,10.711,17.564,10.866,12.91,8.207,21.845,11.014,10.243,16.576,8.615,8.5,15.208,14.527,20.84,16.809,15.198,14.956,11.465,8.165,10.694,17.688,10.808,13.174,8.052,24.62
2026-01-02 10:00:00,19.485,21.183,20.224,16.443,17.122,21.02,14.935,20.834,20.545,18.229,17.146,17.122,16.82,18.198,18.541,19.06,21.821,20.413,19.294,19.376,21.28,20.43,16.576,17.101,21.115,15.037,20.749,20.579,18.276,17.121,16.949,16.784,18.116,18.532,18.874,21.969,20.549,19.355,21.77,11.258,10.16,16.816,8.794,8.552,14.871,14.501,20.935,16.694,15.368,14.841,11.38,8.532,10.691,17.572,10.778,13.333,7.876,21.845,11.014,10.243,16.576,8.615,8.5,15.208,14.527,20.84,16.809,15.198,14.956,11.465,8.165,10.694,17.688,10.808,13.174,8.052,23.27
2026-01-02 10:02:00,19.618,21.465,20.297,16.521,17.167,18.882,15.143,20.689,20.38,18.349,17.271,16.764,16.559,18.061,18.308,18.926,21.829,20.637,19.314,19.376,21.28,20.43,16.576,17.101,21.115,15.037,20.749,20.579,18.276,17.121,16.949,16.784,18.116,18.532,18.874,21.969,20.549,19.355,21.827,11.069,10.229,16.653,8.443,11.214,15.326,14.756,21.01,16.983,15.152,15.056,11.347,8.247,10.543,17.853,10.994,13.059,8.001,21.845,11.014,10.243,16.576,8.615,8.5,15.208,14.527,20.84,16.809,15.198,14.956,11.465,8.165,10.694,17.688,10.808,13.174,8.052,17.49
2026-01-02 10:04:00,19.391,21.36,20.405,16.455,17.211,18.76,15.206,20.676,20.516,18.323,17.171,17.01,16.608,18.01,18.573,18.919,21.957,19.014,19.334,19.376,21.28,20.43,16.576,17.101,21.115,15.037,20.749,20.579,18.276,17.121,16.949,16.784,18.116,18.532,18.874,21.969,20.549,19.355,21.768,10.753,10.227,16.322,8.457,10.574,15.245,14.642,20.929,16.705,15.298,15.19,11.247,8.45,10.811,17.669,10.8,14.723,8.091,21.845,11.014,10.243,16.576,8.615,8.5,15.208,14.527,20.84,16.809,15.198,14.956,11.465,8.165,10.694,17.688,10.808,13.174,8.052,12.34
2026-01-02 10:06:00,19.489,21.411,20.472,16.553,17.19,21.169,15.111,20.645,20.636,18.467,17.088,16.966,16.756,18.222,18.285,19.066,22.03,20.522,19.389,19.376,21.28,20.43,16.576,17.101,21.115,15.037,20.749,20.579,18.276,17.121,16.949,16.784,18.116,18.532,18.874,21.969,20.549,19.355,22.271,10.744,10.249,16.547,8.39,8.501,15.171,14.785,20.82,16.955,15.155,14.868,11.57,8.045,10.692,17.706,10.741,13.186,8.387,21.845,11.014,10.243,16.576,8.615,8.5,15.208,14.527,20.84,16.809,15.198,14.956,11.465,8.165,10.694,17.688,10.808,13.174,8.052,23.39
2026-01-02 10:08:00,19.511,21.326,20.511,16.721,17.123,21.205,15.214,20.817,20.507,18.369,17.366,16.912,16.84,18.168,18.639,18.827,21.968,20.784,19.44,19.376,21.28,20.43,16.576,17.101,21.115,15.037,20.749,20.579,18.276,17.121,16.949,16.784,18.116,18.532,18.874,21.969,20.549,19.355,21.737,10.856,10.458,16.414,8.395,8.37,15.27,14.646,20.77,16.865,15.0,15.092,11.527,8.132,10.67,17.882,10.814,13.089,8.211,21.845,11.014,10.243,16.576,8.615,8.5,15.208,14.527,20.84,16.809,15.198,14.956,11.465,8.165,10.694,17.688,10.808,13.174,8.052,23.91
2026-01-02 10:10:00,19.304,21.377,20.439,16.762,16.911,21.129,15.156,20.599,20.493,18.334,17.128,16.915,16.823,17.952,18.434,19.083,21.894,20.603,19.351,19.376,21.28,20.43,16.576,17.101,21.115,15.037,20.749,20.579,18.276,17.121,16.949,16.784,18.116,18.532,18.874,21.969,20.549,19.355,21.656,10.869,10.374,16.458,8.391,8.272,15.207,14.501,20.681,16.848,14.989,14.664,11.466,7.824,10.624,17.765,10.568,12.83,8.09,21.845,11.014,10.243,16.576,8.615,8.5,15.208,14.527,20.84,16.809,15.198,14.956,11.465,8.165,10.694,17.688,10.808,13.174,8.052,24.06
2026-01-02 10:12:00,19.48,21.322,20.48,16.717,17.142,20.915,14.96,20.92,20.708,16.153,16.934,16.866,17.034,18.26,18.679,18.685,21.81,20.481,19.196,19.376,21.28,20.43,16.576,17.101,21.115,15.037,20.749,20.579,,17.121,16.949,16.784,18.116,18.532,18.874,21.969,20.549,19.355,21.912,11.305,10.187,16.546,8.44,8.64,15.402,14.466,20.877,18.673,15.195,15.195,11.665,8.142,10.614,17.589,10.65,13.453,7.995,21.845,11.014,10.243,16.576,8.615,8.5,15.208,14.527,20.84,16.809,15.198,14.956,11.465,8.165,10.694,17.688,10.808,13.174,8.052,18.37
2026-01-02 10:14:00,19.391,21.153,20.488,16.552,17.037,21.194,15.092,20.766,20.538,17.636,15.657,16.718,16.706,18.134,18.743,18.923,21.853,20.493,19.207,19.376,21.28,20.43,16.576,17.101,21.115,15.037,20.749,20.579,18.276,17.121,16.949,16.784,18.116,18.532,18.874,21.969,20.549,19.355,21.725,10.831,10.146,16.683,8.668,8.128,15.244,14.606,20.941,19.475,16.106,15.323,11.357,8.339,10.573,17.608,11.072,13.317,7.949,21.845,11.014,10.243,16.576,8.615,8.5,15.208,14.527,20.84,16.809,15.198,14.956,11.465,8.165,10.694,17.688,10.808,13.174,8.052,15.76
2026-01-02 10:16:00,19.372,21.271,20.427,16.61,17.226,21.198,14.902,20.85,20.461,18.322,17.134,17.15,15.539,18.106,17.76,18.978,22.007,20.519,19.456,19.376,21.28,20.43,16.576,17.101,21.115,15.037,20.749,20.579,18.276,17.121,16.949,16.784,18.116,18.532,18.874,21.969,20.549,19.355,21.922,,10.126,16.458,8.361,8.584,15.005,14.503,21.043,16.896,15.083,14.886,12.548,7.955,13.703,17.761,11.018,13.19,8.071,21.845,11.014,10.243,16.576,8.615,8.5,15.208,14.527,20.84,16.809,15.198,14.956,11.465,8.165,10.694,17.688,10.808,13.174,8.052,15.07
2026-01-02 10:18:00,19.627,21.475,20.609,16.515,17.093,21.136,14.838,20.954,20.412,18.325,16.978,16.966,16.884,18.18,18.433,18.8,22.081,20.544,19.372,19.376,21.28,20.43,16.576,17.101,21.115,15.037,20.749,20.579,18.276,,16.949,16.784,18.116,18.532,18.874,21.969,20.549,19.355,21.579,11.052,10.39,16.594,8.592,8.425,15.106,14.54,20.625,16.91,15.151,15.028,11.423,8.155,10.507,17.991,10.967,13.201,7.894,21.845,11.014,10.243,16.576,8.615,8.5,15.208,14.527,20.84,16.809,15.198,14.956,11.465,8.165,10.694,17.688,10.808,13.174,8.052,24.65
2026-01-02 10:20:00,19.489,20.986,20.463,16.728,17.315,21.199,14.953,20.866,20.804,18.203,17.039,16.934,16.739,17.878,18.256,18.723,21.897,20.603,19.296,19.376,21.28,20.43,16.576,17.101,21.115,15.037,20.749,20.579,18.276,17.121,16.949,16.784,18.116,18.532,18.874,21.969,20.549,19.355,22.138,11.088,10.213,16.472,8.598,8.697,15.078,14.508,20.831,16.896,15.365,14.968,11.521,8.218,10.58,17.679,10.623,13.203,8.051,21.845,11.014,10.243,16.576,8.615,8.5,15.208,14.527,20.84,16.809,15.198,14.956,11.465,8.165,10.694,17.688,10.808,13.174,8.052,23.83
2026-01-02 10:22:00,19.4,21.445,20.786,16.683,16.989,21.235,15.039,20.792,19.698,18.37,15.193,16.817,16.818,18.201,18.783,18.948,21.928,20.494,19.274,19.376,21.28,20.43,16.576,17.101,21.115,15.037,20.749,20.579,18.276,17.121,16.949,16.784,18.116,18.532,18.874,21.969,20.549,19.355,21.869,10.914,10.599,16.741,8.574,8.366,15.203,14.488,23.837,16.862,17.066,14.839,11.472,7.87,11.044,17.82,10.852,13.317,8.08,21.845,11.014,10.243,16.576,8.615,8.5,15.208,14.527,20.84,16.809,15.198,14.956,11.465,8.165,10.694,17.688,10.808,13.174,8.052,12.96
2026-01-02 10:24:00,19.225,21.129,20.367,16.59,17.013,21.119,15.006,20.724,20.53,18.312,17.125,16.639,16.817,18.13,18.462,18.896,21.889,20.565,19.254,19.376,21.28,20.43,16.576,17.101,21.115,15.037,20.749,20.579,18.276,17.121,16.949,16.784,18.116,18.532,18.874,21.969,20.549,19.355,21.837,11.079,10.26,,8.616,8.675,15.472,14.629,20.861,16.625,15.111,14.792,11.448,8.312,10.442,17.745,10.545,13.104,8.158,21.845,11.014,10.243,16.576,8.615,8.5,15.208,14.527,20.84,16.809,15.198,14.956,11.465,8.165,10.694,17.688,10.808,13.174,8.052,23.74
2026-01-02 10:26:00,19.458,21.323,17.921,16.496,17.186,21.164,15.055,20.617,20.501,18.296,16.111,16.949,16.688,18.09,18.475,18.739,19.628,20.455,19.18,19.376,21.28,20.43,16.576,17.101,21.115,15.037,20.749,20.579,18.276,17.121,16.949,16.784,18.116,18.532,18.874,21.969,20.549,19.355,21.761,11.211,12.247,16.541,8.614,8.481,15.256,14.331,20.82,16.696,17.432,14.838,11.477,8.449,10.998,17.636,12.087,13.285,7.979,21.845,11.014,10.243,16.576,8.615,8.5,15.208,14.527,20.84,16.809,15.198,14.956,11.465,8.165,10.694,17.688,10.808,13.174,8.052,8.09
2026-01-02 10:28:00,19.432,21.372,20.535,16.486,17.014,21.145,14.983,20.713,20.544,18.088,17.271,16.781,16.6,18.211,18.404,19.001,22.009,20.591,19.311,19.376,21.28,20.43,16.576,17.101,21.115,15.037,20.749,20.579,18.276,17.121,16.949,16.784,18.116,18.532,18.874,21.969,20.549,19.355,21.854,10.923,10.356,16.435,8.934,8.351,15.209,14.753,20.909,16.459,15.315,14.968,11.55,7.904,11.053,17.445,11.01,12.995,7.871,21.845,11.014,10.243,16.576,8.615,8.5,15.208,14.527,20.84,16.809,15.198,14.956,11.465,8.165,10.694,17.688,10.808,13.174,8.052,24.1
2026-01-02 10:30:00,19.21,21.142,20.442,16.564,16.96,20.981,14.936,20.742,20.631,18.381,17.078,17.117,16.868,18.288,18.43,18.942,22.096,20.342,19.463,19.376,21.28,20.43,16.576,17.101,21.115,15.037,20.749,20.579,18.276,17.121,16.949,16.784,18.116,18.532,18.874,21.969,20.549,19.355,21.979,10.916,10.563,16.803,8.691,8.428,15.147,14.598,20.899,16.744,15.21,14.993,11.625,8.062,10.69,17.826,10.898,12.765,8.161,21.845,11.014,10.243,16.576,8.615,8.5,15.208,14.527,20.84,16.809,15.198,14.956,11.465,8.165,10.694,17.688,10.808,13.174,8.052,23.54
2026-01-02 10:32:00,19.424,21.388,20.45,16.71,17.052,21.054,15.121,20.833,20.423,18.416,17.258,17.069,16.699,18.263,18.592,18.983,21.963,20.499,19.273,19.376,21.28,20.43,16.576,17.101,21.115,15.037,20.749,20.579,18.276,17.121,16.949,16.784,18.116,18.532,18.874,21.969,20.549,19.355,21.77,11.182,10.186,16.417,9.076,8.352,14.994,14.54,20.972,16.891,15.228,14.795,11.787,7.908,10.739,17.457,10.849,13.176,8.128,21.845,11.014,10.243,16.576,8.615,8.5,15.208,14.527,20.84,16.809,15.198,14.956,11.465,8.165,10.694,17.688,10.808,13.174,8.052,24.83
2026-01-02 10:34:00,19.305,21.385,20.34,16.505,17.14,21.084,14.798,20.672,20.538,18.463,17.199,16.833,16.656,18.063,18.558,18.784,22.019,20.385,19.394,19.376,21.28,20.43,16.576,17.101,21.115,15.037,20.749,20.579,18.276,17.121,16.949,16.784,18.116,18.532,18.874,21.969,20.549,19.355,21.689,10.885,9.915,16.447,8.444,8.439,15.048,14.57,20.845,16.932,15.342,14.888,11.61,8.265,10.457,17.905,10.665,13.162,8.267,21.845,11.014,10.243,16.576,8.615,8.5,15.208,14.527,20.84,16.809,15.198,14.956,11.465,8.165,10.694,17.688,10.808,13.174,8.052,24.24
2026-01-02 10:36:00,19.514,20.972,20.427,16.606,17.153,21.127,15.029,20.782,20.592,18.286,17.304,17.068,16.891,18.042,18.475,18.997,21.847,20.667,19.199,19.376,21.28,20.43,16.576,17.101,21.115,15.037,20.749,20.579,18.276,17.121,16.949,16.784,18.116,18.532,18.874,21.969,20.549,19.355,21.774,11.17,10.15,16.493,8.795,8.458,15.376,14.761,20.947,16.903,15.107,14.862,11.494,8.247,10.482,17.622,10.817,13.313,8.036,21.845,11.014,10.243,16.576,8.615,8.5,15.208,14.527,20.84,16.809,15.198,14.956,11.465,8.165,10.694,17.688,10.808,13.174,8.052,24.13
2026-01-02 10:38:00,19.623,21.425,20.366,16.523,16.864,21.109,15.175,20.819,20.549,18.513,17.185,16.997,16.75,18.183,18.836,18.927,21.775,20.574,19.577,19.376,21.28,20.43,16.576,17.101,21.115,15.037,20.749,20.579,18.276,17.121,16.949,16.784,18.116,18.532,18.874,21.969,20.549,19.355,21.694,11.033,10.118,16.479,8.677,8.865,15.538,14.328,21.211,16.575,15.131,14.863,11.669,8.096,10.846,17.62,10.784,13.077,8.025,21.845,11.014,10.243,16.576,8.615,8.5,15.208,14.527,20.84,16.809,15.198,14.956,11.465,8.165,10.694,17.688,10.808,13.174,8.052,24.07
2026-01-02 10:40:00,19.514,21.221,20.47,16.405,17.175,21.013,14.975,20.683,20.496,18.472,17.293,16.916,16.795,18.311,18.499,18.823,21.87,20.73,19.374,19.376,21.28,20.43,16.576,17.101,21.115,15.037,20.749,20.579,18.276,17.121,16.949,16.784,18.116,18.532,18.874,21.969,20.549,19.355,21.748,11.352,10.488,16.75,8.997,8.48,15.094,14.404,20.607,16.765,15.242,14.799,11.502,8.188,10.594,17.507,10.836,13.153,7.923,21.845,11.014,10.243,16.576,8.615,8.5,15.208,14.527,20.84,16.809,15.198,14.956,11.465,8.165,10.694,17.688,10.808,13.174,8.052,24.15
2026-01-02 10:42:00,19.377,21.231,20.324,16.687,17.011,21.054,14.126,20.621,20.519,18.218,16.945,16.877,16.767,17.811,18.599,18.842,21.812,20.516,19.405,19.376,21.28,20.43,16.576,17.101,21.115,15.037,20.749,20.579,18.276,17.121,16.949,16.784,18.116,18.532,18.874,21.969,20.549,19.355,21.602,11.267,10.375,16.511,8.5,8.611,16.192,14.571,20.494,16.847,15.332,15.133,11.543,8.292,10.748,17.705,10.766,12.888,7.898,21.845,11.014,10.243,16.576,8.615,8.5,15.208,14.527,20.84,16.809,15.198,14.956,11.465,8.165,10.694,17.688,10.808,13.174,8.052,21.79
2026-01-02 10:44:00,19.374,21.284,20.43,16.651,16.942,21.045,15.08,20.75,20.455,18.241,17.039,16.95,16.59,17.925,18.363,18.857,22.253,20.661,19.495,19.376,21.28,20.43,16.576,17.101,21.115,15.037,20.749,20.579,18.276,17.121,16.949,16.784,18.116,18.532,18.874,21.969,20.549,19.355,21.898,10.711,10.426,16.707,8.424,8.633,15.158,14.772,20.741,16.99,14.997,14.781,11.126,8.195,10.508,17.908,10.567,13.281,8.154,21.845,11.014,10.243,16.576,8.615,8.5,15.208,14.527,20.84,16.809,15.198,14.956,11.465,8.165,10.694,17.688,10.808,13.174,8.052,24.71
2026-01-02 10:46:00,19.375,21.463,20.469,14.76,17.225,20.972,14.78,20.608,20.741,18.378,17.141,16.919,16.762,18.158,15.955,18.962,21.853,20.702,19.314,19.376,21.28,20.43,16.576,17.101,21.115,15.037,20.749,20.579,18.276,17.121,16.949,16.784,18.116,18.532,18.874,21.969,20.549,19.355,21.731,11.003,10.587,17.572,8.774,8.636,15.261,14.233,20.757,16.855,15.358,14.837,11.168,7.903,12.683,17.551,10.907,13.245,7.993,21.845,11.014,10.243,16.576,8.615,8.5,15.208,14.527,20.84,16.809,15.198,14.956,11.465,8.165,10.694,17.688,10.808,13.174,8.052,13.69
2026-01-02 10:48:00,19.266,21.245,20.319,16.558,16.889,21.055,15.043,20.791,20.531,18.414,16.922,16.921,16.725,18.112,18.498,19.033,21.965,20.438,19.642,19.376,21.28,20.43,16.576,17.101,21.115,15.037,20.749,20.579,18.276,17.121,16.949,16.784,18.116,18.532,18.874,21.969,20.549,19.355,21.609,11.012,10.296,16.573,8.717,8.395,15.312,14.631,20.823,16.793,15.091,14.886,11.335,8.344,10.713,17.493,10.774,13.376,8.292,21.845,11.014,10.243,16.576,8.615,8.5,15.208,14.527,20.84,16.809,15.198,14.956,11.465,8.165,10.694,17.688,10.808,13.174,8.052,24.17
2026-01-02 10:50:00,19.377,21.259,20.53,16.504,17.072,21.212,14.896,20.693,20.686,18.482,17.109,16.934,16.908,17.94,18.448,18.779,21.725,20.207,19.305,19.376,21.28,20.43,16.576,17.101,21.115,15.037,20.749,20.579,18.276,17.121,16.949,16.784,18.116,18.532,18.874,21.969,20.549,19.355,22.035,10.815,10.354,16.369,8.898,8.806,15.011,14.566,20.633,16.838,15.093,14.79,11.614,8.187,10.843,17.764,10.638,13.064,8.213,21.845,11.014,10.243,16.576,8.615,8.5,15.208,14.527,20.84,16.809,15.198,14.956,11.465,8.165,10.694,17.688,10.808,13.174,8.052,23.87
2026-01-02 10:52:00,19.479,21.355,20.574,16.254,17.081,21.267,14.932,20.593,20.617,18.274,17.193,16.945,16.926,18.194,18.559,18.827,22.048,20.468,19.464,19.376,21.28,20.43,16.576,17.101,21.115,15.037,20.749,20.579,18.276,17.121,16.949,16.784,18.116,18.532,18.874,21.969,20.549,19.355,22.016,10.947,10.573,16.67,8.878,8.59,15.421,14.444,20.833,16.557,15.232,14.759,11.515,8.088,10.534,17.626,10.72,12.992,8.296,21.845,11.014,10.243,16.576,8.615,8.5,15.208,14.527,20.84,16.809,15.198,14.956,11.465,8.165,10.694,17.688,10.808,13.174,8.052,23.5
2026-01-02 10:54:00,19.507,21.388,20.278,14.356,17.142,21.214,14.852,20.676,20.568,18.436,17.049,16.344,16.799,18.339,18.568,17.106,21.934,20.576,19.502,19.376,21.28,20.43,16.576,17.101,21.115,15.037,20.749,20.579,18.276,17.121,16.949,16.784,18.116,18.532,18.874,21.969,20.549,19.355,21.689,11.195,10.453,17.527,8.541,8.373,15.001,14.327,20.635,16.715,15.219,17.422,11.263,8.299,10.541,19.98,11.007,13.486,8.106,21.845,11.014,10.243,16.576,8.615,8.5,15.208,14.527,20.84,16.809,15.198,14.956,11.465,8.165,10.694,17.688,10.808,13.174,8.052,10.27
2026-01-02 10:56:00,19.451,21.245,20.279,16.578,17.085,21.269,15.144,18.717,20.305,18.225,17.151,16.833,16.721,18.253,18.616,18.052,20.711,20.565,19.33,19.376,21.28,20.43,16.576,17.101,21.115,15.037,20.749,20.579,18.276,17.121,16.949,16.784,18.116,18.532,18.874,21.969,20.549,19.355,21.704,10.772,10.263,16.329,8.715,8.601,15.072,15.841,20.855,16.856,15.292,14.823,11.451,8.001,10.769,18.563,12.929,13.331,7.944,21.845,11.014,10.243,16.576,8.615,8.5,15.208,14.527,20.84,16.809,15.198,14.956,11.465,8.165,10.694,17.688,10.808,13.174,8.052,11.91
2026-01-02 10:58:00,19.44,21.348,20.72,16.602,17.014,21.055,15.12,20.974,20.649,18.337,17.151,16.895,16.792,17.972,18.618,18.929,21.989,20.446,19.323,19.376,21.28,20.43,16.576,17.101,21.115,15.037,20.749,20.579,18.276,17.121,16.949,16.784,18.116,18.532,18.874,21.969,20.549,19.355,21.826,10.995,10.451,16.649,8.649,8.849,15.227,14.561,20.838,16.872,15.023,15.178,11.307,7.93,10.841,17.883,10.821,13.062,7.71,21.845,11.014,10.243,16.576,8.615,8.5,15.208,14.527,20.84,16.809,15.198,14.956,11.465,8.165,10.694,17.688,10.808,13.174,8.052,24.51
2026-01-02 11:00:00,19.307,21.315,20.395,16.618,17.21,21.263,14.916,20.708,20.45,18.421,17.02,17.107,16.724,18.236,18.467,18.847,21.982,20.559,19.337,19.376,21.28,20.43,16.576,17.101,21.115,15.037,20.749,20.579,18.276,17.121,16.949,16.784,18.116,18.532,18.874,21.969,20.549,19.355,21.975,10.87,10.297,16.491,8.748,8.389,15.263,14.454,20.79,16.665,15.38,14.66,11.573,8.007,10.626,17.842,10.593,13.325,7.973,21.845,11.014,10.243,16.576,8.615,8.5,15.208,14.527,20.84,16.809,15.198,14.956,11.465,8.165,10.694,17.688,10.808,13.174,8.052,24.07
2026-01-02 11:02:00,19.454,21.421,20.53,16.519,16.883,21.128,14.703,20.827,20.652,18.132,17.189,16.871,16.932,18.025,18.433,18.797,21.996,20.426,19.62,19.376,21.28,20.43,16.576,17.101,21.115,15.037,20.749,20.579,18.276,17.121,16.949,16.784,18.116,18.532,18.874,21.969,20.549,19.355,21.976,11.142,10.402,16.516,8.663,8.395,15.225,14.465,20.965,17.25,15.344,14.793,11.457,8.138,10.468,17.518,10.883,12.954,8.387,21.845,11.014,10.243,16.576,8.615,8.5,15.208,14.527,20.84,16.809,15.198,14.956,11.465,8.165,10.694,17.688,10.808,13.174,8.052,23.49
2026-01-02 11:04:00,19.332,19.091,20.396,16.539,17.018,21.025,15.088,20.889,20.592,18.17,16.258,16.856,16.469,15.709,18.326,18.8,21.974,20.501,19.324,19.376,21.28,20.43,16.576,17.101,21.115,15.037,20.749,20.579,18.276,17.121,16.949,16.784,18.116,18.532,18.874,21.969,20.549,19.355,21.574,13.598,10.502,16.644,8.754,8.185,15.14,14.293,20.724,16.832,17.379,15.092,11.298,9.989,10.608,17.523,10.614,13.072,8.259,21.845,11.014,10.243,16.576,8.615,8.5,15.208,14.527,20.84,16.809,15.198,14.956,11.465,8.165,10.694,17.688,10.808,13.174,8.052,5.87
2026-01-02 11:06:00,19.557,21.393,20.608,16.601,17.128,21.322,14.963,20.787,20.595,18.31,17.191,16.963,16.879,18.016,18.59,18.752,22.094,20.663,19.33,19.376,21.28,20.43,16.576,17.101,21.115,15.037,20.749,20.579,18.276,17.121,16.949,16.784,18.116,18.532,18.874,21.969,20.549,19.355,21.638,11.071,9.881,16.664,8.476,8.424,15.258,14.501,,16.774,15.215,14.724,11.381,8.095,10.444,17.729,10.831,12.984,8.019,21.845,11.014,10.243,16.576,8.615,8.5,15.208,14.527,20.84,16.809,15.198,14.956,11.465,8.165,10.694,17.688,10.808,13.174,8.052,23.3
2026-01-02 11:08:00,19.315,21.277,20.494,15.102,16.983,21.224,15.011,20.597,18.329,18.222,15.291,16.962,16.773,18.328,18.383,18.947,21.826,20.425,19.328,19.376,21.28,20.43,16.576,17.101,21.115,15.037,20.749,20.579,18.276,17.121,16.949,16.784,18.116,18.532,18.874,21.969,20.549,19.355,21.89,10.916,10.305,18.209,8.417,8.613,15.41,14.39,22.035,16.502,16.999,14.933,11.276,8.276,10.946,17.62,10.687,13.249,8.135,21.845,11.014,10.243,16.576,8.615,8.5,15.208,14.527,20.84,16.809,15.198,14.956,11.465,8.165,10.694,17.688,10.808,13.174,8.052,9.47
2026-01-02 11:10:00,19.274,21.49,20.42,16.485,17.368,21.019,12.962,20.72,18.3,18.342,17.256,15.066,16.723,18.067,18.364,18.716,21.92,20.438,19.386,19.376,21.28,20.43,16.576,17.101,21.115,15.037,20.749,20.579,18.276,17.121,16.949,16.784,18.116,18.532,18.874,21.969,20.549,19.355,21.918,10.852,10.305,16.581,8.369,8.395,17.57,14.42,22.829,16.881,15.303,17.105,11.417,8.183,10.515,17.695,10.994,13.265,8.041,21.845,11.014,10.243,16.576,8.615,8.5,15.208,14.527,20.84,16.809,15.198,14.956,11.465,8.165,10.694,17.688,10.808,13.174,8.052,4.45
2026-01-02 11:12:00,19.466,21.297,20.458,16.464,17.025,18.893,15.098,18.378,20.637,16.94,16.98,16.979,16.729,17.912,18.623,18.913,22.047,20.488,19.521,19.376,21.28,20.43,16.576,17.101,21.115,15.037,20.749,20.579,18.276,17.121,16.949,16.784,18.116,18.532,18.874,21.969,20.549,19.355,21.754,11.344,9.941,16.529,8.475,9.843,15.147,15.943,21.036,19.235,15.364,15.027,11.373,8.063,10.92,17.758,10.493,13.071,7.805,21.845,11.014,10.243,16.576,8.615,8.5,15.208,14.527,20.84,16.809,15.198,14.956,11.465,8.165,10.694,17.688,10.808,13.174,8.052,8.79
2026-01-02 11:14:00,19.425,21.388,20.348,16.534,17.244,21.106,15.033,20.915,20.707,18.296,17.336,16.771,16.771,18.046,18.696,19.051,21.907,20.56,19.458,19.376,21.28,20.43,16.576,17.101,21.115,15.037,20.749,20.579,18.276,17.121,16.949,16.784,18.116,18.532,18.874,21.969,20.549,19.355,21.84,11.147,10.424,16.538,8.595,8.443,14.934,14.418,20.791,16.829,15.251,14.909,11.516,7.891,10.69,17.653,11.068,13.053,8.211,21.845,11.014,10.243,16.576,8.615,8.5,15.208,14.527,20.84,16.809,15.198,14.956,11.465,8.165,10.694,17.688,10.808,13.174,8.052,23.86
2026-01-02 11:16:00,19.43,21.306,20.54,16.796,17.11,20.983,15.019,20.739,20.531,18.351,17.201,14.617,16.834,18.141,17.556,18.831,21.865,20.581,18.632,19.376,21.28,20.43,16.576,17.101,21.115,15.037,20.749,20.579,18.276,17.121,16.949,16.784,18.116,18.532,18.874,21.969,20.549,19.355,21.802,11.016,10.268,16.687,8.353,8.167,15.383,14.629,21.008,16.736,15.382,17.037,11.1,7.765,13.044,17.691,10.862,13.072,10.668,21.845,11.014,10.243,16.576,8.615,8.5,15.208,14.527,20.84,16.809,15.198,14.956,11.465,8.165,10.694,17.688,10.808,13.174,8.052,6.39
2026-01-02 11:18:00,19.367,21.336,20.392,16.694,17.217,21.002,15.183,20.706,20.492,18.235,16.971,16.983,16.918,17.938,18.576,18.937,22.04,20.618,19.401,19.376,21.28,20.43,16.576,17.101,21.115,15.037,20.749,20.579,18.276,17.121,16.949,16.784,18.116,18.532,18.874,21.969,20.549,19.355,21.896,10.824,10.188,16.55,8.843,8.651,15.239,14.55,20.532,16.918,15.244,15.027,11.42,8.12,10.783,17.632,10.673,13.17,8.035,21.845,11.014,10.243,16.576,8.615,8.5,15.208,14.527,20.84,16.809,15.198,14.956,11.465,8.165,10.694,17.688,10.808,13.174,8.052,24.25
2026-01-02 11:20:00,19.318,19.593,20.464,16.663,17.132,21.081,12.559,20.814,20.694,18.053,16.971,16.758,16.719,18.035,18.55,18.835,22.116,20.474,19.269,19.376,21.28,20.43,16.576,17.101,21.115,15.037,20.749,20.579,18.276,17.121,16.949,16.784,18.116,18.532,18.874,21.969,20.549,19.355,21.73,12.258,10.394,16.278,8.807,8.489,18.043,14.465,20.766,16.654,15.131,14.826,11.561,7.877,10.555,17.563,11.053,13.238,8.078,21.845,11.014,10.243,16.576,8.615,8.5,15.208,14.527,20.84,16.809,15.198,14.956,11.465,8.165,10.694,17.688,10.808,13.174,8.052,11.07
2026-01-02 11:22:00,19.277,21.242,20.444,16.516,16.991,20.954,15.053,20.681,20.462,18.24,17.154,17.178,16.964,18.009,18.475,18.646,21.739,20.332,19.454,19.376,21.28,20.43,16.576,17.101,21.115,15.037,20.749,20.579,18.276,17.121,16.949,16.784,18.116,18.532,18.874,21.969,20.549,19.355,22.025,10.897,10.071,16.671,8.552,8.631,15.538,14.554,20.983,16.779,15.153,14.985,11.7,8.194,10.906,17.656,10.699,13.08,8.092,21.845,11.014,10.243,16.576,8.615,8.5,15.208,14.527,20.84,16.809,15.198,14.956,11.465,8.165,10.694,17.688,10.808,13.174,8.052,23.62
2026-01-02 11:24:00,19.353,21.107,20.347,16.513,17.02,21.276,14.811,20.691,20.601,18.324,16.867,16.964,16.634,18.043,18.344,18.956,22.318,20.658,19.315,19.376,21.28,20.43,16.576,17.101,21.115,15.037,20.749,20.579,18.276,17.121,16.949,16.784,18.116,18.532,18.874,21.969,20.549,19.355,21.796,10.89,10.267,16.532,8.781,8.38,15.438,14.673,21.015,16.919,15.454,14.981,11.372,7.902,10.834,17.839,10.871,13.158,8.146,21.845,11.014,10.243,16.576,8.615,8.5,15.208,14.527,20.84,16.809,15.198,14.956,11.465,8.165,10.694,17.688,10.808,13.174,8.052,24.07
2026-01-02 11:26:00,19.169,21.374,20.561,16.445,17.203,20.904,14.885,20.759,20.415,18.356,17.279,16.951,16.835,18.293,18.586,19.019,22.128,20.425,19.602,19.376,21.28,20.43,16.576,17.101,21.115,15.037,20.749,20.579,18.276,17.121,16.949,16.784,18.116,18.532,18.874,21.969,20.549,19.355,21.902,10.858,10.446,16.562,8.581,8.555,15.47,14.438,20.813,16.737,15.05,14.672,11.565,8.062,10.755,17.941,10.83,13.175,7.938,21.845,11.014,10.243,16.576,8.615,8.5,15.208,14.527,20.84,16.809,15.198,14.956,11.465,8.165,10.694,17.688,10.808,13.174,8.052,24.54
2026-01-02 11:28:00,19.507,19.16,20.521,16.61,17.125,20.999,14.989,20.709,20.702,18.328,17.166,16.934,16.927,17.834,18.427,18.982,21.92,20.621,19.535,19.376,21.28,20.43,16.576,17.101,21.115,15.037,20.749,20.579,18.276,17.121,16.949,16.784,18.116,18.532,18.874,21.969,20.549,19.355,21.859,12.652,9.994,16.436,8.612,8.427,15.166,14.403,20.693,16.891,15.328,15.111,11.575,8.144,10.269,17.651,10.941,12.924,7.756,21.845,11.014,10.243,16.576,8.615,8.5,15.208,14.527,20.84,16.809,15.198,14.956,11.465,8.165,10.694,17.688,10.808,13.174,8.052,18.8
2026-01-02 11:30:00,19.466,21.111,20.403,16.444,17.154,21.232,15.008,20.806,20.556,18.494,17.135,16.974,16.848,18.235,18.61,18.871,21.974,18.412,19.422,19.376,21.28,20.43,16.576,17.101,21.115,15.037,20.749,20.579,18.276,17.121,16.949,16.784,18.116,18.532,18.874,21.969,20.549,19.355,21.853,10.913,10.134,16.712,8.629,8.423,15.091,14.411,20.956,16.797,15.372,14.653,11.555,8.152,10.681,17.791,10.635,15.625,,21.845,11.014,10.243,16.576,8.615,8.5,15.208,14.527,20.84,16.809,15.198,14.956,11.465,8.165,10.694,17.688,10.808,13.174,8.052,17.26
2026-01-02 11:32:00,17.641,21.214,20.403,16.629,17.05,20.991,14.999,20.692,20.648,18.217,17.075,17.163,16.835,18.01,18.669,18.833,21.876,18.333,19.195,19.376,21.28,20.43,16.576,17.101,21.115,15.037,20.749,20.579,18.276,17.121,16.949,16.784,18.116,18.532,18.874,21.969,20.549,19.355,24.19,11.013,10.231,16.304,8.561,8.468,15.265,14.244,20.896,16.948,15.278,14.994,11.496,8.109,10.434,17.592,10.818,14.283,8.138,21.845,11.014,10.243,16.576,8.615,8.5,15.208,14.527,20.84,16.809,15.198,14.956,11.465,8.165,10.694,17.688,10.808,13.174,8.052,12.93
2026-01-02 11:34:00,19.368,21.345,20.515,16.517,17.044,21.105,15.175,20.545,20.673,18.31,17.277,16.822,16.916,15.851,18.566,18.83,21.689,20.543,19.4,19.376,21.28,20.43,16.576,17.101,21.115,15.037,20.749,20.579,18.276,17.121,16.949,16.784,18.116,18.532,18.874,21.969,20.549,19.355,21.931,10.759,10.317,16.834,8.475,8.568,15.343,14.332,20.877,16.934,15.1,15.019,11.504,9.773,10.557,17.768,11.09,12.927,8.145,21.845,11.014,10.243,16.576,8.615,8.5,15.208,14.527,20.84,16.809,15.198,14.956,11.465,8.165,10.694,17.688,10.808,13.174,8.052,18.59
2026-01-02 11:36:00,19.474,21.209,20.298,16.658,17.061,21.235,15.2,20.723,20.561,18.194,16.891,16.949,16.868,18.237,18.53,19.086,21.91,20.547,19.294,19.376,21.28,20.43,16.576,17.101,21.115,15.037,20.749,20.579,18.276,17.121,16.949,16.784,18.116,18.532,18.874,21.969,20.549,19.355,22.123,11.101,10.346,16.667,8.494,8.263,15.059,14.514,20.895,16.713,15.338,15.12,11.382,8.123,10.321,17.659,10.82,13.492,7.956,21.845,11.014,10.243,16.576,8.615,8.5,15.208,14.527,20.84,16.809,15.198,14.956,11.465,8.165,10.694,17.688,10.808,13.174,8.052,23.73
2026-01-02 11:38:00,19.327,21.25,20.353,16.53,17.135,21.129,14.919,20.808,20.488,,17.131,16.732,16.668,18.225,18.46,18.801,21.921,20.563,19.423,19.376,21.28,20.43,16.576,17.101,21.115,15.037,20.749,20.579,18.276,17.121,16.949,16.784,18.116,18.532,18.874,21.969,20.549,19.355,22.047,11.138,10.326,16.7,8.762,8.512,15.363,14.215,20.862,16.842,15.441,15.058,11.421,8.082,10.59,17.848,10.713,13.172,7.772,21.845,11.014,10.243,16.576,8.615,8.5,15.208,14.527,20.84,16.809,15.198,14.956,11.465,8.165,10.694,17.688,10.808,13.174,8.052,24.1
2026-01-02 11:40:00,19.344,21.475,19.746,16.525,14.619,21.136,15.206,21.019,20.543,18.258,17.196,16.937,16.884,17.996,18.631,16.211,22.031,20.627,19.642,19.376,21.28,20.43,16.576,17.101,21.115,15.037,20.749,20.579,18.276,17.121,16.949,16.784,18.116,18.532,18.874,21.969,20.549,19.355,21.71,10.903,12.147,16.586,,8.471,15.59,14.502,21.001,16.674,15.146,14.861,11.376,8.439,10.614,20.349,10.663,13.087,8.007,21.845,11.014,10.243,16.576,8.615,8.5,15.208,14.527,20.84,16.809,15.198,14.956,11.465,8.165,10.694,17.688,10.808,13.174,8.052,7.46
2026-01-02 11:42:00,19.273,21.362,20.506,16.47,17.132,21.02,14.905,20.577,20.556,18.156,16.885,16.983,16.589,18.196,18.561,18.781,21.787,20.445,19.201,19.376,21.28,20.43,16.576,17.101,21.115,15.037,20.749,20.579,18.276,17.121,16.949,16.784,18.116,18.532,18.874,21.969,20.549,19.355,21.927,11.007,10.054,16.466,8.622,8.353,15.322,14.332,20.629,16.849,15.481,15.276,11.678,8.064,10.791,17.372,10.698,13.563,8.161,21.845,11.014,10.243,16.576,8.615,8.5,15.208,14.527,20.84,16.809,15.198,14.956,11.465,8.165,10.694,17.688,10.808,13.174,8.052,23.5
2026-01-02 11:44:00,19.333,21.239,20.715,16.336,17.033,21.18,15.156,20.904,20.466,18.369,16.788,16.923,16.883,18.198,18.369,18.778,21.718,20.462,19.195,19.376,21.28,20.43,16.576,17.101,21.115,15.037,20.749,20.579,18.276,17.121,16.949,16.784,18.116,18.532,18.874,21.969,20.549,19.355,21.888,11.02,10.302,16.6,8.364,8.865,15.217,14.48,20.732,16.675,15.208,15.012,11.281,8.155,10.514,17.989,11.005,13.088,8.07,21.845,11.014,10.243,16.576,8.615,8.5,15.208,14.527,20.84,16.809,15.198,14.956,11.465,8.165,10.694,17.688,10.808,13.174,8.052,24.3
2026-01-02 11:46:00,19.407,21.192,20.499,16.563,,21.32,15.172,20.594,20.74,18.364,17.275,17.001,16.574,18.071,18.248,18.711,21.887,20.696,19.36,19.376,21.28,20.43,16.576,17.101,21.115,15.037,20.749,20.579,18.276,17.121,16.949,16.784,18.116,18.532,18.874,21.969,20.549,19.355,21.897,10.848,10.454,16.651,8.443,8.425,15.183,14.408,20.678,16.669,14.97,15.137,11.481,7.88,10.558,17.683,10.856,13.327,8.09,21.845,11.014,10.243,16.576,8.615,8.5,15.208,14.527,20.84,16.809,15.198,14.956,11.465,8.165,10.694,17.688,10.808,13.174,8.052,23.66
2026-01-02 11:48:00,19.401,21.366,20.324,16.705,17.126,21.002,14.969,20.72,20.65,18.441,17.085,16.922,16.994,18.488,18.742,18.896,21.926,20.628,19.39,19.376,21.28,20.43,16.576,17.101,21.115,15.037,20.749,20.579,18.276,17.121,16.949,16.784,18.116,18.532,18.874,21.969,20.549,19.355,22.054,11.14,10.298,16.532,8.958,8.587,15.211,14.564,20.916,16.931,15.228,14.686,11.537,7.958,10.798,17.842,10.869,13.196,7.967,21.845,11.014,10.243,16.576,8.615,8.5,15.208,14.527,20.84,16.809,15.198,14.956,11.465,8.165,10.694,17.688,10.808,13.174,8.052,23.3
2026-01-02 11:50:00,19.282,21.439,20.726,16.477,17.008,21.055,14.888,20.843,20.41,18.353,17.167,17.036,16.609,18.132,18.563,18.978,22.012,20.48,19.489,19.376,21.28,20.43,16.576,17.101,21.115,15.037,20.749,20.579,18.276,17.121,16.949,16.784,18.116,18.532,18.874,21.969,20.549,19.355,21.709,10.76,10.34,16.716,8.532,8.614,15.301,14.534,20.589,16.887,15.192,15.246,11.519,8.086,10.944,17.694,10.752,13.113,8.049,21.845,11.014,10.243,16.576,8.615,8.5,15.208,14.527,20.84,16.809,15.198,14.956,11.465,8.165,10.694,17.688,10.808,13.174,8.052,24.62
2026-01-02 11:52:00,19.538,21.439,20.342,16.638,16.993,21.094,15.125,20.579,20.906,18.419,17.03,16.881,16.775,18.098,16.617,18.858,21.786,20.475,19.566,19.376,21.28,20.43,16.576,17.101,21.115,15.037,20.749,20.579,18.276,17.121,16.949,16.784,18.116,18.532,18.874,21.969,20.549,19.355,21.9,10.949,10.212,16.443,8.48,8.509,15.141,14.57,20.787,16.64,15.12,14.977,11.671,8.174,11.689,17.699,10.534,13.248,7.745,21.845,11.014,10.243,16.576,8.615,8.5,15.208,14.527,20.84,16.809,15.198,14.956,11.465,8.165,10.694,17.688,10.808,13.174,8.052,20.34
2026-01-02 11:54:00,19.368,21.234,20.615,16.613,17.175,21.047,15.166,20.709,20.682,18.351,17.325,17.066,16.782,17.99,18.496,18.792,22.149,20.495,19.083,19.376,21.28,20.43,16.576,17.101,21.115,15.037,20.749,20.579,18.276,17.121,16.949,16.784,18.116,18.532,18.874,21.969,20.549,19.355,22.074,11.086,10.331,16.656,8.521,8.566,15.382,14.574,20.746,16.994,15.336,14.916,11.704,8.319,10.726,17.48,10.969,13.002,8.09,21.845,11.014,10.243,16.576,8.615,8.5,15.208,14.527,20.84,16.809,15.198,14.956,11.465,8.165,10.694,17.688,10.808,13.174,8.052,23.21
2026-01-02 11:56:00,19.42,21.376,20.321,16.661,16.944,21.143,15.017,20.785,20.629,18.195,17.216,16.889,16.798,18.284,18.422,18.883,22.158,20.698,19.274,19.376,21.28,20.43,16.576,17.101,21.115,15.037,20.749,20.579,18.276,17.121,16.949,16.784,18.116,18.532,18.874,21.969,20.549,19.355,21.615,10.816,10.305,16.19,8.706,8.8,15.272,14.476,20.689,16.697,15.344,14.982,11.434,8.372,10.691,17.64,10.618,13.301,7.861,21.845,11.014,10.243,16.576,8.615,8.5,15.208,14.527,20.84,16.809,15.198,14.956,11.465,8.165,10.694,17.688,10.808,13.174,8.052,23.89
2026-01-02 11:58:00,19.301,21.345,20.351,16.585,16.938,21.19,14.845,20.764,20.662,18.195,16.933,16.797,16.555,18.328,18.302,18.72,22.007,20.554,19.477,19.376,21.28,20.43,16.576,17.101,21.115,15.037,20.749,20.579,18.276,17.121,16.949,16.784,18.116,18.532,18.874,21.969,20.549,19.355,21.864,10.983,10.395,16.816,8.893,8.502,15.067,14.235,21.172,16.942,15.158,15.131,11.355,8.267,10.59,17.508,10.774,13.172,8.215,21.845,11.014,10.243,16.576,8.615,8.5,15.208,14.527,20.84,16.809,15.198,14.956,11.465,8.165,10.694,17.688,10.808,13.174,8.052,23.56
2026-01-02 12:00:00,19.532,20.291,19.574,16.508,17.079,21.227,15.109,20.823,20.378,18.183,17.038,16.883,16.657,18.196,18.658,16.713,21.905,20.536,19.366,19.376,21.28,20.43,16.576,17.101,21.115,15.037,20.749,20.579,18.276,17.121,16.949,16.784,18.116,18.532,18.874,21.969,20.549,19.355,21.808,13.754,11.917,16.578,8.421,8.505,15.344,14.425,20.799,16.754,15.331,15.208,11.385,8.218,10.726,18.707,10.95,13.125,8.092,21.845,11.014,10.243,16.576,8.615,8.5,15.208,14.527,20.84,16.809,15.198,14.956,11.465,8.165,10.694,17.688,10.808,13.174,8.052,10.42
2026-01-02 12:02:00,19.374,21.179,20.525,16.334,17.043,20.886,15.111,20.581,20.44,18.273,16.996,16.978,16.737,18.35,18.385,18.776,22.036,20.562,19.408,19.376,21.28,20.43,16.576,17.101,21.115,15.037,20.749,20.579,18.276,17.121,16.949,16.784,18.116,18.532,18.874,21.969,20.549,19.355,21.694,11.125,10.002,16.719,8.838,8.493,15.029,14.736,20.786,16.718,15.545,14.816,11.386,8.148,10.703,17.512,11.094,12.926,7.95,21.845,11.014,10.243,16.576,8.615,8.5,15.208,14.527,20.84,16.809,15.198,14.956,11.465,8.165,10.694,17.688,10.808,13.174,8.052,23.87
2026-01-02 12:04:00,17.519,21.394,20.471,16.735,16.938,21.145,15.01,20.796,20.466,18.372,16.961,17.055,16.85,15.968,18.579,16.319,22.036,20.356,19.347,19.376,21.28,20.43,16.576,17.101,21.115,15.037,20.749,20.579,18.276,17.121,16.949,16.784,18.116,18.532,18.874,21.969,20.549,19.355,24.153,11.056,10.119,16.417,8.58,8.357,15.227,14.341,20.769,16.968,15.242,15.125,11.642,9.743,10.692,18.747,10.662,13.503,8.315,21.845,11.014,10.243,16.576,8.615,8.5,15.208,14.527,20.84,16.809,15.198,14.956,11.465,8.165,10.694,17.688,10.808,13.174,8.052,8.68
2026-01-02 12:06:00,19.343,21.085,20.207,16.636,17.043,21.245,15.031,21.08,20.601,18.488,17.163,14.708,16.849,18.025,17.063,17.754,21.946,20.411,19.418,19.376,21.28,20.43,16.576,17.101,21.115,15.037,20.749,20.579,18.276,17.121,16.949,16.784,18.116,18.532,18.874,21.969,20.549,19.355,21.537,11.237,10.119,16.404,8.557,8.395,15.107,14.334,21.146,16.923,15.436,17.743,11.403,8.187,13.111,19.942,10.539,13.085,8.359,21.845,11.014,10.243,16.576,8.615,8.5,15.208,14.527,20.84,16.809,15.198,14.956,11.465,8.165,10.694,17.688,10.808,13.174,8.052,3.85
2026-01-02 12:08:00,19.276,21.291,20.568,16.734,17.322,21.258,15.118,20.817,20.618,18.274,17.398,16.943,16.989,18.105,18.682,18.536,21.991,20.478,19.549,19.376,21.28,20.43,16.576,17.101,21.115,15.037,20.749,20.579,18.276,17.121,16.949,16.784,18.116,18.532,18.874,21.969,20.549,19.355,21.901,11.136,10.404,16.589,8.558,8.181,15.111,14.421,20.787,16.91,15.073,15.061,11.533,8.279,10.594,18.032,10.825,13.111,8.305,21.845,11.014,10.243,16.576,8.615,8.5,15.208,14.527,20.84,16.809,15.198,14.956,11.465,8.165,10.694,17.688,10.808,13.174,8.052,24.18
2026-01-02 12:10:00,19.561,21.21,20.426,16.693,17.143,21.133,15.161,20.598,20.781,18.337,16.782,16.847,16.783,18.398,18.54,18.702,22.142,20.606,19.365,19.376,21.28,20.43,16.576,17.101,21.115,15.037,20.749,20.579,18.276,17.121,16.949,16.784,18.116,18.532,18.874,21.969,20.549,19.355,22.047,11.099,10.254,16.547,8.637,8.639,15.149,14.719,20.764,16.891,15.319,14.935,11.58,8.252,10.585,17.578,10.824,13.401,8.336,21.845,11.014,10.243,16.576,8.615,8.5,15.208,14.527,20.84,16.809,15.198,14.956,11.465,8.165,10.694,17.688,10.808,13.174,8.052,25.31
2026-01-02 12:12:00,19.512,21.245,20.427,16.708,17.166,21.244,15.005,20.964,20.421,18.123,17.195,16.925,16.822,18.134,18.527,18.761,22.019,20.72,19.269,19.376,21.28,20.43,16.576,17.101,21.115,15.037,20.749,20.579,18.276,17.121,16.949,16.784,18.116,18.532,18.874,21.969,20.549,19.355,21.717,11.057,10.436,16.606,8.821,8.451,15.106,14.476,20.803,16.828,14.779,14.784,11.447,8.101,10.955,17.694,10.742,13.253,8.311,21.845,11.014,10.243,16.576,8.615,8.5,15.208,14.527,20.84,16.809,15.198,14.956,11.465,8.165,10.694,17.688,10.808,13.174,8.052,24.75
2026-01-02 12:14:00,19.618,21.484,20.343,16.688,16.984,21.115,14.92,20.699,20.371,18.272,17.01,16.857,16.562,18.135,18.776,18.846,21.965,20.427,19.314,19.376,21.28,20.43,16.576,17.101,21.115,15.037,20.749,20.579,18.276,17.121,16.949,16.784,18.116,18.532,18.874,21.969,20.549,19.355,21.594,10.973,10.192,16.565,8.786,8.549,15.31,14.661,20.765,16.615,15.16,14.937,11.392,8.095,10.658,17.717,10.871,13.336,8.091,21.845,11.014,10.243,16.576,8.615,8.5,15.208,14.527,20.84,16.809,15.198,14.956,11.465,8.165,10.694,17.688,10.808,13.174,8.052,24.63
2026-01-02 12:16:00,19.288,21.108,20.337,16.529,17.153,21.089,15.085,20.918,20.704,18.239,16.922,16.94,16.807,18.248,18.562,19.222,21.942,20.641,19.258,19.376,21.28,20.43,16.576,17.101,21.115,15.037,20.749,20.579,18.276,17.121,16.949,16.784,18.116,18.532,18.874,21.969,20.549,19.355,21.805,10.988,10.244,16.575,8.664,8.646,15.114,14.646,20.613,16.899,15.349,14.819,11.622,8.199,10.715,17.711,10.894,13.006,8.071,21.845,11.014,10.243,16.576,8.615,8.5,15.208,14.527,20.84,16.809,15.198,14.956,11.465,8.165,10.694,17.688,10.808,13.174,8.052,24.76
2026-01-02 12:18:00,19.268,21.257,20.466,16.671,16.735,21.262,15.228,20.923,20.693,18.272,17.2,17.115,16.678,18.207,18.604,18.869,22.195,20.476,19.248,19.376,21.28,20.43,16.576,17.101,21.115,15.037,20.749,20.579,18.276,17.121,16.949,16.784,18.116,18.532,18.874,21.969,20.549,19.355,21.662,10.923,10.318,16.328,8.732,8.584,15.076,14.425,20.744,16.789,15.409,15.251,11.414,8.06,10.596,17.695,10.795,13.262,8.31,21.845,11.014,10.243,16.576,8.615,8.5,15.208,14.527,20.84,16.809,15.198,14.956,11.465,8.165,10.694,17.688,10.808,13.174,8.052,23.88
2026-01-02 12:20:00,19.381,21.215,20.601,16.387,16.954,21.162,15.136,20.616,20.745,18.055,17.254,16.851,16.736,18.34,18.533,18.806,22.006,20.783,19.371,19.376,21.28,20.43,16.576,17.101,21.115,15.037,20.749,20.579,18.276,17.121,16.949,16.784,18.116,18.532,18.874,21.969,20.549,19.355,21.679,11.038,9.904,16.488,8.525,8.281,15.33,14.402,20.84,16.806,15.26,14.852,11.198,8.369,10.676,17.605,11.03,12.907,8.091,21.845,11.014,10.243,16.576,8.615,8.5,15.208,14.527,20.84,16.809,15.198,14.956,11.465,8.165,10.694,17.688,10.808,13.174,8.052,24.29
2026-01-02 12:22:00,19.291,21.313,20.289,16.502,17.041,21.2,14.986,20.814,20.725,18.472,16.926,16.949,16.653,18.199,18.569,18.88,21.911,20.439,19.159,19.376,21.28,20.43,16.576,17.101,21.115,15.037,20.749,20.579,18.276,17.121,16.949,16.784,18.116,18.532,18.874,21.969,20.549,19.355,21.563,11.073,10.305,16.411,8.457,8.49,15.231,14.567,20.808,16.783,15.22,15.06,11.788,8.143,10.799,17.637,10.741,13.46,8.019,21.845,11.014,10.243,16.576,8.615,8.5,15.208,14.527,20.84,16.809,15.198,14.956,11.465,8.165,10.694,17.688,10.808,13.174,8.052,24.16
2026-01-02 12:24:00,19.498,21.263,20.44,16.621,17.202,21.347,15.022,20.833,20.39,18.235,17.043,16.88,16.929,18.135,18.546,18.235,21.948,20.529,19.284,19.376,21.28,20.43,16.576,17.101,21.115,15.037,20.749,20.579,18.276,17.121,16.949,16.784,18.116,18.532,18.874,21.969,20.549,19.355,22.111,11.136,10.435,16.41,8.399,8.786,15.161,14.46,20.828,16.814,14.948,15.18,11.448,8.302,10.974,20.053,10.667,13.279,8.002,21.845,11.014,10.243,16.576,8.615,8.5,15.208,14.527,20.84,16.809,15.198,14.956,11.465,8.165,10.694,17.688,10.808,13.174,8.052,19.3
2026-01-02 12:26:00,19.318,21.235,20.414,16.359,17.115,21.117,15.093,20.621,20.474,18.377,17.041,17.012,16.709,17.978,18.364,18.808,21.918,20.408,19.53,19.376,21.28,20.43,16.576,17.101,21.115,15.037,20.749,20.579,18.276,17.121,16.949,16.784,18.116,18.532,18.874,21.969,20.549,19.355,21.873,11.039,10.259,16.414,8.347,8.582,15.091,14.597,20.745,16.753,15.368,14.724,11.382,8.199,10.729,17.583,10.77,12.925,8.304,21.845,11.014,10.243,16.576,8.615,8.5,15.208,14.527,20.84,16.809,15.198,14.956,11.465,8.165,10.694,17.688,10.808,13.174,8.052,24.01
2026-01-02 12:28:00,19.384,21.18,20.613,15.922,17.017,20.999,15.021,20.841,20.418,18.418,17.081,17.054,16.773,18.18,18.614,19.034,21.89,20.78,19.21,19.376,21.28,20.43,16.576,17.101,21.115,15.037,20.749,20.579,18.276,17.121,16.949,16.784,18.116,18.532,18.874,21.969,20.549,19.355,21.707,11.094,10.053,18.204,8.497,8.362,15.064,14.615,20.77,16.587,15.35,15.073,11.488,8.217,10.717,17.539,10.928,13.217,8.061,21.845,11.014,10.243,16.576,8.615,8.5,15.208,14.527,20.84,16.809,15.198,14.956,11.465,8.165,10.694,17.688,10.808,13.174,8.052,21.05
2026-01-02 12:30:00,19.419,21.368,20.439,16.689,16.916,21.116,15.162,20.757,20.455,18.301,17.151,16.839,16.948,18.059,18.417,18.895,21.899,20.533,19.391,19.376,21.28,20.43,16.576,17.101,21.115,15.037,20.749,20.579,18.276,17.121,16.949,16.784,18.116,18.532,18.874,21.969,20.549,19.355,21.923,11.034,10.114,16.69,8.485,8.275,15.363,14.413,20.832,16.992,15.202,15.011,11.324,8.01,10.509,17.734,10.73,13.07,8.098,21.845,11.014,10.243,16.576,8.615,8.5,15.208,14.527,20.84,16.809,15.198,14.956,11.465,8.165,10.694,17.688,10.808,13.174,8.052,24.54
2026-01-02 12:32:00,19.334,21.358,20.472,16.728,16.991,21.13,15.075,20.79,20.338,18.157,17.168,17.025,16.796,18.145,18.685,18.841,21.886,20.734,19.436,19.376,21.28,20.43,16.576,17.101,21.115,15.037,20.749,20.579,18.276,17.121,16.949,16.784,18.116,18.532,18.874,21.969,20.549,19.355,21.644,11.079,10.39,16.698,8.812,8.492,15.08,14.519,20.753,16.609,15.312,14.905,11.556,8.317,10.273,17.517,10.701,13.192,7.911,21.845,11.014,10.243,16.576,8.615,8.5,15.208,14.527,20.84,16.809,15.198,14.956,11.465,8.165,10.694,17.688,10.808,13.174,8.052,23.95
2026-01-02 12:34:00,19.364,21.204,20.628,16.552,17.013,21.273,14.871,19.958,20.662,18.25,17.069,17.009,15.673,18.099,18.625,18.753,22.141,20.532,19.355,19.376,21.28,20.43,16.576,17.101,21.115,15.037,20.749,20.579,18.276,17.121,16.949,16.784,18.116,18.532,18.874,21.969,20.549,19.355,21.895,11.027,10.174,16.575,8.396,8.323,15.266,17.306,20.855,16.847,15.05,14.734,13.444,8.35,10.994,17.753,10.928,12.98,7.948,21.845,11.014,10.243,16.576,8.615,8.5,15.208,14.527,20.84,16.809,15.198,14.956,11.465,8.165,10.694,17.688,10.808,13.174,8.052,14.49
2026-01-02 12:36:00,19.328,21.357,20.382,16.612,17.258,21.271,14.866,20.916,20.53,18.32,17.142,16.99,16.721,18.193,18.66,18.815,21.975,20.653,19.49,19.376,21.28,20.43,16.576,17.101,21.115,15.037,20.749,20.579,18.276,17.121,16.949,16.784,18.116,18.532,18.874,21.969,20.549,19.355,21.911,10.898,10.258,16.77,8.555,8.463,15.146,14.586,20.931,16.861,15.059,14.792,11.615,8.493,10.85,18.047,10.709,13.234,7.772,21.845,11.014,10.243,16.576,8.615,8.5,15.208,14.527,20.84,16.809,15.198,14.956,11.465,8.165,10.694,17.688,10.808,13.174,8.052,25.14
2026-01-02 12:38:00,19.423,19.574,20.495,16.545,17.149,21.09,15.004,20.479,20.375,18.327,17.217,17.01,16.804,18.087,18.606,18.835,21.975,20.733,19.199,19.376,21.28,20.43,16.576,17.101,21.115,15.037,20.749,20.579,18.276,17.121,16.949,16.784,18.116,18.532,18.874,21.969,20.549,19.355,22.009,13.255,10.115,16.405,8.51,8.548,15.155,14.461,20.703,16.829,15.198,14.931,11.233,8.339,10.511,17.697,10.834,13.123,7.98,21.845,11.014,10.243,16.576,8.615,8.5,15.208,14.527,20.84,16.809,15.198,14.956,11.465,8.165,10.694,17.688,10.808,13.174,8.052,17.94
2026-01-02 12:40:00,19.312,21.259,20.21,16.443,17.233,21.182,15.027,20.909,20.47,18.508,17.12,16.884,16.919,18.184,18.562,18.867,21.761,18.31,19.361,19.376,21.28,20.43,16.576,17.101,21.115,15.037,20.749,20.579,18.276,17.121,16.949,16.784,18.116,18.532,18.874,21.969,20.549,19.355,21.991,10.83,10.413,16.313,8.495,8.546,15.429,14.959,20.563,16.665,15.267,15.114,11.489,8.462,10.763,17.583,10.592,14.804,8.127,21.845,11.014,10.243,16.576,8.615,8.5,15.208,14.527,20.84,16.809,15.198,14.956,11.465,8.165,10.694,17.688,10.808,13.174,8.052,18.51
2026-01-02 12:42:00,19.495,21.192,20.446,16.397,16.93,21.113,15.124,20.841,20.726,18.186,17.106,17.046,16.668,18.084,18.536,18.877,22.077,20.603,19.307,19.376,21.28,20.43,16.576,17.101,21.115,15.037,20.749,20.579,18.276,17.121,16.949,16.784,18.116,18.532,18.874,21.969,20.549,19.355,21.893,10.561,10.218,16.56,8.549,8.476,14.932,14.577,20.504,16.671,15.491,14.808,11.278,8.222,10.767,18.019,10.698,13.238,7.837,21.845,11.014,10.243,16.576,8.615,8.5,15.208,14.527,20.84,16.809,15.198,14.956,11.465,8.165,10.694,17.688,10.808,13.174,8.052,23.73
2026-01-02 12:44:00,19.105,21.378,20.551,16.641,17.147,21.171,15.184,20.692,20.575,18.162,17.099,16.855,16.691,17.884,18.524,18.997,21.616,20.702,19.354,19.376,21.28,20.43,16.576,17.101,21.115,15.037,20.749,20.579,18.276,17.121,16.949,16.784,18.116,18.532,18.874,21.969,20.549,19.355,21.908,11.061,10.153,16.763,8.671,8.628,15.229,14.552,20.823,16.86,15.354,14.782,11.488,8.19,10.559,17.582,11.17,13.179,8.007,21.845,11.014,10.243,16.576,8.615,8.5,15.208,14.527,20.84,16.809,15.198,14.956,11.465,8.165,10.694,17.688,10.808,13.174,8.052,24.91
2026-01-02 12:46:00,19.298,21.319,20.403,16.569,17.271,21.137,15.082,20.719,20.561,18.17,17.108,16.859,16.921,18.09,18.62,19.028,22.09,20.469,19.554,19.376,21.28,20.43,16.576,17.101,21.115,15.037,20.749,20.579,18.276,17.121,16.949,16.784,18.116,18.532,18.874,21.969,20.549,19.355,21.872,11.183,9.895,16.38,8.573,8.607,15.241,14.477,20.74,16.687,15.28,14.733,11.13,7.955,10.694,17.891,10.662,13.108,7.851,21.845,11.014,10.243,16.576,8.615,8.5,15.208,14.527,20.84,16.809,15.198,14.956,11.465,8.165,10.694,17.688,10.808,13.174,8.052,23.74
2026-01-02 12:48:00,19.153,21.45,20.133,16.471,17.093,21.032,14.788,20.573,20.61,18.074,17.197,17.085,16.944,18.146,18.527,18.828,22.294,20.691,19.431,19.376,21.28,20.43,16.576,17.101,21.115,15.037,20.749,20.579,18.276,17.121,16.949,16.784,18.116,18.532,18.874,21.969,20.549,19.355,21.847,10.977,10.351,16.438,8.507,8.557,15.09,14.407,20.991,16.733,15.328,14.745,11.515,8.26,10.489,17.649,10.506,13.409,7.999,21.845,11.014,10.243,16.576,8.615,8.5,15.208,14.527,20.84,16.809,15.198,14.956,11.465,8.165,10.694,17.688,10.808,13.174,8.052,23.89
2026-01-02 12:50:00,19.416,21.41,20.204,16.679,17.034,20.842,15.168,20.659,18.23,18.189,17.074,17.14,16.824,18.162,18.347,18.982,21.893,18.894,19.235,19.376,21.28,20.43,16.576,,21.115,15.037,20.749,20.579,18.276,17.121,16.949,16.784,18.116,18.532,18.874,21.969,20.549,19.355,21.718,10.861,10.469,16.621,8.761,8.549,15.185,14.569,21.834,16.851,14.936,14.959,11.543,8.119,10.74,17.747,10.631,15.964,8.194,21.845,11.014,10.243,16.576,8.615,8.5,15.208,14.527,20.84,16.809,,14.956,11.465,8.165,10.694,17.688,10.808,13.174,8.052,11.77
2026-01-02 12:52:00,19.42,21.346,20.258,16.615,16.996,21.263,15.081,20.756,20.94,18.375,17.077,17.053,16.819,18.276,16.514,19.108,20.097,19.551,19.27,19.376,21.28,20.43,16.576,17.101,21.115,15.037,20.749,20.579,18.276,17.121,16.949,16.784,18.116,18.532,18.874,21.969,20.549,19.355,21.389,11.097,10.422,16.616,8.872,8.565,15.33,14.7,20.826,16.528,15.172,15.116,11.358,8.004,11.497,17.941,12.682,15.316,7.948,21.845,11.014,10.243,16.576,8.615,8.5,15.208,14.527,20.84,16.809,15.198,14.956,11.465,8.165,10.694,17.688,10.808,13.174,8.052,9.5
2026-01-02 12:54:00,,21.508,20.453,16.451,17.085,21.146,15.152,20.712,20.604,18.625,17.107,16.964,16.644,18.23,18.478,19.095,22.113,20.646,19.297,19.376,21.28,20.43,16.576,17.101,21.115,15.037,20.749,20.579,18.276,17.121,16.949,16.784,18.116,18.532,18.874,21.969,20.549,19.355,21.882,10.949,10.317,16.513,8.573,8.533,15.443,14.398,20.59,17.045,15.399,14.899,11.576,8.182,10.794,17.463,10.839,13.452,7.991,21.845,11.014,10.243,16.576,8.615,8.5,15.208,14.527,20.84,16.809,15.198,14.956,11.465,8.165,10.694,17.688,10.808,13.174,8.052,24.23
2026-01-02 12:56:00,19.337,21.237,20.442,16.537,17.039,21.128,15.036,20.706,20.689,18.401,17.057,17.205,16.831,18.263,18.756,18.708,22.03,20.659,19.5,19.376,21.28,20.43,16.576,17.101,21.115,15.037,20.749,20.579,18.276,17.121,16.949,16.784,18.116,18.532,18.874,21.969,20.549,19.355,21.7,11.054,10.116,16.753,8.442,8.138,15.33,14.603,21.032,16.69,15.095,14.901,11.693,8.057,10.7,17.761,10.744,13.294,8.208,21.845,11.014,10.243,16.576,8.615,8.5,15.208,14.527,20.84,16.809,15.198,14.956,11.465,8.165,10.694,17.688,10.808,13.174,8.052,23.66
2026-01-02 12:58:00,19.471,21.402,20.253,16.465,17.171,20.875,14.974,20.729,20.626,18.385,17.152,16.853,16.672,18.166,18.603,18.921,21.987,20.564,19.192,19.376,21.28,20.43,16.576,17.101,21.115,15.037,20.749,20.579,18.276,17.121,16.949,16.784,18.116,18.532,18.874,21.969,20.549,19.355,21.549,11.277,10.252,16.618,8.826,8.465,15.387,14.716,20.758,17.007,15.399,14.906,11.561,8.258,10.38,17.546,10.813,13.051,8.171,21.845,11.014,10.243,16.576,8.615,8.5,15.208,14.527,20.84,16.809,15.198,14.956,11.465,8.165,10.694,17.688,10.808,13.174,8.052,23.63
2026-01-02 13:00:00,19.375,21.373,20.298,16.63,17.186,21.394,15.031,20.721,20.438,18.148,16.931,16.739,16.87,18.117,18.57,18.688,21.73,20.34,19.55,19.376,21.28,20.43,16.576,17.101,21.115,15.037,20.749,20.579,18.276,17.121,16.949,16.784,18.116,18.532,18.874,21.969,20.549,19.355,21.679,10.986,10.116,16.68,8.721,8.478,15.271,14.729,20.826,16.934,15.375,14.818,11.299,7.945,10.753,17.688,11.073,13.121,8.162,21.845,11.014,10.243,16.576,8.615,8.5,15.208,14.527,20.84,16.809,15.198,14.956,11.465,8.165,10.694,17.688,10.808,13.174,8.052,23.63
2026-01-02 13:02:00,19.512,21.123,20.444,16.599,16.987,21.041,15.152,20.836,20.689,18.317,17.138,17.012,16.769,18.32,18.562,18.942,21.962,20.473,19.353,19.376,21.28,20.43,16.576,17.101,21.115,15.037,20.749,20.579,18.276,17.121,16.949,16.784,18.116,18.532,18.874,21.969,20.549,19.355,21.86,10.869,10.2,16.8,8.318,8.697,15.162,14.526,20.753,16.877,15.233,14.961,11.423,7.7,10.711,17.688,10.882,13.353,8.046,21.845,11.014,10.243,16.576,8.615,8.5,15.208,14.527,20.84,16.809,15.198,14.956,11.465,8.165,10.694,17.688,10.808,13.174,8.052,24.72
2026-01-02 13:04:00,19.341,21.189,20.53,16.818,17.139,21.107,14.956,20.579,20.656,18.348,17.031,16.963,16.688,18.289,18.551,18.932,22.176,20.289,19.409,19.376,21.28,20.43,16.576,17.101,21.115,15.037,20.749,20.579,18.276,17.121,16.949,16.784,18.116,18.532,18.874,21.969,20.549,19.355,21.933,11.093,10.378,16.794,8.809,8.567,15.104,14.784,20.981,17.042,15.064,14.82,11.254,8.244,10.646,17.939,10.73,13.26,8.185,21.845,11.014,10.243,16.576,8.615,8.5,15.208,14.527,20.84,16.809,15.198,14.956,11.465,8.165,10.694,17.688,10.808,13.174,8.052,24.8
2026-01-02 13:06:00,19.413,21.252,20.438,16.73,17.029,21.044,15.248,20.876,20.644,18.378,17.139,16.921,16.774,18.16,18.485,18.693,21.957,20.59,19.347,19.376,21.28,20.43,16.576,17.101,21.115,15.037,20.749,20.579,18.276,17.121,16.949,16.784,18.116,18.532,18.874,21.969,20.549,19.355,21.852,11.112,10.301,16.578,8.713,8.371,15.38,14.614,21.032,16.566,15.232,14.915,11.456,7.941,10.591,17.661,10.892,,7.859,21.845,11.014,10.243,16.576,8.615,8.5,15.208,14.527,20.84,16.809,15.198,14.956,11.465,8.165,10.694,17.688,10.808,13.174,8.052,25.65
2026-01-02 13:08:00,19.463,21.323,20.552,16.6,17.089,21.191,13.449,20.705,20.487,18.442,17.068,17.002,16.737,18.15,18.705,19.082,21.823,20.387,18.968,19.376,21.28,20.43,16.576,17.101,21.115,15.037,20.749,20.579,18.276,17.121,16.949,16.784,18.116,18.532,18.874,21.969,20.549,19.355,21.823,10.938,10.184,16.6,8.715,8.375,17.592,14.699,20.825,16.925,15.121,14.884,11.446,8.003,10.608,17.549,10.773,13.183,8.208,21.845,11.014,10.243,16.576,8.615,8.5,15.208,14.527,20.84,16.809,15.198,14.956,11.465,8.165,10.694,17.688,10.808,13.174,8.052,17.42
2026-01-02 13:10:00,19.454,21.473,20.469,16.55,17.207,21.013,15.123,20.916,20.734,18.367,17.07,16.919,16.685,18.343,18.687,18.876,21.968,20.585,19.286,19.376,21.28,20.43,16.576,17.101,21.115,15.037,20.749,20.579,18.276,17.121,16.949,16.784,18.116,18.532,18.874,21.969,20.549,19.355,21.808,10.967,10.382,16.696,8.516,8.385,15.138,14.556,20.881,16.54,15.197,14.902,11.598,8.086,10.479,17.8,11.019,13.444,8.002,21.845,11.014,10.243,16.576,8.615,8.5,15.208,14.527,20.84,16.809,15.198,14.956,11.465,8.165,10.694,17.688,10.808,13.174,8.052,24.41
2026-01-02 13:12:00,19.445,21.347,20.489,16.59,16.813,21.1,14.879,20.558,20.851,18.224,17.106,16.92,16.691,18.313,18.321,18.937,21.906,20.704,19.461,19.376,21.28,20.43,16.576,17.101,21.115,15.037,20.749,20.579,18.276,17.121,16.949,16.784,18.116,18.532,18.874,21.969,20.549,19.355,21.864,10.979,10.058,16.713,8.984,8.633,15.099,14.636,20.865,16.954,15.093,14.8,11.333,8.238,10.393,17.369,10.724,13.204,8.126,21.845,11.014,10.243,16.576,8.615,8.5,15.208,14.527,20.84,16.809,15.198,14.956,11.465,8.165,10.694,17.688,10.808,13.174,8.052,23.25
2026-01-02 13:14:00,19.391,21.11,20.528,16.697,17.185,21.086,15.117,20.663,20.614,18.324,17.099,16.838,16.763,18.017,18.396,19.003,21.955,20.493,19.299,19.376,21.28,20.43,16.576,17.101,21.115,15.037,20.749,20.579,18.276,17.121,16.949,16.784,18.116,18.532,18.874,21.969,20.549,19.355,21.788,10.882,10.358,16.573,8.373,8.501,15.084,14.331,20.85,16.927,14.939,14.902,11.501,8.408,10.546,17.726,10.763,13.412,8.209,21.845,11.014,10.243,16.576,8.615,8.5,15.208,14.527,20.84,16.809,15.198,14.956,11.465,8.165,10.694,17.688,10.808,13.174,8.052,23.8
2026-01-02 13:16:00,19.431,21.247,20.351,16.613,17.122,21.013,14.914,20.907,20.551,18.422,17.196,16.945,16.76,18.312,18.46,18.833,21.875,20.534,19.248,19.376,21.28,20.43,16.576,17.101,21.115,15.037,20.749,20.579,18.276,17.121,16.949,16.784,18.116,18.532,18.874,21.969,20.549,19.355,21.979,10.939,10.506,16.615,8.481,8.261,15.226,14.449,20.945,16.913,15.325,15.202,11.357,8.092,10.491,17.534,10.707,12.941,8.295,21.845,11.014,10.243,16.576,8.615,8.5,15.208,14.527,20.84,16.809,15.198,14.956,11.465,8.165,10.694,17.688,10.808,13.174,8.052,23.7
2026-01-02 13:18:00,19.393,21.136,20.495,16.62,17.13,21.048,15.192,20.99,20.568,18.188,17.201,16.928,16.805,18.195,18.375,18.964,21.848,20.405,19.313,19.376,21.28,20.43,16.576,17.101,21.115,15.037,20.749,20.579,18.276,17.121,16.949,16.784,18.116,18.532,18.874,21.969,20.549,19.355,21.704,11.072,10.172,16.421,8.792,8.457,15.255,14.614,20.781,16.949,15.089,15.014,11.387,8.25,10.626,17.718,10.778,13.31,7.936,21.845,11.014,10.243,16.576,8.615,8.5,15.208,14.527,20.84,16.809,15.198,14.956,11.465,8.165,10.694,17.688,10.808,13.174,8.052,23.83
2026-01-02 13:20:00,19.552,21.209,20.488,16.47,17.178,21.156,15.177,20.773,20.583,18.058,17.162,17.046,16.811,18.14,18.601,18.98,21.866,20.543,19.409,19.376,21.28,20.43,16.576,17.101,21.115,15.037,20.749,20.579,18.276,17.121,16.949,16.784,18.116,18.532,18.874,21.969,20.549,19.355,21.923,10.911,10.203,16.574,8.486,8.588,14.962,14.625,20.938,17.21,15.119,14.836,11.523,8.177,10.723,17.592,10.911,13.34,8.163,21.845,11.014,10.243,16.576,8.615,8.5,15.208,14.527,20.84,16.809,15.198,14.956,11.465,8.165,10.694,17.688,10.808,13.174,8.052,23.14
2026-01-02 13:22:00,19.409,21.17,20.198,16.617,17.189,21.316,15.09,20.649,20.635,18.265,17.044,16.782,16.571,18.036,18.485,18.884,21.973,20.578,19.584,19.376,21.28,20.43,16.576,17.101,21.115,15.037,20.749,20.579,18.276,17.121,16.949,16.784,18.116,18.532,18.874,21.969,20.549,19.355,21.857,11.018,10.434,16.901,8.812,8.521,15.335,14.504,21.071,16.678,14.994,15.227,11.455,8.462,10.721,17.491,10.893,13.167,8.163,21.845,11.014,10.243,16.576,8.615,8.5,15.208,14.527,20.84,16.809,15.198,,11.465,8.165,10.694,17.688,10.808,13.174,8.052,24.91
2026-01-02 13:24:00,19.371,21.445,20.34,16.493,17.041,20.905,15.235,20.781,20.667,18.482,17.177,17.144,16.507,18.268,18.57,18.811,22.099,20.554,19.274,19.376,21.28,20.43,16.576,17.101,21.115,15.037,20.749,20.579,18.276,17.121,16.949,16.784,18.116,18.532,18.874,21.969,20.549,19.355,21.797,11.015,10.218,16.415,8.769,8.533,15.403,14.509,20.986,16.967,15.113,14.932,11.675,7.886,10.744,17.619,10.729,13.32,8.212,21.845,11.014,10.243,16.576,8.615,8.5,15.208,14.527,20.84,16.809,15.198,14.956,11.465,8.165,10.694,17.688,10.808,13.174,8.052,24.28
2026-01-02 13:26:00,19.147,21.494,20.122,16.587,17.293,21.194,14.965,20.719,20.509,18.307,17.114,16.798,16.611,18.253,18.382,18.741,22.247,20.45,19.199,19.376,21.28,20.43,16.576,17.101,21.115,15.037,20.749,20.579,18.276,17.121,16.949,16.784,18.116,18.532,18.874,21.969,20.549,19.355,21.97,11.16,10.038,16.634,8.433,8.635,15.322,14.58,20.971,16.512,15.295,15.131,10.906,8.216,10.814,17.795,10.722,13.077,8.106,21.845,11.014,10.243,16.576,8.615,8.5,15.208,14.527,20.84,16.809,15.198,14.956,11.465,8.165,10.694,17.688,10.808,13.174,8.052,24.0
2026-01-02 13:28:00,19.261,21.372,20.341,16.56,16.826,21.041,12.585,20.754,20.754,18.335,16.776,16.754,16.677,18.079,18.536,18.948,21.765,20.28,19.448,19.376,21.28,20.43,16.576,17.101,21.115,15.037,20.749,20.579,18.276,17.121,16.949,16.784,18.116,18.532,18.874,21.969,20.549,19.355,21.798,10.726,10.227,16.676,8.747,8.503,17.103,14.416,20.936,16.928,15.171,15.048,11.435,8.014,10.826,17.796,10.658,13.212,7.927,21.845,11.014,10.243,16.576,8.615,8.5,15.208,14.527,20.84,16.809,15.198,14.956,11.465,8.165,10.694,17.688,10.808,13.174,8.052,17.74
2026-01-02 13:30:00,19.254,20.996,20.313,16.52,16.953,20.971,15.155,20.613,20.613,18.298,17.075,17.228,16.619,18.421,18.414,18.839,22.001,20.678,19.436,19.376,21.28,20.43,16.576,17.101,21.115,15.037,20.749,20.579,18.276,17.121,16.949,16.784,18.116,18.532,18.874,21.969,20.549,19.355,21.916,11.019,9.941,16.568,8.343,8.369,15.183,14.413,20.586,16.652,15.233,15.079,11.291,8.203,10.691,17.507,10.665,12.974,8.18,21.845,11.014,10.243,16.576,8.615,8.5,15.208,14.527,20.84,16.809,15.198,14.956,11.465,8.165,10.694,17.688,10.808,13.174,8.052,23.75
2026-01-02 13:32:00,19.33,21.235,19.582,16.757,17.034,21.259,15.102,20.777,20.445,18.122,17.171,16.614,16.722,18.165,16.025,19.068,22.166,20.419,19.34,19.376,21.28,20.43,16.576,17.101,21.115,15.037,20.749,20.579,18.276,17.121,16.949,16.784,18.116,18.532,18.874,21.969,20.549,19.355,21.42,10.955,12.394,16.429,8.536,8.444,15.333,14.621,20.804,16.926,14.992,15.168,11.528,8.042,12.033,17.793,10.731,13.518,8.221,21.845,11.014,10.243,16.576,8.615,8.5,15.208,14.527,20.84,16.809,15.198,14.956,11.465,8.165,10.694,17.688,10.808,13.174,8.052,14.4
2026-01-02 13:34:00,19.359,21.214,,14.929,15.555,21.124,15.048,20.763,20.496,18.349,17.061,16.83,16.861,17.891,18.47,18.826,21.952,20.363,19.241,19.376,21.28,20.43,16.576,17.101,21.115,15.037,20.749,20.579,18.276,17.121,16.949,16.784,18.116,18.532,18.874,21.969,20.549,19.355,21.647,11.005,10.145,18.105,10.732,8.458,15.225,14.799,20.859,17.008,15.139,14.987,11.367,8.151,10.616,17.704,10.531,13.193,8.209,21.845,11.014,10.243,16.576,8.615,8.5,15.208,14.527,20.84,16.809,15.198,14.956,11.465,8.165,10.694,17.688,10.808,13.174,8.052,13.91
2026-01-02 13:36:00,19.357,21.352,20.415,16.551,17.0,21.117,14.702,20.825,20.695,18.273,17.004,17.108,16.702,18.276,18.499,18.783,21.942,20.466,19.335,19.376,21.28,20.43,16.576,17.101,21.115,15.037,20.749,20.579,18.276,17.121,16.949,16.784,18.116,18.532,18.874,21.969,20.549,19.355,21.677,10.969,10.311,16.569,8.717,8.543,15.167,14.59,21.167,16.846,15.312,15.02,11.451,8.116,10.371,17.884,,13.26,7.889,21.845,11.014,10.243,16.576,8.615,8.5,15.208,14.527,20.84,16.809,15.198,14.956,11.465,8.165,10.694,17.688,10.808,13.174,8.052,23.76
2026-01-02 13:38:00,19.435,21.249,20.375,16.574,17.148,19.878,15.101,20.818,20.614,18.361,17.123,17.085,16.832,18.215,18.509,17.218,21.915,20.553,19.399,19.376,21.28,20.43,16.576,17.101,21.115,15.037,20.749,20.579,18.276,17.121,16.949,16.784,18.116,18.532,18.874,21.969,20.549,19.355,21.77,11.054,10.285,16.752,8.402,11.351,15.324,14.26,20.981,16.884,15.118,14.844,11.477,8.051,10.767,19.452,10.798,13.233,8.071,21.845,11.014,10.243,16.576,8.615,8.5,15.208,14.527,20.84,16.809,15.198,14.956,11.465,8.165,10.694,17.688,10.808,13.174,8.052,13.37
2026-01-02 13:40:00,19.372,21.455,20.276,16.367,17.08,21.034,15.041,20.827,20.901,18.12,16.994,16.942,16.61,18.026,18.684,18.868,21.965,20.68,19.153,19.376,21.28,20.43,16.576,17.101,21.115,15.037,20.749,20.579,18.276,17.121,16.949,16.784,18.116,18.532,18.874,21.969,20.549,19.355,21.959,10.998,10.416,16.452,8.726,8.479,14.877,14.841,20.668,16.833,15.112,14.875,11.329,8.282,10.439,17.533,10.772,13.107,7.646,21.845,11.014,10.243,16.576,8.615,8.5,15.208,14.527,20.84,16.809,15.198,14.956,11.465,8.165,10.694,17.688,10.808,13.174,8.052,24.61
2026-01-02 13:42:00,19.39,21.275,20.462,16.459,17.05,21.103,15.124,20.663,20.652,18.025,17.171,17.04,16.677,18.081,18.532,18.909,22.11,20.571,19.329,19.376,21.28,20.43,16.576,17.101,21.115,15.037,20.749,20.579,18.276,17.121,16.949,16.784,18.116,18.532,18.874,21.969,20.549,19.355,21.775,10.976,10.247,16.331,8.642,8.307,15.201,14.521,20.526,16.63,15.037,14.637,11.616,8.004,10.707,17.581,10.586,13.262,8.057,21.845,11.014,10.243,16.576,8.615,8.5,15.208,14.527,20.84,16.809,15.198,14.956,11.465,8.165,10.694,17.688,10.808,13.174,8.052,24.65
2026-01-02 13:44:00,19.353,21.313,20.521,16.607,17.037,21.075,14.944,20.647,20.522,18.208,17.211,16.81,16.792,17.978,18.625,18.91,22.116,20.612,19.236,19.376,21.28,20.43,16.576,17.101,21.115,15.037,20.749,20.579,18.276,17.121,16.949,16.784,18.116,18.532,18.874,21.969,20.549,19.355,21.64,10.939,10.308,16.383,8.693,8.461,15.361,14.747,20.652,16.914,15.225,14.787,11.614,7.985,10.704,17.644,10.445,13.157,8.063,21.845,11.014,10.243,16.576,8.615,8.5,15.208,14.527,20.84,16.809,15.198,14.956,11.465,8.165,10.694,17.688,10.808,13.174,8.052,23.89
2026-01-02 13:46:00,19.38,21.207,20.369,16.457,17.065,21.126,15.062,21.038,20.561,18.286,17.111,16.92,16.749,18.122,18.509,18.96,22.018,20.447,19.356,19.376,21.28,20.43,16.576,17.101,21.115,15.037,20.749,20.579,18.276,17.121,16.949,16.784,18.116,18.532,18.874,21.969,20.549,19.355,21.886,10.853,10.163,16.659,8.703,8.572,15.361,14.378,20.763,16.768,15.245,15.023,11.596,8.198,10.697,17.527,10.806,13.007,7.892,21.845,11.014,10.243,16.576,8.615,8.5,15.208,14.527,20.84,16.809,15.198,14.956,11.465,8.165,10.694,17.688,10.808,13.174,8.052,24.16
2026-01-02 13:48:00,19.412,19.329,20.403,16.566,17.172,19.322,14.975,19.595,20.723,18.165,17.197,16.921,17.213,18.189,18.538,18.862,21.794,20.49,19.587,19.376,21.28,20.43,16.576,17.101,21.115,15.037,20.749,20.579,18.276,17.121,16.949,16.784,18.116,18.532,18.874,21.969,20.549,19.355,21.753,12.109,10.44,16.411,8.455,11.566,15.581,16.118,20.968,16.948,15.296,14.865,11.54,8.121,10.609,17.876,10.765,13.14,7.973,21.845,11.014,10.243,16.576,8.615,8.5,15.208,14.527,20.84,16.809,15.198,14.956,11.465,8.165,10.694,17.688,10.808,13.174,8.052,8.89
2026-01-02 13:50:00,19.418,21.248,20.429,16.582,16.992,21.128,15.096,20.579,20.552,17.962,16.928,17.045,16.926,18.33,18.384,18.865,21.931,20.672,19.393,19.376,21.28,20.43,16.576,17.101,21.115,15.037,20.749,20.579,18.276,17.121,16.949,16.784,18.116,18.532,18.874,21.969,20.549,19.355,21.94,10.946,10.22,16.575,8.623,8.5,15.228,14.525,20.669,16.945,15.128,14.917,11.301,8.077,10.597,17.678,10.688,13.146,7.739,21.845,11.014,10.243,16.576,8.615,8.5,15.208,14.527,20.84,16.809,15.198,14.956,11.465,8.165,10.694,17.688,10.808,13.174,8.052,24.95
2026-01-02 13:52:00,19.386,21.35,20.378,16.689,15.892,21.242,15.059,20.776,20.45,18.1,16.942,17.006,16.539,18.273,18.495,18.721,22.009,20.407,19.36,19.376,21.28,20.43,16.576,17.101,21.115,15.037,20.749,20.579,18.276,17.121,16.949,16.784,18.116,18.532,18.874,21.969,20.549,19.355,21.977,11.201,10.094,16.373,11.034,8.459,14.807,14.702,20.611,16.92,15.475,14.985,11.403,8.041,10.458,17.703,10.729,12.995,8.114,21.845,11.014,10.243,16.576,8.615,8.5,15.208,14.527,20.84,16.809,15.198,14.956,11.465,8.165,10.694,17.688,10.808,13.174,8.052,19.66
2026-01-02 13:54:00,19.346,21.418,20.533,16.684,17.049,21.258,15.029,20.763,20.631,18.307,16.969,17.023,16.603,18.17,18.524,18.884,21.844,20.663,19.339,19.376,21.28,20.43,16.576,17.101,21.115,15.037,20.749,20.579,18.276,17.121,16.949,16.784,18.116,18.532,18.874,21.969,20.549,19.355,21.826,10.906,10.315,16.328,8.619,8.383,15.135,14.409,20.951,16.988,14.999,15.034,11.515,8.146,10.851,17.941,10.532,13.178,8.122,21.845,11.014,10.243,16.576,8.615,8.5,15.208,14.527,20.84,16.809,15.198,14.956,11.465,8.165,10.694,17.688,10.808,13.174,8.052,24.97
2026-01-02 13:56:00,19.473,21.198,20.348,16.585,17.219,20.965,14.971,20.692,20.549,18.224,17.244,17.03,16.787,18.212,18.65,18.805,21.886,20.628,19.598,19.376,21.28,20.43,16.576,17.101,21.115,15.037,20.749,20.579,18.276,17.121,16.949,16.784,18.116,18.532,18.874,21.969,20.549,19.355,21.804,10.812,10.197,16.339,8.604,8.596,15.445,14.427,20.884,16.825,15.164,15.122,11.353,8.219,10.894,17.764,10.579,13.129,8.145,21.845,11.014,10.243,16.576,8.615,8.5,15.208,14.527,20.84,16.809,15.198,14.956,11.465,8.165,10.694,17.688,10.808,13.174,8.052,24.29
2026-01-02 13:58:00,19.106,21.21,20.52,16.485,17.201,21.141,14.894,20.696,20.623,18.174,17.189,16.985,16.75,18.161,18.491,18.9,21.855,20.711,19.326,19.376,21.28,20.43,16.576,17.101,21.115,15.037,20.749,20.579,18.276,17.121,16.949,16.784,18.116,18.532,18.874,21.969,20.549,19.355,21.835,10.921,10.159,16.446,8.748,8.405,15.294,14.6,21.008,17.077,15.126,14.768,11.458,8.396,10.774,17.657,11.061,13.192,8.043,21.845,11.014,10.243,16.576,8.615,8.5,15.208,14.527,20.84,16.809,15.198,14.956,11.465,8.165,10.694,17.688,10.808,13.174,8.052,24.25
2026-01-02 14:00:00,19.509,21.526,20.611,16.575,17.12,21.111,15.073,20.655,20.373,18.313,17.127,17.125,16.992,17.96,18.426,18.964,22.104,20.564,19.363,19.376,21.28,20.43,16.576,17.101,21.115,15.037,20.749,20.579,18.276,17.121,16.949,16.784,18.116,18.532,18.874,21.969,20.549,19.355,22.162,10.903,10.223,16.728,8.594,8.5,15.23,14.443,20.756,17.028,15.227,14.683,11.486,8.025,10.565,17.924,10.926,13.219,8.048,21.845,11.014,10.243,16.576,8.615,8.5,15.208,14.527,20.84,16.809,15.198,14.956,11.465,8.165,10.694,17.688,10.808,13.174,8.052,24.42
2026-01-02 14:02:00,19.165,21.543,17.887,16.642,17.141,21.013,15.136,20.917,20.575,18.293,17.197,14.797,16.884,18.014,18.426,18.812,21.66,20.398,19.334,19.376,21.28,20.43,16.576,17.101,21.115,15.037,20.749,20.579,18.276,17.121,16.949,16.784,18.116,18.532,18.874,21.969,20.549,19.355,21.665,10.958,12.394,16.654,8.317,8.416,15.135,14.591,20.696,16.781,14.927,17.372,11.474,8.206,10.702,17.639,10.579,13.068,8.002,21.845,11.014,10.243,16.576,8.615,8.5,15.208,14.527,20.84,16.809,15.198,14.956,11.465,8.165,10.694,17.688,10.808,13.174,8.052,9.65
2026-01-02 14:04:00,19.3,21.185,20.532,16.616,17.196,21.096,14.99,20.65,20.608,18.069,17.022,14.915,16.882,18.109,16.691,16.912,21.885,20.535,19.245,19.376,21.28,20.43,16.576,17.101,21.115,15.037,20.749,20.579,18.276,17.121,16.949,16.784,18.116,18.532,18.874,21.969,20.549,19.355,21.783,10.933,10.332,16.483,8.577,8.525,15.307,14.666,20.628,16.95,15.241,17.19,11.558,8.04,12.075,19.686,11.126,12.787,7.66,21.845,11.014,10.243,16.576,8.615,8.5,15.208,14.527,20.84,16.809,15.198,14.956,11.465,8.165,10.694,17.688,10.808,13.174,8.052,8.52
2026-01-02 14:06:00,19.585,21.452,20.333,16.443,15.434,21.187,15.181,20.742,19.288,18.31,17.152,16.767,16.755,18.082,18.42,18.9,22.089,20.665,18.604,19.376,21.28,20.43,16.576,17.101,21.115,15.037,20.749,20.579,18.276,17.121,16.949,16.784,18.116,18.532,18.874,21.969,20.549,19.355,22.097,10.9,10.175,16.673,11.394,8.318,15.298,14.567,21.853,16.703,15.263,15.092,11.339,8.204,10.675,17.512,10.881,13.126,9.946,21.845,11.014,10.243,16.576,8.615,8.5,15.208,14.527,20.84,16.809,15.198,14.956,11.465,8.165,10.694,17.688,10.808,13.174,8.052,9.9
2026-01-02 14:08:00,19.309,21.36,20.392,16.537,17.354,20.821,14.962,20.653,20.574,18.471,17.105,16.917,16.802,18.081,18.575,19.166,19.493,20.525,19.347,19.376,21.28,20.43,16.576,17.101,21.115,15.037,20.749,20.579,18.276,17.121,16.949,16.784,18.116,18.532,18.874,21.969,20.549,19.355,21.623,10.814,10.274,16.505,8.816,8.619,15.291,14.544,20.906,16.788,15.223,15.185,11.751,8.437,10.593,17.52,13.652,13.288,8.106,21.845,11.014,10.243,16.576,8.615,8.5,15.208,14.527,20.84,16.809,15.198,14.956,11.465,8.165,10.694,17.688,10.808,13.174,8.052,16.52
2026-01-02 14:10:00,19.135,21.35,20.423,16.352,17.07,21.134,14.934,20.873,20.511,18.105,17.213,16.933,16.8,17.931,18.373,18.759,21.951,20.533,19.513,19.376,21.28,20.43,16.576,17.101,21.115,15.037,20.749,20.579,18.276,17.121,16.949,16.784,18.116,18.532,18.874,21.969,20.549,19.355,21.884,11.248,10.095,16.696,8.593,8.449,15.311,14.396,20.855,16.684,15.038,15.127,11.406,8.392,10.547,17.621,10.753,13.231,7.787,21.845,11.014,10.243,16.576,8.615,8.5,15.208,14.527,20.84,16.809,15.198,14.956,11.465,8.165,10.694,17.688,10.808,13.174,8.052,23.76
2026-01-02 14:12:00,19.552,21.296,20.419,16.794,17.108,21.231,14.981,20.737,20.548,18.196,17.164,16.854,16.771,18.163,18.773,18.656,21.977,20.624,19.316,19.376,21.28,20.43,16.576,17.101,21.115,15.037,20.749,20.579,18.276,17.121,16.949,16.784,18.116,18.532,18.874,21.969,20.549,19.355,21.756,10.762,10.048,16.577,8.617,8.713,15.462,14.574,20.823,16.99,15.205,15.082,11.395,7.832,10.742,17.534,10.859,13.217,8.125,21.845,11.014,10.243,16.576,8.615,8.5,15.208,14.527,20.84,16.809,15.198,14.956,11.465,8.165,10.694,17.688,10.808,13.174,8.052,24.2
2026-01-02 14:14:00,19.475,21.341,20.486,16.528,17.076,21.089,14.924,20.769,20.458,18.169,16.962,17.075,16.719,18.014,18.623,18.827,22.007,20.528,19.396,19.376,21.28,20.43,16.576,17.101,21.115,15.037,20.749,20.579,18.276,17.121,16.949,16.784,18.116,18.532,18.874,21.969,20.549,19.355,21.89,11.076,10.186,16.718,8.63,8.329,15.187,14.726,20.911,16.928,15.269,14.849,11.781,8.262,10.965,17.472,10.566,13.13,8.254,21.845,11.014,10.243,16.576,8.615,8.5,15.208,14.527,20.84,16.809,15.198,14.956,11.465,8.165,10.694,17.688,10.808,13.174,8.052,24.83
2026-01-02 14:16:00,19.397,21.033,20.598,16.691,16.934,21.217,15.011,20.762,20.726,18.389,17.233,17.179,16.909,18.047,18.385,18.97,21.773,20.508,19.314,19.376,21.28,20.43,16.576,17.101,21.115,15.037,20.749,20.579,18.276,17.121,16.949,16.784,18.116,18.532,18.874,21.969,20.549,19.355,22.059,11.162,10.386,16.624,8.539,8.558,15.203,14.623,20.958,16.713,15.119,15.22,11.298,8.216,10.553,17.718,10.903,13.035,8.087,21.845,11.014,10.243,16.576,8.615,8.5,15.208,14.527,20.84,16.809,15.198,14.956,11.465,8.165,10.694,17.688,10.808,13.174,8.052,24.28
2026-01-02 14:18:00,19.295,21.435,20.466,16.551,17.203,21.068,15.174,20.982,20.565,18.257,17.253,16.725,16.641,17.998,18.347,18.874,22.002,20.545,19.352,19.376,21.28,20.43,16.576,17.101,,15.037,20.749,20.579,18.276,17.121,16.949,16.784,18.116,18.532,18.874,21.969,20.549,19.355,21.891,10.876,10.502,16.57,8.888,8.283,14.98,14.464,20.982,16.861,15.238,14.835,11.458,8.263,10.834,17.667,10.74,13.188,8.317,21.845,11.014,10.243,16.576,8.615,8.5,15.208,14.527,20.84,16.809,15.198,14.956,11.465,8.165,10.694,17.688,10.808,13.174,8.052,23.35
2026-01-02 14:20:00,19.48,21.403,20.572,16.56,17.103,21.283,15.084,20.899,20.525,18.27,17.048,16.946,16.832,18.064,18.756,18.705,22.067,20.424,19.389,19.376,21.28,20.43,16.576,17.101,21.115,15.037,20.749,20.579,18.276,17.121,16.949,16.784,18.116,18.532,18.874,21.969,20.549,19.355,22.003,11.033,10.095,16.595,8.567,8.415,14.621,14.768,20.677,16.823,15.176,14.993,11.282,8.081,10.576,17.887,10.688,12.953,7.842,21.845,11.014,10.243,16.576,8.615,8.5,15.208,14.527,20.84,16.809,15.198,14.956,11.465,8.165,10.694,17.688,10.808,13.174,8.052,23.83
2026-01-02 14:22:00,19.287,21.288,20.438,16.485,16.962,19.405,15.039,20.841,20.763,18.079,17.173,16.895,16.785,18.151,18.622,18.92,21.965,20.726,17.158,19.376,21.28,20.43,16.576,17.101,21.115,15.037,20.749,20.579,18.276,17.121,16.949,16.784,18.116,18.532,18.874,21.969,20.549,19.355,21.961,11.082,9.906,16.442,8.575,9.279,15.271,14.561,21.095,16.692,15.261,15.338,11.561,8.197,10.897,17.938,10.794,13.317,9.283,21.845,11.014,10.243,16.576,8.615,8.5,15.208,14.527,20.84,16.809,15.198,14.956,11.465,8.165,10.694,17.688,10.808,13.174,8.052,16.11
2026-01-02 14:24:00,19.375,21.41,20.299,16.469,17.266,21.092,14.833,20.839,20.716,18.186,16.971,16.942,16.824,18.046,18.426,18.933,22.028,20.367,19.227,19.376,21.28,20.43,16.576,17.101,21.115,15.037,20.749,20.579,18.276,17.121,16.949,16.784,18.116,18.532,18.874,21.969,20.549,19.355,21.822,10.96,10.381,16.661,8.728,8.525,15.172,14.507,20.865,16.543,15.293,15.272,11.39,7.995,10.925,17.808,10.895,13.04,7.878,21.845,11.014,10.243,16.576,8.615,8.5,15.208,14.527,20.84,16.809,15.198,14.956,11.465,8.165,10.694,17.688,10.808,13.174,8.052,24.29
2026-01-02 14:26:00,19.337,21.207,20.453,14.942,17.31,21.154,15.14,20.57,20.499,18.394,16.954,17.099,16.844,18.129,18.516,18.74,21.844,20.486,19.304,19.376,21.28,20.43,16.576,17.101,21.115,15.037,20.749,20.579,18.276,17.121,16.949,16.784,18.116,18.532,18.874,21.969,20.549,19.355,21.981,11.183,10.184,19.111,8.751,8.538,15.105,14.471,20.682,16.497,14.879,15.003,11.567,8.08,10.677,17.962,10.854,13.342,8.284,21.845,11.014,10.243,16.576,8.615,8.5,15.208,14.527,20.84,16.809,15.198,14.956,11.465,8.165,10.694,17.688,10.808,13.174,8.052,17.9
2026-01-02 14:28:00,19.513,21.162,20.356,16.376,17.117,21.112,15.159,20.964,20.638,18.176,17.144,16.979,16.775,17.99,18.568,18.734,21.956,20.512,19.059,19.376,21.28,20.43,16.576,17.101,21.115,15.037,20.749,20.579,18.276,17.121,16.949,16.784,18.116,18.532,18.874,21.969,20.549,19.355,21.686,11.162,10.031,16.67,8.473,8.652,15.052,14.429,20.989,16.752,15.159,15.131,11.584,8.109,10.797,17.816,10.801,13.256,8.129,21.845,11.014,10.243,16.576,8.615,8.5,15.208,14.527,20.84,16.809,15.198,14.956,11.465,8.165,10.694,17.688,10.808,13.174,8.052,23.8
2026-01-02 14:30:00,19.442,21.52,20.386,16.504,17.204,20.963,15.037,20.773,20.513,18.265,17.022,14.844,16.857,18.014,18.464,18.793,22.024,19.292,19.256,19.376,21.28,20.43,16.576,17.101,21.115,15.037,20.749,20.579,18.276,17.121,16.949,16.784,18.116,18.532,18.874,21.969,20.549,19.355,21.912,11.154,10.484,16.581,8.888,8.618,15.151,14.523,21.005,16.97,15.506,16.355,11.428,7.981,10.548,17.588,10.916,15.452,8.16,21.845,11.014,10.243,16.576,8.615,8.5,15.208,14.527,20.84,16.809,15.198,14.956,11.465,8.165,10.694,17.688,10.808,13.174,8.052,14.12
2026-01-02 14:32:00,19.411,21.05,20.211,16.607,17.31,21.057,15.073,20.588,20.591,18.295,17.184,16.862,17.001,18.004,18.702,18.75,22.056,20.698,19.599,19.376,21.28,20.43,16.576,17.101,21.115,15.037,20.749,20.579,18.276,17.121,16.949,16.784,18.116,18.532,18.874,21.969,20.549,19.355,21.769,10.96,10.443,16.697,8.591,8.709,15.066,14.57,20.67,16.968,15.295,14.92,11.421,8.367,10.721,17.583,10.587,13.377,8.291,21.845,11.014,10.243,16.576,8.615,8.5,15.208,14.527,20.84,16.809,15.198,14.956,11.465,8.165,10.694,17.688,10.808,13.174,8.052,24.01
2026-01-02 14:34:00,19.36,21.091,20.523,16.494,16.977,21.046,14.932,20.833,20.599,18.351,17.217,16.903,16.862,18.252,18.741,18.892,21.937,20.441,19.309,19.376,21.28,20.43,16.576,17.101,21.115,15.037,20.749,20.579,18.276,17.121,16.949,16.784,18.116,18.532,18.874,21.969,20.549,19.355,22.021,11.134,10.28,16.556,8.501,8.612,15.203,14.629,20.859,16.835,15.347,14.993,11.886,8.38,10.667,17.721,11.022,13.531,7.859,21.845,11.014,10.243,16.576,8.615,8.5,15.208,14.527,20.84,16.809,15.198,14.956,11.465,8.165,10.694,17.688,10.808,13.174,8.052,23.96
2026-01-02 14:36:00,19.375,21.308,20.276,16.529,17.077,21.046,14.966,20.787,20.468,18.328,16.998,16.972,16.657,18.248,18.615,19.026,21.872,20.398,19.204,,21.28,20.43,16.576,17.101,21.115,15.037,20.749,20.579,18.276,17.121,16.949,16.784,18.116,18.532,18.874,21.969,20.549,19.355,21.848,10.77,10.306,16.558,8.663,8.664,15.045,14.45,20.892,16.745,15.134,14.774,11.187,8.161,10.953,17.955,11.205,13.337,8.037,21.845,11.014,10.243,16.576,8.615,8.5,15.208,14.527,20.84,16.809,15.198,14.956,11.465,8.165,10.694,17.688,10.808,13.174,8.052,24.31
2026-01-02 14:38:00,19.349,21.4,19.6,16.652,16.96,21.237,15.119,20.685,20.289,18.184,17.105,15.38,16.808,18.107,18.712,19.05,22.01,20.618,19.497,19.376,21.28,20.43,16.576,17.101,21.115,15.037,20.749,20.579,18.276,17.121,16.949,16.784,18.116,18.532,18.874,21.969,20.549,19.355,21.618,11.083,13.029,16.525,8.426,8.334,15.343,14.456,20.819,16.887,15.39,17.151,11.76,8.167,10.649,17.761,10.55,13.111,8.075,21.845,11.014,10.243,16.576,8.615,8.5,15.208,14.527,20.84,16.809,15.198,14.956,11.465,8.165,10.694,17.688,10.808,13.174,8.052,12.27
2026-01-02 14:40:00,19.293,21.326,20.38,16.465,17.157,21.24,15.249,20.836,20.709,18.255,16.949,16.876,16.829,18.047,18.75,19.013,21.946,20.747,19.429,19.376,21.28,20.43,16.576,17.101,21.115,15.037,20.749,20.579,18.276,17.121,16.949,16.784,18.116,18.532,18.874,21.969,20.549,19.355,21.796,10.917,10.323,16.595,8.549,8.42,15.189,14.435,21.033,16.916,15.045,14.903,11.299,8.254,10.78,17.676,10.825,13.248,8.086,21.845,11.014,10.243,16.576,8.615,8.5,15.208,14.527,20.84,16.809,15.198,14.956,11.465,8.165,10.694,17.688,10.808,13.174,8.052,23.75
2026-01-02 14:42:00,19.563,21.26,20.52,16.55,17.103,21.246,15.256,20.763,20.614,18.175,17.097,17.006,16.641,18.066,18.405,18.898,22.071,20.588,19.324,19.376,21.28,20.43,16.576,17.101,21.115,15.037,20.749,20.579,18.276,17.121,16.949,16.784,18.116,18.532,18.874,21.969,20.549,19.355,22.057,11.017,10.402,16.87,8.444,8.389,15.017,14.458,20.84,16.876,14.957,14.957,11.422,8.338,10.55,17.747,11.031,13.258,8.117,21.845,11.014,10.243,16.576,8.615,8.5,15.208,14.527,20.84,16.809,15.198,14.956,11.465,8.165,10.694,17.688,10.808,13.174,8.052,23.47
2026-01-02 14:44:00,19.261,21.096,20.433,16.751,17.071,21.108,14.987,20.62,20.702,18.357,16.953,16.808,16.939,18.015,18.527,18.757,22.006,20.459,19.287,19.376,21.28,20.43,16.576,17.101,21.115,15.037,20.749,20.579,18.276,17.121,16.949,16.784,18.116,18.532,18.874,21.969,20.549,19.355,21.667,10.873,10.002,16.811,8.644,8.572,15.283,14.773,20.804,16.897,15.059,15.179,11.419,7.99,10.623,17.362,10.659,13.148,7.985,21.845,11.014,10.243,16.576,8.615,8.5,15.208,14.527,20.84,16.809,15.198,14.956,11.465,8.165,10.694,17.688,10.808,13.174,8.052,24.45
2026-01-02 14:46:00,19.249,21.499,20.729,16.603,17.179,21.181,15.038,20.739,20.539,18.367,16.981,16.854,16.866,17.955,18.719,18.844,21.991,20.702,19.351,19.376,21.28,20.43,16.576,17.101,21.115,15.037,20.749,20.579,18.276,17.121,16.949,16.784,18.116,18.532,18.874,21.969,20.549,19.355,21.832,10.963,10.1,16.727,8.41,8.374,15.115,14.611,20.867,16.722,15.124,15.12,11.681,8.16,10.579,17.739,11.067,13.091,8.115,21.845,11.014,10.243,16.576,8.615,8.5,15.208,14.527,20.84,16.809,15.198,14.956,11.465,8.165,10.694,17.688,10.808,13.174,8.052,23.62
2026-01-02 14:48:00,19.392,21.214,20.49,16.657,17.001,21.192,15.15,20.804,20.494,18.384,17.28,16.894,16.575,18.036,18.535,19.025,22.107,20.629,19.282,19.376,21.28,20.43,16.576,17.101,21.115,15.037,20.749,20.579,18.276,17.121,16.949,16.784,18.116,18.532,18.874,21.969,20.549,19.355,21.697,11.009,10.368,16.63,8.496,8.455,15.156,14.611,20.677,16.794,15.368,15.14,11.524,8.36,10.775,17.795,11.092,13.059,8.18,21.845,11.014,10.243,16.576,8.615,8.5,15.208,14.527,20.84,16.809,15.198,14.956,11.465,8.165,10.694,17.688,10.808,13.174,8.052,24.49
2026-01-02 14:50:00,19.465,21.281,20.313,16.371,17.218,20.929,15.182,21.01,20.585,18.18,17.049,16.872,14.391,18.232,18.446,18.837,21.895,20.682,19.469,19.376,21.28,20.43,16.576,17.101,21.115,15.037,20.749,20.579,18.276,17.121,16.949,16.784,18.116,18.532,18.874,21.969,20.549,19.355,21.578,10.911,10.257,16.593,8.832,8.534,15.471,14.43,20.852,16.736,14.882,14.901,13.551,8.079,10.591,17.591,10.668,13.1,7.829,21.845,11.014,10.243,16.576,8.615,8.5,15.208,14.527,20.84,16.809,15.198,14.956,11.465,8.165,10.694,17.688,10.808,13.174,8.052,17.13
2026-01-02 14:52:00,19.279,21.246,20.45,16.371,17.04,21.132,14.876,20.774,20.586,18.212,17.242,16.842,16.834,18.087,18.659,16.572,22.039,20.621,17.55,19.376,21.28,20.43,16.576,17.101,21.115,15.037,20.749,20.579,18.276,17.121,16.949,16.784,18.116,18.532,18.874,21.969,20.549,19.355,21.875,10.636,9.963,16.53,8.676,8.45,14.989,14.487,20.623,16.864,15.439,15.005,11.314,8.249,10.886,19.018,10.924,13.113,9.519,21.845,11.014,10.243,16.576,8.615,8.5,15.208,14.527,20.84,16.809,15.198,14.956,11.465,8.165,10.694,17.688,10.808,13.174,8.052,14.23
2026-01-02 14:54:00,19.563,21.106,20.422,16.453,17.215,21.273,15.003,20.777,20.732,18.3,17.107,16.76,16.703,18.232,18.364,18.909,21.995,18.385,19.448,19.376,21.28,20.43,16.576,17.101,21.115,15.037,20.749,20.579,18.276,17.121,16.949,16.784,18.116,18.532,18.874,21.969,20.549,19.355,21.948,10.876,10.042,16.933,8.861,8.721,15.279,14.574,20.935,16.767,15.193,15.037,11.552,8.141,10.631,17.926,10.771,15.835,8.074,21.845,11.014,10.243,16.576,8.615,8.5,15.208,14.527,20.84,16.809,15.198,14.956,11.465,8.165,10.694,17.688,10.808,13.174,8.052,16.77
2026-01-02 14:56:00,19.29,21.442,20.38,16.695,17.035,21.146,14.169,20.944,20.46,18.203,17.291,17.043,16.781,18.087,18.384,18.844,22.011,20.689,19.464,19.376,21.28,20.43,16.576,17.101,21.115,15.037,20.749,20.579,18.276,17.121,16.949,16.784,18.116,18.532,18.874,21.969,20.549,19.355,21.779,10.755,10.051,16.181,8.361,8.662,16.567,14.053,20.732,16.999,14.965,15.094,11.287,8.079,10.619,17.792,10.688,13.116,7.899,21.845,11.014,10.243,16.576,8.615,8.5,15.208,14.527,20.84,16.809,15.198,14.956,11.465,8.165,10.694,17.688,10.808,13.174,8.052,20.21
2026-01-02 14:58:00,19.544,21.326,20.349,16.537,17.279,21.128,15.201,20.566,20.524,18.184,17.152,16.859,16.631,18.108,18.267,18.807,22.019,20.416,19.35,19.376,21.28,20.43,16.576,17.101,21.115,15.037,20.749,20.579,18.276,17.121,16.949,16.784,18.116,18.532,18.874,21.969,20.549,19.355,21.971,11.034,10.025,16.429,8.533,8.442,15.165,14.557,20.82,16.96,15.055,14.994,11.654,8.261,10.785,17.643,10.647,12.916,7.939,21.845,11.014,10.243,16.576,8.615,8.5,15.208,14.527,20.84,16.809,15.198,14.956,11.465,8.165,10.694,17.688,10.808,13.174,8.052,23.12
2026-01-02 15:00:00,19.274,21.241,20.459,16.632,17.152,21.028,15.215,20.788,20.505,18.432,17.076,17.178,16.884,18.105,18.477,18.779,21.879,20.518,19.515,19.376,21.28,20.43,16.576,17.101,21.115,15.037,20.749,20.579,18.276,17.121,16.949,16.784,18.116,18.532,18.874,21.969,20.549,19.355,21.721,11.207,10.066,16.643,8.637,8.778,15.054,14.728,20.626,16.898,15.409,14.866,11.512,8.312,10.569,17.53,10.579,13.163,7.891,21.845,11.014,10.243,16.576,8.615,8.5,15.208,14.527,20.84,16.809,15.198,14.956,11.465,8.165,10.694,17.688,10.808,13.174,8.052,24.29
2026-01-02 15:02:00,19.399,21.273,20.482,16.542,16.957,20.944,15.206,20.719,20.77,18.501,17.157,17.042,16.745,18.104,18.545,18.877,22.148,20.541,19.464,19.376,21.28,20.43,16.576,17.101,21.115,15.037,20.749,20.579,18.276,17.121,16.949,16.784,18.116,18.532,18.874,21.969,20.549,19.355,22.1,11.012,10.408,16.58,8.937,8.7,15.168,14.532,20.525,16.852,15.043,15.077,11.581,8.044,10.838,17.511,10.67,12.879,7.951,21.845,11.014,10.243,16.576,8.615,8.5,15.208,14.527,20.84,16.809,15.198,14.956,11.465,8.165,10.694,17.688,10.808,13.174,8.052,23.69
2026-01-02 15:04:00,19.393,21.357,20.649,16.398,17.242,21.045,15.064,20.712,20.527,18.119,15.832,17.205,16.89,18.091,18.316,18.958,22.159,20.604,19.156,19.376,21.28,20.43,16.576,17.101,21.115,15.037,20.749,20.579,18.276,17.121,16.949,16.784,18.116,18.532,18.874,21.969,20.549,19.355,21.732,11.094,10.366,16.522,8.764,8.684,14.871,14.465,20.799,17.067,17.908,14.997,11.365,8.237,10.887,17.667,10.649,13.318,7.815,21.845,11.014,10.243,16.576,8.615,8.5,15.208,14.527,20.84,16.809,15.198,14.956,11.465,8.165,10.694,17.688,10.808,13.174,8.052,18.91
2026-01-02 15:06:00,17.87,21.316,20.425,16.712,16.99,21.042,14.745,20.886,20.659,18.227,16.911,15.284,16.618,17.966,18.304,16.934,21.858,20.42,19.488,19.376,21.28,20.43,16.576,17.101,21.115,15.037,20.749,20.579,18.276,17.121,16.949,16.784,18.116,18.532,18.874,21.969,20.549,19.355,24.171,11.152,10.099,16.546,8.409,8.746,15.197,14.607,20.751,17.095,15.406,17.684,11.541,7.909,10.73,19.308,10.731,13.128,7.993,21.845,11.014,10.243,16.576,8.615,8.5,15.208,14.527,20.84,16.809,15.198,14.956,11.465,8.165,10.694,17.688,10.808,13.174,8.052,7.58
2026-01-02 15:08:00,19.463,21.291,20.363,16.572,16.944,21.164,14.926,20.688,20.621,18.171,16.955,17.072,16.577,17.962,18.392,18.788,21.952,20.162,19.295,19.376,21.28,20.43,16.576,17.101,21.115,15.037,20.749,20.579,18.276,17.121,16.949,16.784,18.116,18.532,18.874,21.969,20.549,19.355,21.912,11.043,9.987,16.682,8.549,8.489,15.142,14.433,20.864,16.621,14.985,14.921,11.633,8.104,10.65,17.654,10.814,13.103,8.272,21.845,11.014,10.243,16.576,8.615,8.5,15.208,14.527,20.84,16.809,15.198,14.956,11.465,8.165,10.694,17.688,10.808,13.174,8.052,24.7
2026-01-02 15:10:00,19.545,21.424,20.536,16.567,17.127,21.048,14.835,20.792,20.709,18.312,17.118,17.054,16.822,18.251,18.481,18.657,22.028,20.656,19.261,19.376,21.28,20.43,16.576,17.101,21.115,15.037,20.749,20.579,18.276,17.121,16.949,16.784,18.116,18.532,18.874,21.969,20.549,19.355,21.888,11.021,10.296,16.684,8.786,8.477,15.228,14.569,20.751,16.715,15.174,15.013,11.455,7.8,10.513,17.707,10.74,13.167,7.973,21.845,11.014,10.243,16.576,8.615,8.5,15.208,14.527,20.84,16.809,15.198,14.956,11.465,8.165,10.694,17.688,10.808,13.174,8.052,23.91
2026-01-02 15:12:00,19.404,21.368,20.099,16.873,17.195,21.091,14.896,20.557,20.984,18.236,17.206,16.869,16.745,18.195,18.417,18.865,21.944,20.607,19.459,19.376,21.28,20.43,16.576,17.101,21.115,15.037,20.749,20.579,18.276,17.121,16.949,16.784,18.116,18.532,18.874,21.969,20.549,19.355,21.999,11.077,10.354,16.393,8.777,8.396,15.49,14.463,20.814,16.529,15.229,14.818,11.364,8.282,11.023,17.601,10.617,12.844,7.952,21.845,11.014,10.243,16.576,8.615,8.5,15.208,14.527,20.84,16.809,15.198,14.956,11.465,8.165,10.694,17.688,10.808,13.174,8.052,24.25
2026-01-02 15:14:00,19.354,21.45,20.372,16.529,17.111,21.083,15.132,20.401,20.364,18.01,17.292,17.049,16.699,18.163,18.316,18.837,22.149,20.628,19.616,19.376,21.28,20.43,16.576,17.101,21.115,15.037,20.749,20.579,18.276,17.121,16.949,16.784,18.116,18.532,18.874,21.969,20.549,19.355,21.894,10.806,10.089,16.78,8.78,8.673,15.049,14.406,20.673,16.755,15.151,15.02,11.564,8.246,10.814,17.831,10.759,13.127,7.946,,11.014,10.243,16.576,8.615,8.5,15.208,14.527,20.84,16.809,15.198,14.956,11.465,8.165,10.694,17.688,10.808,13.174,8.052,23.48
2026-01-02 15:16:00,19.316,21.421,20.443,16.616,17.133,21.209,15.199,20.757,20.627,18.264,17.157,16.851,16.907,18.203,18.573,18.874,21.889,20.435,19.221,19.376,21.28,20.43,16.576,17.101,21.115,15.037,20.749,20.579,18.276,17.121,16.949,16.784,18.116,18.532,18.874,21.969,20.549,19.355,22.159,10.994,10.112,16.451,8.558,8.497,15.19,14.534,21.088,16.706,15.212,15.159,11.265,8.009,10.86,17.524,10.872,13.04,8.166,21.845,11.014,10.243,16.576,8.615,8.5,15.208,14.527,20.84,16.809,15.198,14.956,11.465,8.165,10.694,17.688,10.808,13.174,8.052,24.35
2026-01-02 15:18:00,19.281,21.394,20.484,16.404,16.985,21.28,15.243,20.854,20.84,18.194,17.178,16.875,17.059,18.173,18.588,18.925,21.89,20.547,19.082,19.376,21.28,20.43,16.576,17.101,21.115,15.037,20.749,20.579,18.276,17.121,16.949,16.784,18.116,18.532,18.874,21.969,20.549,19.355,22.118,10.912,10.102,16.582,8.457,8.314,15.086,14.486,21.081,16.932,15.363,15.099,11.424,7.998,10.798,17.557,11.011,13.126,7.942,21.845,11.014,10.243,16.576,8.615,8.5,15.208,14.527,20.84,16.809,15.198,14.956,11.465,8.165,10.694,17.688,10.808,13.174,8.052,24.31
2026-01-02 15:20:00,19.327,21.164,20.532,16.746,17.141,20.997,13.653,20.846,20.554,18.251,16.997,16.987,16.817,18.222,18.426,18.879,21.804,19.113,19.365,19.376,21.28,20.43,16.576,17.101,21.115,15.037,20.749,20.579,18.276,17.121,16.949,16.784,18.116,18.532,18.874,21.969,20.549,19.355,21.918,11.066,10.324,16.501,8.667,8.29,17.158,14.302,20.884,16.864,15.36,15.029,11.322,8.123,10.818,17.814,10.728,15.626,8.272,21.845,11.014,10.243,16.576,8.615,8.5,15.208,14.527,20.84,16.809,15.198,14.956,11.465,8.165,10.694,17.688,10.808,13.174,8.052,14.0
2026-01-02 15:22:00,19.339,21.399,20.283,16.775,17.16,21.194,15.08,20.672,20.521,18.402,17.129,16.997,16.751,18.228,18.621,18.726,22.217,20.686,19.467,19.376,21.28,20.43,16.576,17.101,21.115,15.037,20.749,20.579,18.276,17.121,16.949,16.784,18.116,18.532,18.874,21.969,20.549,19.355,21.741,11.095,10.323,16.562,8.668,8.726,15.282,14.562,20.83,16.762,15.023,14.804,11.247,8.131,10.552,17.443,10.98,13.143,8.198,21.845,11.014,10.243,16.576,8.615,8.5,15.208,14.527,20.84,16.809,15.198,14.956,11.465,8.165,10.694,17.688,10.808,13.174,8.052,23.66
2026-01-02 15:24:00,19.426,21.284,20.545,16.902,17.101,20.992,15.043,20.768,20.707,18.136,17.078,16.92,16.913,18.261,,19.015,21.991,20.571,19.087,19.376,21.28,20.43,16.576,17.101,21.115,15.037,20.749,20.579,18.276,17.121,16.949,16.784,18.116,18.532,18.874,21.969,20.549,19.355,22.051,11.245,10.238,16.222,8.688,8.493,14.985,14.153,21.004,16.974,15.396,15.178,11.652,8.248,10.757,17.846,10.897,13.203,8.155,21.845,11.014,10.243,16.576,8.615,8.5,15.208,14.527,20.84,16.809,15.198,14.956,11.465,,10.694,17.688,10.808,13.174,8.052,24.42
2026-01-02 15:26:00,19.276,21.152,20.493,16.594,16.978,21.128,15.029,18.4,20.519,18.195,17.276,16.923,15.408,18.014,18.51,18.841,21.856,20.641,19.197,19.376,21.28,20.43,16.576,17.101,21.115,15.037,20.749,20.579,18.276,17.121,16.949,16.784,18.116,18.532,18.874,21.969,20.549,19.355,21.779,10.902,10.549,16.921,8.812,8.392,15.161,16.969,20.925,16.798,15.473,14.979,12.521,8.179,10.608,17.844,10.566,13.192,8.172,21.845,11.014,10.243,16.576,8.615,8.5,15.208,14.527,20.84,16.809,15.198,14.956,11.465,8.165,10.694,17.688,10.808,13.174,8.052,12.98
2026-01-02 15:28:00,19.409,21.027,19.338,16.586,17.242,21.364,12.727,20.754,20.428,18.224,17.133,16.222,16.883,18.18,18.654,18.796,21.99,20.427,19.338,19.376,21.28,20.43,16.576,17.101,21.115,15.037,20.749,20.579,18.276,17.121,16.949,16.784,18.116,18.532,18.874,21.969,20.549,19.355,22.098,11.123,11.262,16.71,8.744,8.526,16.736,14.352,20.801,16.852,15.627,15.926,11.501,7.92,10.525,17.608,10.798,13.165,8.223,21.845,11.014,10.243,16.576,8.615,8.5,15.208,14.527,20.84,16.809,15.198,14.956,11.465,8.165,10.694,17.688,10.808,13.174,8.052,13.13
2026-01-02 15:30:00,19.049,21.271,20.439,16.524,17.055,20.912,12.998,20.679,20.609,18.333,15.877,16.934,16.829,18.01,18.656,19.122,22.016,20.493,19.384,19.376,21.28,20.43,16.576,17.101,21.115,15.037,20.749,20.579,18.276,17.121,16.949,16.784,18.116,18.532,18.874,21.969,20.549,19.355,22.087,11.215,10.153,16.519,8.5,8.286,16.245,14.597,20.727,16.914,17.789,14.891,11.483,8.189,11.136,17.595,10.865,12.977,8.003,21.845,11.014,10.243,16.576,8.615,8.5,15.208,14.527,,16.809,15.198,14.956,11.465,8.165,10.694,17.688,10.808,13.174,8.052,14.06
2026-01-02 15:32:00,19.518,21.435,20.271,16.618,17.016,21.064,15.072,20.815,20.548,18.176,17.099,16.827,16.995,17.931,18.606,18.89,21.971,20.425,19.298,19.376,21.28,20.43,16.576,17.101,21.115,15.037,20.749,20.579,18.276,17.121,16.949,16.784,18.116,18.532,18.874,21.969,20.549,19.355,22.075,11.114,10.537,16.33,8.495,8.531,15.058,14.434,20.644,16.921,15.146,14.952,11.278,8.111,,17.809,10.818,13.052,8.018,21.845,11.014,10.243,16.576,8.615,8.5,15.208,14.527,20.84,16.809,15.198,14.956,11.465,8.165,10.694,17.688,10.808,13.174,8.052,24.66
2026-01-02 15:34:00,19.337,21.217,20.402,16.591,17.049,21.169,15.125,20.685,20.668,18.283,17.055,17.006,16.918,18.078,18.314,18.968,22.088,20.416,19.339,19.376,21.28,20.43,16.576,17.101,21.115,15.037,20.749,20.579,18.276,17.121,16.949,16.784,18.116,18.532,18.874,21.969,20.549,19.355,21.864,11.315,10.282,16.549,8.596,8.345,15.252,14.378,20.737,16.752,15.533,15.226,11.442,8.299,10.731,17.793,10.807,13.298,8.321,21.845,11.014,10.243,16.576,8.615,8.5,15.208,14.527,20.84,16.809,15.198,14.956,11.465,8.165,10.694,17.688,10.808,13.174,8.052,23.67
2026-01-02 15:36:00,18.757,20.997,20.523,16.663,17.198,21.293,14.91,20.861,20.851,18.005,17.076,17.032,16.696,17.895,18.568,18.893,21.88,20.576,19.463,19.376,21.28,20.43,16.576,17.101,21.115,15.037,20.749,20.579,18.276,17.121,16.949,16.784,18.116,18.532,18.874,21.969,20.549,19.355,23.615,11.22,10.256,16.718,8.466,8.603,15.097,14.43,20.868,17.166,15.263,15.15,11.57,8.136,10.525,17.549,10.549,13.249,8.055,21.845,11.014,10.243,16.576,8.615,8.5,15.208,14.527,20.84,16.809,15.198,14.956,11.465,8.165,10.694,17.688,10.808,13.174,8.052,21.05
2026-01-02 15:38:00,19.494,21.329,20.279,16.537,16.825,20.984,15.054,20.811,20.573,16.848,16.883,16.792,16.642,18.041,16.352,19.132,22.085,20.421,19.271,19.376,21.28,20.43,16.576,17.101,21.115,15.037,20.749,20.579,18.276,17.121,16.949,16.784,18.116,18.532,18.874,21.969,20.549,19.355,21.878,11.1,10.556,16.538,8.672,8.593,15.336,14.506,21.054,19.2,15.22,14.7,11.505,8.153,12.332,17.592,10.899,13.308,8.451,21.845,11.014,10.243,16.576,8.615,8.5,15.208,14.527,20.84,16.809,15.198,14.956,11.465,8.165,10.694,17.688,10.808,13.174,8.052,11.98
2026-01-02 15:40:00,19.305,21.205,20.362,16.326,17.237,21.191,15.109,20.756,20.63,18.227,16.878,16.958,16.782,17.952,18.256,19.006,21.84,20.518,19.266,19.376,21.28,20.43,16.576,17.101,21.115,15.037,20.749,20.579,18.276,17.121,16.949,16.784,18.116,18.532,18.874,21.969,20.549,19.355,21.77,11.122,10.346,16.794,8.549,8.417,15.222,14.451,20.86,16.715,15.225,15.137,11.493,8.247,10.827,17.826,10.88,12.945,7.894,21.845,11.014,10.243,16.576,8.615,8.5,15.208,14.527,20.84,16.809,15.198,14.956,11.465,8.165,10.694,17.688,10.808,13.174,8.052,24.52
2026-01-02 15:42:00,19.572,21.095,20.55,16.266,17.206,21.049,14.759,20.749,20.564,18.075,17.157,16.939,16.835,17.94,18.435,18.751,21.976,20.478,19.227,19.376,21.28,20.43,16.576,17.101,21.115,15.037,20.749,20.579,18.276,17.121,16.949,16.784,18.116,18.532,18.874,21.969,20.549,19.355,22.077,10.91,10.232,16.746,8.492,8.195,15.086,14.66,20.998,16.913,15.553,15.154,11.185,7.895,10.675,17.416,10.958,12.872,8.061,21.845,11.014,10.243,16.576,8.615,8.5,15.208,14.527,20.84,16.809,15.198,14.956,11.465,8.165,10.694,17.688,10.808,13.174,8.052,24.45
2026-01-02 15:44:00,19.535,21.209,20.555,16.67,17.008,20.886,15.054,20.823,20.714,18.316,17.167,16.866,16.69,18.497,18.663,18.707,21.999,20.598,19.133,19.376,21.28,20.43,16.576,17.101,21.115,15.037,20.749,20.579,18.276,17.121,16.949,16.784,18.116,18.532,18.874,21.969,20.549,19.355,21.693,11.108,10.556,16.592,8.237,8.397,15.088,14.536,21.071,16.744,15.092,14.741,11.222,7.968,10.668,17.782,10.838,13.09,8.106,21.845,11.014,10.243,16.576,8.615,8.5,15.208,14.527,20.84,16.809,15.198,14.956,11.465,8.165,10.694,17.688,10.808,13.174,8.052,24.14
2026-01-02 15:46:00,19.335,21.342,20.624,16.766,17.052,21.07,14.975,20.77,20.678,18.144,17.094,16.872,16.685,18.048,18.748,19.08,22.141,20.342,19.387,19.376,21.28,20.43,16.576,17.101,21.115,15.037,20.749,20.579,18.276,17.121,16.949,16.784,18.116,18.532,18.874,21.969,20.549,19.355,21.739,11.172,10.046,16.324,8.632,8.402,15.416,14.435,20.894,16.862,15.387,15.157,11.268,7.865,10.579,17.783,10.939,13.084,8.346,21.845,11.014,10.243,16.576,8.615,8.5,15.208,14.527,20.84,16.809,15.198,14.956,11.465,8.165,10.694,17.688,10.808,13.174,8.052,24.86
2026-01-02 15:48:00,19.661,21.326,20.339,16.644,17.065,21.061,15.063,20.801,20.554,18.268,16.992,16.939,16.866,18.122,18.506,18.695,22.1,20.403,19.433,19.376,21.28,20.43,16.576,17.101,21.115,15.037,20.749,20.579,18.276,17.121,16.949,16.784,18.116,18.532,18.874,21.969,20.549,19.355,21.832,11.229,10.237,16.368,8.541,8.642,15.377,14.556,21.172,16.864,15.313,15.059,11.439,8.007,10.73,17.691,10.763,13.242,8.03,21.845,11.014,10.243,16.576,8.615,8.5,15.208,14.527,20.84,16.809,15.198,14.956,11.465,8.165,10.694,17.688,10.808,13.174,8.052,24.35
2026-01-02 15:50:00,19.327,21.373,20.551,16.534,16.729,20.862,14.914,20.632,20.61,18.511,17.197,16.928,16.943,18.088,18.632,18.915,21.73,20.662,19.565,19.376,21.28,20.43,16.576,17.101,21.115,15.037,20.749,20.579,18.276,17.121,16.949,16.784,18.116,18.532,18.874,21.969,20.549,19.355,22.03,11.171,10.196,16.825,8.635,8.291,15.04,14.484,20.954,16.747,15.398,15.314,11.352,8.214,10.591,17.912,10.566,13.331,8.018,21.845,11.014,10.243,16.576,8.615,8.5,15.208,14.527,20.84,16.809,15.198,14.956,11.465,8.165,10.694,17.688,10.808,13.174,8.052,23.01
2026-01-02 15:52:00,19.33,21.37,20.488,16.54,17.052,21.232,14.955,20.68,20.678,18.384,17.307,15.463,16.619,18.244,18.342,18.821,21.939,20.754,19.356,19.376,21.28,20.43,16.576,17.101,21.115,15.037,20.749,20.579,18.276,17.121,16.949,16.784,18.116,18.532,18.874,21.969,20.549,19.355,21.891,11.082,10.176,16.472,8.921,8.614,15.295,14.78,20.763,16.974,15.198,16.007,11.385,8.215,10.585,17.565,10.937,13.218,8.002,21.845,11.014,10.243,16.576,8.615,8.5,15.208,14.527,20.84,16.809,15.198,14.956,11.465,8.165,10.694,17.688,10.808,13.174,8.052,20.58
2026-01-02 15:54:00,19.226,21.274,20.588,16.355,16.939,21.236,15.049,20.623,20.551,18.281,16.979,16.877,16.957,18.151,18.664,18.867,21.898,20.583,19.242,19.376,21.28,20.43,16.576,17.101,21.115,15.037,20.749,20.579,18.276,17.121,16.949,16.784,18.116,18.532,18.874,21.969,20.549,19.355,21.629,11.129,10.439,16.619,8.736,8.499,15.412,14.712,20.912,16.983,15.213,15.213,,8.173,10.909,17.76,10.81,13.237,8.006,21.845,11.014,10.243,16.576,8.615,8.5,15.208,14.527,20.84,16.809,15.198,14.956,11.465,8.165,10.694,17.688,10.808,13.174,8.052,24.47
2026-01-02 15:56:00,19.417,21.24,20.391,16.541,16.983,21.277,14.852,20.772,20.424,18.382,17.091,16.968,16.838,18.156,18.551,18.916,22.008,20.49,19.317,19.376,21.28,20.43,16.576,17.101,21.115,15.037,20.749,20.579,18.276,17.121,16.949,16.784,18.116,18.532,18.874,21.969,20.549,19.355,21.964,11.03,10.282,16.908,8.274,8.468,15.437,14.436,20.674,17.037,15.483,14.925,11.534,8.136,10.583,17.802,10.936,13.207,7.921,21.845,11.014,10.243,16.576,8.615,8.5,15.208,14.527,20.84,16.809,15.198,14.956,11.465,8.165,10.694,17.688,10.808,13.174,8.052,24.15
2026-01-02 15:58:00,19.344,21.191,20.362,16.733,16.925,21.316,14.971,20.821,20.577,18.251,17.186,17.151,16.767,18.109,18.464,19.116,22.107,20.681,19.357,19.376,21.28,20.43,16.576,17.101,21.115,15.037,20.749,20.579,18.276,17.121,16.949,16.784,18.116,18.532,18.874,21.969,20.549,19.355,21.897,10.952,10.185,16.633,8.646,8.315,15.348,14.485,20.813,16.66,15.107,14.752,11.463,8.062,10.645,17.878,10.718,13.323,7.938,21.845,11.014,10.243,16.576,8.615,8.5,15.208,14.527,20.84,16.809,15.198,14.956,11.465,8.165,10.694,17.688,10.808,13.174,8.052,24.06
